dataset_name,series_id,source_file,span_start_index,span_end_index_exclusive,span_length,span_ordinal_in_series,split,entity_id,spacecraft
anomaly_archive,DISTORTED1sddb40,data/AnomalyArchive/001_UCR_Anomaly_DISTORTED1sddb40_35000_52000_52620.txt,52000,52620,620,1,test,DISTORTED1sddb40,
anomaly_archive,DISTORTED2sddb40,data/AnomalyArchive/002_UCR_Anomaly_DISTORTED2sddb40_35000_56600_56900.txt,56600,56900,300,1,test,DISTORTED2sddb40,
anomaly_archive,DISTORTED3sddb40,data/AnomalyArchive/003_UCR_Anomaly_DISTORTED3sddb40_35000_46600_46900.txt,46600,46900,300,1,test,DISTORTED3sddb40,
anomaly_archive,DISTORTEDBIDMC1,data/AnomalyArchive/004_UCR_Anomaly_DISTORTEDBIDMC1_2500_5400_5600.txt,5400,5600,200,1,test,DISTORTEDBIDMC1,
anomaly_archive,DISTORTEDCIMIS44AirTemperature1,data/AnomalyArchive/005_UCR_Anomaly_DISTORTEDCIMIS44AirTemperature1_4000_5391_5392.txt,5391,5392,1,1,test,DISTORTEDCIMIS44AirTemperature1,
anomaly_archive,DISTORTEDCIMIS44AirTemperature2,data/AnomalyArchive/006_UCR_Anomaly_DISTORTEDCIMIS44AirTemperature2_4000_5703_5727.txt,5703,5727,24,1,test,DISTORTEDCIMIS44AirTemperature2,
anomaly_archive,DISTORTEDCIMIS44AirTemperature3,data/AnomalyArchive/007_UCR_Anomaly_DISTORTEDCIMIS44AirTemperature3_4000_6520_6544.txt,6520,6544,24,1,test,DISTORTEDCIMIS44AirTemperature3,
anomaly_archive,DISTORTEDCIMIS44AirTemperature4,data/AnomalyArchive/008_UCR_Anomaly_DISTORTEDCIMIS44AirTemperature4_4000_5549_5597.txt,5549,5597,48,1,test,DISTORTEDCIMIS44AirTemperature4,
anomaly_archive,DISTORTEDCIMIS44AirTemperature5,data/AnomalyArchive/009_UCR_Anomaly_DISTORTEDCIMIS44AirTemperature5_4000_4852_4900.txt,4852,4900,48,1,test,DISTORTEDCIMIS44AirTemperature5,
anomaly_archive,DISTORTEDCIMIS44AirTemperature6,data/AnomalyArchive/010_UCR_Anomaly_DISTORTEDCIMIS44AirTemperature6_4000_6006_6054.txt,6006,6054,48,1,test,DISTORTEDCIMIS44AirTemperature6,
anomaly_archive,DISTORTEDECG1,data/AnomalyArchive/011_UCR_Anomaly_DISTORTEDECG1_10000_11800_12100.txt,11800,12100,300,1,test,DISTORTEDECG1,
anomaly_archive,DISTORTEDECG2,data/AnomalyArchive/012_UCR_Anomaly_DISTORTEDECG2_15000_16000_16100.txt,16000,16100,100,1,test,DISTORTEDECG2,
anomaly_archive,DISTORTEDECG3,data/AnomalyArchive/013_UCR_Anomaly_DISTORTEDECG3_15000_16000_16100.txt,16000,16100,100,1,test,DISTORTEDECG3,
anomaly_archive,DISTORTEDECG3,data/AnomalyArchive/014_UCR_Anomaly_DISTORTEDECG3_8000_17000_17100.txt,17000,17100,100,1,test,DISTORTEDECG3,
anomaly_archive,DISTORTEDECG4,data/AnomalyArchive/015_UCR_Anomaly_DISTORTEDECG4_5000_16800_17100.txt,16800,17100,300,1,test,DISTORTEDECG4,
anomaly_archive,DISTORTEDECG4,data/AnomalyArchive/016_UCR_Anomaly_DISTORTEDECG4_5000_16900_17100.txt,16900,17100,200,1,test,DISTORTEDECG4,
anomaly_archive,DISTORTEDECG4,data/AnomalyArchive/017_UCR_Anomaly_DISTORTEDECG4_5000_17000_17100.txt,17000,17100,100,1,test,DISTORTEDECG4,
anomaly_archive,DISTORTEDECG4,data/AnomalyArchive/018_UCR_Anomaly_DISTORTEDECG4_8000_17000_17100.txt,17000,17100,100,1,test,DISTORTEDECG4,
anomaly_archive,DISTORTEDGP711MarkerLFM5z1,data/AnomalyArchive/019_UCR_Anomaly_DISTORTEDGP711MarkerLFM5z1_5000_6168_6212.txt,6168,6212,44,1,test,DISTORTEDGP711MarkerLFM5z1,
anomaly_archive,DISTORTEDGP711MarkerLFM5z2,data/AnomalyArchive/020_UCR_Anomaly_DISTORTEDGP711MarkerLFM5z2_5000_7175_7388.txt,7175,7388,213,1,test,DISTORTEDGP711MarkerLFM5z2,
anomaly_archive,DISTORTEDGP711MarkerLFM5z3,data/AnomalyArchive/021_UCR_Anomaly_DISTORTEDGP711MarkerLFM5z3_5000_5948_5993.txt,5948,5993,45,1,test,DISTORTEDGP711MarkerLFM5z3,
anomaly_archive,DISTORTEDGP711MarkerLFM5z4,data/AnomalyArchive/022_UCR_Anomaly_DISTORTEDGP711MarkerLFM5z4_4000_6527_6645.txt,6527,6645,118,1,test,DISTORTEDGP711MarkerLFM5z4,
anomaly_archive,DISTORTEDGP711MarkerLFM5z5,data/AnomalyArchive/023_UCR_Anomaly_DISTORTEDGP711MarkerLFM5z5_5000_8612_8716.txt,8612,8716,104,1,test,DISTORTEDGP711MarkerLFM5z5,
anomaly_archive,DISTORTEDInternalBleeding10,data/AnomalyArchive/024_UCR_Anomaly_DISTORTEDInternalBleeding10_3200_4526_4556.txt,4526,4556,30,1,test,DISTORTEDInternalBleeding10,
anomaly_archive,DISTORTEDInternalBleeding14,data/AnomalyArchive/025_UCR_Anomaly_DISTORTEDInternalBleeding14_2800_5607_5634.txt,5607,5634,27,1,test,DISTORTEDInternalBleeding14,
anomaly_archive,DISTORTEDInternalBleeding15,data/AnomalyArchive/026_UCR_Anomaly_DISTORTEDInternalBleeding15_1700_5684_5854.txt,5684,5854,170,1,test,DISTORTEDInternalBleeding15,
anomaly_archive,DISTORTEDInternalBleeding16,data/AnomalyArchive/027_UCR_Anomaly_DISTORTEDInternalBleeding16_1200_4187_4199.txt,4187,4199,12,1,test,DISTORTEDInternalBleeding16,
anomaly_archive,DISTORTEDInternalBleeding17,data/AnomalyArchive/028_UCR_Anomaly_DISTORTEDInternalBleeding17_1600_3198_3309.txt,3198,3309,111,1,test,DISTORTEDInternalBleeding17,
anomaly_archive,DISTORTEDInternalBleeding18,data/AnomalyArchive/029_UCR_Anomaly_DISTORTEDInternalBleeding18_2300_4485_4587.txt,4485,4587,102,1,test,DISTORTEDInternalBleeding18,
anomaly_archive,DISTORTEDInternalBleeding19,data/AnomalyArchive/030_UCR_Anomaly_DISTORTEDInternalBleeding19_3000_4187_4197.txt,4187,4197,10,1,test,DISTORTEDInternalBleeding19,
anomaly_archive,DISTORTEDInternalBleeding20,data/AnomalyArchive/031_UCR_Anomaly_DISTORTEDInternalBleeding20_2700_5759_5919.txt,5759,5919,160,1,test,DISTORTEDInternalBleeding20,
anomaly_archive,DISTORTEDInternalBleeding4,data/AnomalyArchive/032_UCR_Anomaly_DISTORTEDInternalBleeding4_1000_4675_5033.txt,4675,5033,358,1,test,DISTORTEDInternalBleeding4,
anomaly_archive,DISTORTEDInternalBleeding5,data/AnomalyArchive/033_UCR_Anomaly_DISTORTEDInternalBleeding5_4000_6200_6370.txt,6200,6370,170,1,test,DISTORTEDInternalBleeding5,
anomaly_archive,DISTORTEDInternalBleeding6,data/AnomalyArchive/034_UCR_Anomaly_DISTORTEDInternalBleeding6_1500_3474_3629.txt,3474,3629,155,1,test,DISTORTEDInternalBleeding6,
anomaly_archive,DISTORTEDInternalBleeding8,data/AnomalyArchive/035_UCR_Anomaly_DISTORTEDInternalBleeding8_2500_5865_5974.txt,5865,5974,109,1,test,DISTORTEDInternalBleeding8,
anomaly_archive,DISTORTEDInternalBleeding9,data/AnomalyArchive/036_UCR_Anomaly_DISTORTEDInternalBleeding9_4200_6599_6681.txt,6599,6681,82,1,test,DISTORTEDInternalBleeding9,
anomaly_archive,DISTORTEDLab2Cmac011215EPG1,data/AnomalyArchive/037_UCR_Anomaly_DISTORTEDLab2Cmac011215EPG1_5000_17210_17260.txt,17210,17260,50,1,test,DISTORTEDLab2Cmac011215EPG1,
anomaly_archive,DISTORTEDLab2Cmac011215EPG2,data/AnomalyArchive/038_UCR_Anomaly_DISTORTEDLab2Cmac011215EPG2_5000_27862_27932.txt,27862,27932,70,1,test,DISTORTEDLab2Cmac011215EPG2,
anomaly_archive,DISTORTEDLab2Cmac011215EPG3,data/AnomalyArchive/039_UCR_Anomaly_DISTORTEDLab2Cmac011215EPG3_5000_16390_16420.txt,16390,16420,30,1,test,DISTORTEDLab2Cmac011215EPG3,
anomaly_archive,DISTORTEDLab2Cmac011215EPG4,data/AnomalyArchive/040_UCR_Anomaly_DISTORTEDLab2Cmac011215EPG4_6000_17390_17520.txt,17390,17520,130,1,test,DISTORTEDLab2Cmac011215EPG4,
anomaly_archive,DISTORTEDLab2Cmac011215EPG5,data/AnomalyArchive/041_UCR_Anomaly_DISTORTEDLab2Cmac011215EPG5_7000_17390_17520.txt,17390,17520,130,1,test,DISTORTEDLab2Cmac011215EPG5,
anomaly_archive,DISTORTEDLab2Cmac011215EPG6,data/AnomalyArchive/042_UCR_Anomaly_DISTORTEDLab2Cmac011215EPG6_7000_12190_12420.txt,12190,12420,230,1,test,DISTORTEDLab2Cmac011215EPG6,
anomaly_archive,DISTORTEDMesoplodonDensirostris,data/AnomalyArchive/043_UCR_Anomaly_DISTORTEDMesoplodonDensirostris_10000_19280_19440.txt,19280,19440,160,1,test,DISTORTEDMesoplodonDensirostris,
anomaly_archive,DISTORTEDPowerDemand1,data/AnomalyArchive/044_UCR_Anomaly_DISTORTEDPowerDemand1_9000_18485_18821.txt,18485,18821,336,1,test,DISTORTEDPowerDemand1,
anomaly_archive,DISTORTEDPowerDemand2,data/AnomalyArchive/045_UCR_Anomaly_DISTORTEDPowerDemand2_14000_23357_23717.txt,23357,23717,360,1,test,DISTORTEDPowerDemand2,
anomaly_archive,DISTORTEDPowerDemand3,data/AnomalyArchive/046_UCR_Anomaly_DISTORTEDPowerDemand3_16000_23405_23477.txt,23405,23477,72,1,test,DISTORTEDPowerDemand3,
anomaly_archive,DISTORTEDPowerDemand4,data/AnomalyArchive/047_UCR_Anomaly_DISTORTEDPowerDemand4_18000_24005_24077.txt,24005,24077,72,1,test,DISTORTEDPowerDemand4,
anomaly_archive,DISTORTEDTkeepFifthMARS,data/AnomalyArchive/048_UCR_Anomaly_DISTORTEDTkeepFifthMARS_3500_5988_6085.txt,5988,6085,97,1,test,DISTORTEDTkeepFifthMARS,
anomaly_archive,DISTORTEDTkeepFirstMARS,data/AnomalyArchive/049_UCR_Anomaly_DISTORTEDTkeepFirstMARS_3500_5365_5380.txt,5365,5380,15,1,test,DISTORTEDTkeepFirstMARS,
anomaly_archive,DISTORTEDTkeepForthMARS,data/AnomalyArchive/050_UCR_Anomaly_DISTORTEDTkeepForthMARS_3500_5988_6085.txt,5988,6085,97,1,test,DISTORTEDTkeepForthMARS,
anomaly_archive,DISTORTEDTkeepSecondMARS,data/AnomalyArchive/051_UCR_Anomaly_DISTORTEDTkeepSecondMARS_3500_9330_9340.txt,9330,9340,10,1,test,DISTORTEDTkeepSecondMARS,
anomaly_archive,DISTORTEDTkeepThirdMARS,data/AnomalyArchive/052_UCR_Anomaly_DISTORTEDTkeepThirdMARS_3500_4711_4809.txt,4711,4809,98,1,test,DISTORTEDTkeepThirdMARS,
anomaly_archive,DISTORTEDWalkingAceleration1,data/AnomalyArchive/053_UCR_Anomaly_DISTORTEDWalkingAceleration1_1500_2764_2995.txt,2764,2995,231,1,test,DISTORTEDWalkingAceleration1,
anomaly_archive,DISTORTEDWalkingAceleration5,data/AnomalyArchive/054_UCR_Anomaly_DISTORTEDWalkingAceleration5_2700_5920_5979.txt,5920,5979,59,1,test,DISTORTEDWalkingAceleration5,
anomaly_archive,DISTORTEDapneaecg2,data/AnomalyArchive/055_UCR_Anomaly_DISTORTEDapneaecg2_10000_20950_21100.txt,20950,21100,150,1,test,DISTORTEDapneaecg2,
anomaly_archive,DISTORTEDapneaecg3,data/AnomalyArchive/056_UCR_Anomaly_DISTORTEDapneaecg3_5000_11111_11211.txt,11111,11211,100,1,test,DISTORTEDapneaecg3,
anomaly_archive,DISTORTEDapneaecg4,data/AnomalyArchive/057_UCR_Anomaly_DISTORTEDapneaecg4_6000_16000_16100.txt,16000,16100,100,1,test,DISTORTEDapneaecg4,
anomaly_archive,DISTORTEDapneaecg,data/AnomalyArchive/058_UCR_Anomaly_DISTORTEDapneaecg_10000_12240_12308.txt,12240,12308,68,1,test,DISTORTEDapneaecg,
anomaly_archive,DISTORTEDgait1,data/AnomalyArchive/059_UCR_Anomaly_DISTORTEDgait1_20000_38500_38800.txt,38500,38800,300,1,test,DISTORTEDgait1,
anomaly_archive,DISTORTEDgait2,data/AnomalyArchive/060_UCR_Anomaly_DISTORTEDgait2_22000_46500_46800.txt,46500,46800,300,1,test,DISTORTEDgait2,
anomaly_archive,DISTORTEDgait3,data/AnomalyArchive/061_UCR_Anomaly_DISTORTEDgait3_24500_59900_60500.txt,59900,60500,600,1,test,DISTORTEDgait3,
anomaly_archive,DISTORTEDgaitHunt1,data/AnomalyArchive/062_UCR_Anomaly_DISTORTEDgaitHunt1_18500_33070_33180.txt,33070,33180,110,1,test,DISTORTEDgaitHunt1,
anomaly_archive,DISTORTEDgaitHunt2,data/AnomalyArchive/063_UCR_Anomaly_DISTORTEDgaitHunt2_18500_31200_31850.txt,31200,31850,650,1,test,DISTORTEDgaitHunt2,
anomaly_archive,DISTORTEDgaitHunt3,data/AnomalyArchive/064_UCR_Anomaly_DISTORTEDgaitHunt3_23400_38400_39200.txt,38400,39200,800,1,test,DISTORTEDgaitHunt3,
anomaly_archive,DISTORTEDinsectEPG1,data/AnomalyArchive/065_UCR_Anomaly_DISTORTEDinsectEPG1_3000_7000_7030.txt,7000,7030,30,1,test,DISTORTEDinsectEPG1,
anomaly_archive,DISTORTEDinsectEPG2,data/AnomalyArchive/066_UCR_Anomaly_DISTORTEDinsectEPG2_3700_8000_8025.txt,8000,8025,25,1,test,DISTORTEDinsectEPG2,
anomaly_archive,DISTORTEDinsectEPG3,data/AnomalyArchive/067_UCR_Anomaly_DISTORTEDinsectEPG3_5200_7000_7050.txt,7000,7050,50,1,test,DISTORTEDinsectEPG3,
anomaly_archive,DISTORTEDinsectEPG4,data/AnomalyArchive/068_UCR_Anomaly_DISTORTEDinsectEPG4_1300_6508_6558.txt,6508,6558,50,1,test,DISTORTEDinsectEPG4,
anomaly_archive,DISTORTEDinsectEPG5,data/AnomalyArchive/069_UCR_Anomaly_DISTORTEDinsectEPG5_3200_8500_8501.txt,8500,8501,1,1,test,DISTORTEDinsectEPG5,
anomaly_archive,DISTORTEDltstdbs30791AI,data/AnomalyArchive/070_UCR_Anomaly_DISTORTEDltstdbs30791AI_17555_52600_52800.txt,52600,52800,200,1,test,DISTORTEDltstdbs30791AI,
anomaly_archive,DISTORTEDltstdbs30791AS,data/AnomalyArchive/071_UCR_Anomaly_DISTORTEDltstdbs30791AS_23000_52600_52800.txt,52600,52800,200,1,test,DISTORTEDltstdbs30791AS,
anomaly_archive,DISTORTEDltstdbs30791ES,data/AnomalyArchive/072_UCR_Anomaly_DISTORTEDltstdbs30791ES_20000_52600_52800.txt,52600,52800,200,1,test,DISTORTEDltstdbs30791ES,
anomaly_archive,DISTORTEDpark3m,data/AnomalyArchive/073_UCR_Anomaly_DISTORTEDpark3m_60000_72150_72495.txt,72150,72495,345,1,test,DISTORTEDpark3m,
anomaly_archive,DISTORTEDqtdbSel1005V,data/AnomalyArchive/074_UCR_Anomaly_DISTORTEDqtdbSel1005V_4000_12400_12800.txt,12400,12800,400,1,test,DISTORTEDqtdbSel1005V,
anomaly_archive,DISTORTEDqtdbSel100MLII,data/AnomalyArchive/075_UCR_Anomaly_DISTORTEDqtdbSel100MLII_4000_13400_13800.txt,13400,13800,400,1,test,DISTORTEDqtdbSel100MLII,
anomaly_archive,DISTORTEDresperation10,data/AnomalyArchive/076_UCR_Anomaly_DISTORTEDresperation10_48000_130700_131880.txt,130700,131880,1180,1,test,DISTORTEDresperation10,
anomaly_archive,DISTORTEDresperation11,data/AnomalyArchive/077_UCR_Anomaly_DISTORTEDresperation11_58000_110800_110801.txt,110800,110801,1,1,test,DISTORTEDresperation11,
anomaly_archive,DISTORTEDresperation1,data/AnomalyArchive/078_UCR_Anomaly_DISTORTEDresperation1_100000_110260_110412.txt,110260,110412,152,1,test,DISTORTEDresperation1,
anomaly_archive,DISTORTEDresperation2,data/AnomalyArchive/079_UCR_Anomaly_DISTORTEDresperation2_30000_168250_168250.txt,168250,168250,0,1,test,DISTORTEDresperation2,
anomaly_archive,DISTORTEDresperation2,data/AnomalyArchive/080_UCR_Anomaly_DISTORTEDresperation2_30000_168250_168251.txt,168250,168251,1,1,test,DISTORTEDresperation2,
anomaly_archive,DISTORTEDresperation3,data/AnomalyArchive/081_UCR_Anomaly_DISTORTEDresperation3_45000_158250_158251.txt,158250,158251,1,1,test,DISTORTEDresperation3,
anomaly_archive,DISTORTEDresperation4,data/AnomalyArchive/082_UCR_Anomaly_DISTORTEDresperation4_70000_128430_128431.txt,128430,128431,1,1,test,DISTORTEDresperation4,
anomaly_archive,DISTORTEDresperation9,data/AnomalyArchive/083_UCR_Anomaly_DISTORTEDresperation9_38000_143411_143511.txt,143411,143511,100,1,test,DISTORTEDresperation9,
anomaly_archive,DISTORTEDs20101mML2,data/AnomalyArchive/084_UCR_Anomaly_DISTORTEDs20101mML2_12000_35774_35874.txt,35774,35874,100,1,test,DISTORTEDs20101mML2,
anomaly_archive,DISTORTEDs20101m,data/AnomalyArchive/085_UCR_Anomaly_DISTORTEDs20101m_10000_35774_35874.txt,35774,35874,100,1,test,DISTORTEDs20101m,
anomaly_archive,DISTORTEDsddb49,data/AnomalyArchive/086_UCR_Anomaly_DISTORTEDsddb49_20000_67950_68200.txt,67950,68200,250,1,test,DISTORTEDsddb49,
anomaly_archive,DISTORTEDsel840mECG1,data/AnomalyArchive/087_UCR_Anomaly_DISTORTEDsel840mECG1_17000_51370_51740.txt,51370,51740,370,1,test,DISTORTEDsel840mECG1,
anomaly_archive,DISTORTEDsel840mECG2,data/AnomalyArchive/088_UCR_Anomaly_DISTORTEDsel840mECG2_20000_49370_49740.txt,49370,49740,370,1,test,DISTORTEDsel840mECG2,
anomaly_archive,DISTORTEDtiltAPB1,data/AnomalyArchive/089_UCR_Anomaly_DISTORTEDtiltAPB1_100000_114283_114350.txt,114283,114350,67,1,test,DISTORTEDtiltAPB1,
anomaly_archive,DISTORTEDtiltAPB2,data/AnomalyArchive/090_UCR_Anomaly_DISTORTEDtiltAPB2_50000_124159_124985.txt,124159,124985,826,1,test,DISTORTEDtiltAPB2,
anomaly_archive,DISTORTEDtiltAPB3,data/AnomalyArchive/091_UCR_Anomaly_DISTORTEDtiltAPB3_40000_114000_114370.txt,114000,114370,370,1,test,DISTORTEDtiltAPB3,
anomaly_archive,DISTORTEDtiltAPB4,data/AnomalyArchive/092_UCR_Anomaly_DISTORTEDtiltAPB4_20000_67995_67996.txt,67995,67996,1,1,test,DISTORTEDtiltAPB4,
anomaly_archive,NOISE1sddb40,data/AnomalyArchive/093_UCR_Anomaly_NOISE1sddb40_35000_52000_52620.txt,52000,52620,620,1,test,NOISE1sddb40,
anomaly_archive,NOISEBIDMC1,data/AnomalyArchive/094_UCR_Anomaly_NOISEBIDMC1_2500_5400_5600.txt,5400,5600,200,1,test,NOISEBIDMC1,
anomaly_archive,NOISECIMIS44AirTemperature4,data/AnomalyArchive/095_UCR_Anomaly_NOISECIMIS44AirTemperature4_4000_5549_5597.txt,5549,5597,48,1,test,NOISECIMIS44AirTemperature4,
anomaly_archive,NOISEECG4,data/AnomalyArchive/096_UCR_Anomaly_NOISEECG4_5000_16900_17100.txt,16900,17100,200,1,test,NOISEECG4,
anomaly_archive,NOISEGP711MarkerLFM5z3,data/AnomalyArchive/097_UCR_Anomaly_NOISEGP711MarkerLFM5z3_5000_5948_5993.txt,5948,5993,45,1,test,NOISEGP711MarkerLFM5z3,
anomaly_archive,NOISEInternalBleeding16,data/AnomalyArchive/098_UCR_Anomaly_NOISEInternalBleeding16_1200_4187_4199.txt,4187,4199,12,1,test,NOISEInternalBleeding16,
anomaly_archive,NOISEInternalBleeding6,data/AnomalyArchive/099_UCR_Anomaly_NOISEInternalBleeding6_1500_3474_3629.txt,3474,3629,155,1,test,NOISEInternalBleeding6,
anomaly_archive,NOISELab2Cmac011215EPG1,data/AnomalyArchive/100_UCR_Anomaly_NOISELab2Cmac011215EPG1_5000_17210_17260.txt,17210,17260,50,1,test,NOISELab2Cmac011215EPG1,
anomaly_archive,NOISELab2Cmac011215EPG4,data/AnomalyArchive/101_UCR_Anomaly_NOISELab2Cmac011215EPG4_6000_17390_17520.txt,17390,17520,130,1,test,NOISELab2Cmac011215EPG4,
anomaly_archive,NOISEMesoplodonDensirostris,data/AnomalyArchive/102_UCR_Anomaly_NOISEMesoplodonDensirostris_10000_19280_19440.txt,19280,19440,160,1,test,NOISEMesoplodonDensirostris,
anomaly_archive,NOISETkeepThirdMARS,data/AnomalyArchive/103_UCR_Anomaly_NOISETkeepThirdMARS_3500_4711_4809.txt,4711,4809,98,1,test,NOISETkeepThirdMARS,
anomaly_archive,NOISEapneaecg4,data/AnomalyArchive/104_UCR_Anomaly_NOISEapneaecg4_6000_16000_16100.txt,16000,16100,100,1,test,NOISEapneaecg4,
anomaly_archive,NOISEgait3,data/AnomalyArchive/105_UCR_Anomaly_NOISEgait3_24500_59900_60500.txt,59900,60500,600,1,test,NOISEgait3,
anomaly_archive,NOISEgaitHunt2,data/AnomalyArchive/106_UCR_Anomaly_NOISEgaitHunt2_18500_31200_31850.txt,31200,31850,650,1,test,NOISEgaitHunt2,
anomaly_archive,NOISEinsectEPG3,data/AnomalyArchive/107_UCR_Anomaly_NOISEinsectEPG3_5200_7000_7050.txt,7000,7050,50,1,test,NOISEinsectEPG3,
anomaly_archive,NOISEresperation2,data/AnomalyArchive/108_UCR_Anomaly_NOISEresperation2_30000_168250_168250.txt,168250,168250,0,1,test,NOISEresperation2,
anomaly_archive,1sddb40,data/AnomalyArchive/109_UCR_Anomaly_1sddb40_35000_52000_52620.txt,52000,52620,620,1,test,1sddb40,
anomaly_archive,2sddb40,data/AnomalyArchive/110_UCR_Anomaly_2sddb40_35000_56600_56900.txt,56600,56900,300,1,test,2sddb40,
anomaly_archive,3sddb40,data/AnomalyArchive/111_UCR_Anomaly_3sddb40_35000_46600_46900.txt,46600,46900,300,1,test,3sddb40,
anomaly_archive,BIDMC1,data/AnomalyArchive/112_UCR_Anomaly_BIDMC1_2500_5400_5600.txt,5400,5600,200,1,test,BIDMC1,
anomaly_archive,CIMIS44AirTemperature1,data/AnomalyArchive/113_UCR_Anomaly_CIMIS44AirTemperature1_4000_5391_5392.txt,5391,5392,1,1,test,CIMIS44AirTemperature1,
anomaly_archive,CIMIS44AirTemperature2,data/AnomalyArchive/114_UCR_Anomaly_CIMIS44AirTemperature2_4000_5703_5727.txt,5703,5727,24,1,test,CIMIS44AirTemperature2,
anomaly_archive,CIMIS44AirTemperature3,data/AnomalyArchive/115_UCR_Anomaly_CIMIS44AirTemperature3_4000_6520_6544.txt,6520,6544,24,1,test,CIMIS44AirTemperature3,
anomaly_archive,CIMIS44AirTemperature4,data/AnomalyArchive/116_UCR_Anomaly_CIMIS44AirTemperature4_4000_5549_5597.txt,5549,5597,48,1,test,CIMIS44AirTemperature4,
anomaly_archive,CIMIS44AirTemperature5,data/AnomalyArchive/117_UCR_Anomaly_CIMIS44AirTemperature5_4000_4852_4900.txt,4852,4900,48,1,test,CIMIS44AirTemperature5,
anomaly_archive,CIMIS44AirTemperature6,data/AnomalyArchive/118_UCR_Anomaly_CIMIS44AirTemperature6_4000_6006_6054.txt,6006,6054,48,1,test,CIMIS44AirTemperature6,
anomaly_archive,ECG1,data/AnomalyArchive/119_UCR_Anomaly_ECG1_10000_11800_12100.txt,11800,12100,300,1,test,ECG1,
anomaly_archive,ECG2,data/AnomalyArchive/120_UCR_Anomaly_ECG2_15000_16000_16100.txt,16000,16100,100,1,test,ECG2,
anomaly_archive,ECG3,data/AnomalyArchive/121_UCR_Anomaly_ECG3_15000_16000_16100.txt,16000,16100,100,1,test,ECG3,
anomaly_archive,ECG3,data/AnomalyArchive/122_UCR_Anomaly_ECG3_8000_17000_17100.txt,17000,17100,100,1,test,ECG3,
anomaly_archive,ECG4,data/AnomalyArchive/123_UCR_Anomaly_ECG4_5000_16800_17100.txt,16800,17100,300,1,test,ECG4,
anomaly_archive,ECG4,data/AnomalyArchive/124_UCR_Anomaly_ECG4_5000_16900_17100.txt,16900,17100,200,1,test,ECG4,
anomaly_archive,ECG4,data/AnomalyArchive/125_UCR_Anomaly_ECG4_5000_17000_17100.txt,17000,17100,100,1,test,ECG4,
anomaly_archive,ECG4,data/AnomalyArchive/126_UCR_Anomaly_ECG4_8000_17000_17100.txt,17000,17100,100,1,test,ECG4,
anomaly_archive,GP711MarkerLFM5z1,data/AnomalyArchive/127_UCR_Anomaly_GP711MarkerLFM5z1_5000_6168_6212.txt,6168,6212,44,1,test,GP711MarkerLFM5z1,
anomaly_archive,GP711MarkerLFM5z2,data/AnomalyArchive/128_UCR_Anomaly_GP711MarkerLFM5z2_5000_7175_7388.txt,7175,7388,213,1,test,GP711MarkerLFM5z2,
anomaly_archive,GP711MarkerLFM5z3,data/AnomalyArchive/129_UCR_Anomaly_GP711MarkerLFM5z3_5000_5948_5993.txt,5948,5993,45,1,test,GP711MarkerLFM5z3,
anomaly_archive,GP711MarkerLFM5z4,data/AnomalyArchive/130_UCR_Anomaly_GP711MarkerLFM5z4_4000_6527_6645.txt,6527,6645,118,1,test,GP711MarkerLFM5z4,
anomaly_archive,GP711MarkerLFM5z5,data/AnomalyArchive/131_UCR_Anomaly_GP711MarkerLFM5z5_5000_8612_8716.txt,8612,8716,104,1,test,GP711MarkerLFM5z5,
anomaly_archive,InternalBleeding10,data/AnomalyArchive/132_UCR_Anomaly_InternalBleeding10_3200_4526_4556.txt,4526,4556,30,1,test,InternalBleeding10,
anomaly_archive,InternalBleeding14,data/AnomalyArchive/133_UCR_Anomaly_InternalBleeding14_2800_5607_5634.txt,5607,5634,27,1,test,InternalBleeding14,
anomaly_archive,InternalBleeding15,data/AnomalyArchive/134_UCR_Anomaly_InternalBleeding15_1700_5684_5854.txt,5684,5854,170,1,test,InternalBleeding15,
anomaly_archive,InternalBleeding16,data/AnomalyArchive/135_UCR_Anomaly_InternalBleeding16_1200_4187_4199.txt,4187,4199,12,1,test,InternalBleeding16,
anomaly_archive,InternalBleeding17,data/AnomalyArchive/136_UCR_Anomaly_InternalBleeding17_1600_3198_3309.txt,3198,3309,111,1,test,InternalBleeding17,
anomaly_archive,InternalBleeding18,data/AnomalyArchive/137_UCR_Anomaly_InternalBleeding18_2300_4485_4587.txt,4485,4587,102,1,test,InternalBleeding18,
anomaly_archive,InternalBleeding19,data/AnomalyArchive/138_UCR_Anomaly_InternalBleeding19_3000_4187_4197.txt,4187,4197,10,1,test,InternalBleeding19,
anomaly_archive,InternalBleeding20,data/AnomalyArchive/139_UCR_Anomaly_InternalBleeding20_2700_5759_5919.txt,5759,5919,160,1,test,InternalBleeding20,
anomaly_archive,InternalBleeding4,data/AnomalyArchive/140_UCR_Anomaly_InternalBleeding4_1000_4675_5033.txt,4675,5033,358,1,test,InternalBleeding4,
anomaly_archive,InternalBleeding5,data/AnomalyArchive/141_UCR_Anomaly_InternalBleeding5_4000_6200_6370.txt,6200,6370,170,1,test,InternalBleeding5,
anomaly_archive,InternalBleeding6,data/AnomalyArchive/142_UCR_Anomaly_InternalBleeding6_1500_3474_3629.txt,3474,3629,155,1,test,InternalBleeding6,
anomaly_archive,InternalBleeding8,data/AnomalyArchive/143_UCR_Anomaly_InternalBleeding8_2500_5865_5974.txt,5865,5974,109,1,test,InternalBleeding8,
anomaly_archive,InternalBleeding9,data/AnomalyArchive/144_UCR_Anomaly_InternalBleeding9_4200_6599_6681.txt,6599,6681,82,1,test,InternalBleeding9,
anomaly_archive,Lab2Cmac011215EPG1,data/AnomalyArchive/145_UCR_Anomaly_Lab2Cmac011215EPG1_5000_17210_17260.txt,17210,17260,50,1,test,Lab2Cmac011215EPG1,
anomaly_archive,Lab2Cmac011215EPG2,data/AnomalyArchive/146_UCR_Anomaly_Lab2Cmac011215EPG2_5000_27862_27932.txt,27862,27932,70,1,test,Lab2Cmac011215EPG2,
anomaly_archive,Lab2Cmac011215EPG3,data/AnomalyArchive/147_UCR_Anomaly_Lab2Cmac011215EPG3_5000_16390_16420.txt,16390,16420,30,1,test,Lab2Cmac011215EPG3,
anomaly_archive,Lab2Cmac011215EPG4,data/AnomalyArchive/148_UCR_Anomaly_Lab2Cmac011215EPG4_6000_17390_17520.txt,17390,17520,130,1,test,Lab2Cmac011215EPG4,
anomaly_archive,Lab2Cmac011215EPG5,data/AnomalyArchive/149_UCR_Anomaly_Lab2Cmac011215EPG5_7000_17390_17520.txt,17390,17520,130,1,test,Lab2Cmac011215EPG5,
anomaly_archive,Lab2Cmac011215EPG6,data/AnomalyArchive/150_UCR_Anomaly_Lab2Cmac011215EPG6_7000_12190_12420.txt,12190,12420,230,1,test,Lab2Cmac011215EPG6,
anomaly_archive,MesoplodonDensirostris,data/AnomalyArchive/151_UCR_Anomaly_MesoplodonDensirostris_10000_19280_19440.txt,19280,19440,160,1,test,MesoplodonDensirostris,
anomaly_archive,PowerDemand1,data/AnomalyArchive/152_UCR_Anomaly_PowerDemand1_9000_18485_18821.txt,18485,18821,336,1,test,PowerDemand1,
anomaly_archive,PowerDemand2,data/AnomalyArchive/153_UCR_Anomaly_PowerDemand2_14000_23357_23717.txt,23357,23717,360,1,test,PowerDemand2,
anomaly_archive,PowerDemand3,data/AnomalyArchive/154_UCR_Anomaly_PowerDemand3_16000_23405_23477.txt,23405,23477,72,1,test,PowerDemand3,
anomaly_archive,PowerDemand4,data/AnomalyArchive/155_UCR_Anomaly_PowerDemand4_18000_24005_24077.txt,24005,24077,72,1,test,PowerDemand4,
anomaly_archive,TkeepFifthMARS,data/AnomalyArchive/156_UCR_Anomaly_TkeepFifthMARS_3500_5988_6085.txt,5988,6085,97,1,test,TkeepFifthMARS,
anomaly_archive,TkeepFirstMARS,data/AnomalyArchive/157_UCR_Anomaly_TkeepFirstMARS_3500_5365_5380.txt,5365,5380,15,1,test,TkeepFirstMARS,
anomaly_archive,TkeepForthMARS,data/AnomalyArchive/158_UCR_Anomaly_TkeepForthMARS_3500_5988_6085.txt,5988,6085,97,1,test,TkeepForthMARS,
anomaly_archive,TkeepSecondMARS,data/AnomalyArchive/159_UCR_Anomaly_TkeepSecondMARS_3500_9330_9340.txt,9330,9340,10,1,test,TkeepSecondMARS,
anomaly_archive,TkeepThirdMARS,data/AnomalyArchive/160_UCR_Anomaly_TkeepThirdMARS_3500_4711_4809.txt,4711,4809,98,1,test,TkeepThirdMARS,
anomaly_archive,WalkingAceleration1,data/AnomalyArchive/161_UCR_Anomaly_WalkingAceleration1_1500_2764_2995.txt,2764,2995,231,1,test,WalkingAceleration1,
anomaly_archive,WalkingAceleration5,data/AnomalyArchive/162_UCR_Anomaly_WalkingAceleration5_2700_5920_5979.txt,5920,5979,59,1,test,WalkingAceleration5,
anomaly_archive,apneaecg2,data/AnomalyArchive/163_UCR_Anomaly_apneaecg2_10000_20950_21100.txt,20950,21100,150,1,test,apneaecg2,
anomaly_archive,apneaecg3,data/AnomalyArchive/164_UCR_Anomaly_apneaecg3_5000_11111_11211.txt,11111,11211,100,1,test,apneaecg3,
anomaly_archive,apneaecg4,data/AnomalyArchive/165_UCR_Anomaly_apneaecg4_6000_16000_16100.txt,16000,16100,100,1,test,apneaecg4,
anomaly_archive,apneaecg,data/AnomalyArchive/166_UCR_Anomaly_apneaecg_10000_12240_12308.txt,12240,12308,68,1,test,apneaecg,
anomaly_archive,gait1,data/AnomalyArchive/167_UCR_Anomaly_gait1_20000_38500_38800.txt,38500,38800,300,1,test,gait1,
anomaly_archive,gait2,data/AnomalyArchive/168_UCR_Anomaly_gait2_22000_46500_46800.txt,46500,46800,300,1,test,gait2,
anomaly_archive,gait3,data/AnomalyArchive/169_UCR_Anomaly_gait3_24500_59900_60500.txt,59900,60500,600,1,test,gait3,
anomaly_archive,gaitHunt1,data/AnomalyArchive/170_UCR_Anomaly_gaitHunt1_18500_33070_33180.txt,33070,33180,110,1,test,gaitHunt1,
anomaly_archive,gaitHunt2,data/AnomalyArchive/171_UCR_Anomaly_gaitHunt2_18500_31200_31850.txt,31200,31850,650,1,test,gaitHunt2,
anomaly_archive,gaitHunt3,data/AnomalyArchive/172_UCR_Anomaly_gaitHunt3_23400_38400_39200.txt,38400,39200,800,1,test,gaitHunt3,
anomaly_archive,insectEPG1,data/AnomalyArchive/173_UCR_Anomaly_insectEPG1_3000_7000_7030.txt,7000,7030,30,1,test,insectEPG1,
anomaly_archive,insectEPG2,data/AnomalyArchive/174_UCR_Anomaly_insectEPG2_3700_8000_8025.txt,8000,8025,25,1,test,insectEPG2,
anomaly_archive,insectEPG3,data/AnomalyArchive/175_UCR_Anomaly_insectEPG3_5200_7000_7050.txt,7000,7050,50,1,test,insectEPG3,
anomaly_archive,insectEPG4,data/AnomalyArchive/176_UCR_Anomaly_insectEPG4_1300_6508_6558.txt,6508,6558,50,1,test,insectEPG4,
anomaly_archive,insectEPG5,data/AnomalyArchive/177_UCR_Anomaly_insectEPG5_3200_8500_8501.txt,8500,8501,1,1,test,insectEPG5,
anomaly_archive,ltstdbs30791AI,data/AnomalyArchive/178_UCR_Anomaly_ltstdbs30791AI_17555_52600_52800.txt,52600,52800,200,1,test,ltstdbs30791AI,
anomaly_archive,ltstdbs30791AS,data/AnomalyArchive/179_UCR_Anomaly_ltstdbs30791AS_23000_52600_52800.txt,52600,52800,200,1,test,ltstdbs30791AS,
anomaly_archive,ltstdbs30791ES,data/AnomalyArchive/180_UCR_Anomaly_ltstdbs30791ES_20000_52600_52800.txt,52600,52800,200,1,test,ltstdbs30791ES,
anomaly_archive,park3m,data/AnomalyArchive/181_UCR_Anomaly_park3m_60000_72150_72495.txt,72150,72495,345,1,test,park3m,
anomaly_archive,qtdbSel1005V,data/AnomalyArchive/182_UCR_Anomaly_qtdbSel1005V_4000_12400_12800.txt,12400,12800,400,1,test,qtdbSel1005V,
anomaly_archive,qtdbSel100MLII,data/AnomalyArchive/183_UCR_Anomaly_qtdbSel100MLII_4000_13400_13800.txt,13400,13800,400,1,test,qtdbSel100MLII,
anomaly_archive,resperation10,data/AnomalyArchive/184_UCR_Anomaly_resperation10_48000_130700_131880.txt,130700,131880,1180,1,test,resperation10,
anomaly_archive,resperation11,data/AnomalyArchive/185_UCR_Anomaly_resperation11_58000_110800_110801.txt,110800,110801,1,1,test,resperation11,
anomaly_archive,resperation1,data/AnomalyArchive/186_UCR_Anomaly_resperation1_100000_110260_110412.txt,110260,110412,152,1,test,resperation1,
anomaly_archive,resperation2,data/AnomalyArchive/187_UCR_Anomaly_resperation2_30000_168250_168250.txt,168250,168250,0,1,test,resperation2,
anomaly_archive,resperation2,data/AnomalyArchive/188_UCR_Anomaly_resperation2_30000_168250_168251.txt,168250,168251,1,1,test,resperation2,
anomaly_archive,resperation3,data/AnomalyArchive/189_UCR_Anomaly_resperation3_45000_158250_158251.txt,158250,158251,1,1,test,resperation3,
anomaly_archive,resperation4,data/AnomalyArchive/190_UCR_Anomaly_resperation4_70000_128430_128431.txt,128430,128431,1,1,test,resperation4,
anomaly_archive,resperation9,data/AnomalyArchive/191_UCR_Anomaly_resperation9_38000_143411_143511.txt,143411,143511,100,1,test,resperation9,
anomaly_archive,s20101mML2,data/AnomalyArchive/192_UCR_Anomaly_s20101mML2_12000_35774_35874.txt,35774,35874,100,1,test,s20101mML2,
anomaly_archive,s20101m,data/AnomalyArchive/193_UCR_Anomaly_s20101m_10000_35774_35874.txt,35774,35874,100,1,test,s20101m,
anomaly_archive,sddb49,data/AnomalyArchive/194_UCR_Anomaly_sddb49_20000_67950_68200.txt,67950,68200,250,1,test,sddb49,
anomaly_archive,sel840mECG1,data/AnomalyArchive/195_UCR_Anomaly_sel840mECG1_17000_51370_51740.txt,51370,51740,370,1,test,sel840mECG1,
anomaly_archive,sel840mECG2,data/AnomalyArchive/196_UCR_Anomaly_sel840mECG2_20000_49370_49740.txt,49370,49740,370,1,test,sel840mECG2,
anomaly_archive,tiltAPB1,data/AnomalyArchive/197_UCR_Anomaly_tiltAPB1_100000_114283_114350.txt,114283,114350,67,1,test,tiltAPB1,
anomaly_archive,tiltAPB2,data/AnomalyArchive/198_UCR_Anomaly_tiltAPB2_50000_124159_124985.txt,124159,124985,826,1,test,tiltAPB2,
anomaly_archive,tiltAPB3,data/AnomalyArchive/199_UCR_Anomaly_tiltAPB3_40000_114000_114370.txt,114000,114370,370,1,test,tiltAPB3,
anomaly_archive,tiltAPB4,data/AnomalyArchive/200_UCR_Anomaly_tiltAPB4_20000_67995_67996.txt,67995,67996,1,1,test,tiltAPB4,
anomaly_archive,CHARISfive,data/AnomalyArchive/201_UCR_Anomaly_CHARISfive_10000_17001_17016.txt,17001,17016,15,1,test,CHARISfive,
anomaly_archive,CHARISfive,data/AnomalyArchive/202_UCR_Anomaly_CHARISfive_10411_10998_11028.txt,10998,11028,30,1,test,CHARISfive,
anomaly_archive,CHARISfive,data/AnomalyArchive/203_UCR_Anomaly_CHARISfive_10500_10995_11028.txt,10995,11028,33,1,test,CHARISfive,
anomaly_archive,CHARISfive,data/AnomalyArchive/204_UCR_Anomaly_CHARISfive_12412_15000_15070.txt,15000,15070,70,1,test,CHARISfive,
anomaly_archive,CHARISfive,data/AnomalyArchive/205_UCR_Anomaly_CHARISfive_9812_28995_29085.txt,28995,29085,90,1,test,CHARISfive,
anomaly_archive,CHARISten,data/AnomalyArchive/206_UCR_Anomaly_CHARISten_25130_29080_29140.txt,29080,29140,60,1,test,CHARISten,
anomaly_archive,CHARISten,data/AnomalyArchive/207_UCR_Anomaly_CHARISten_3165_26929_26989.txt,26929,26989,60,1,test,CHARISten,
anomaly_archive,CHARISten,data/AnomalyArchive/208_UCR_Anomaly_CHARISten_5130_27929_27989.txt,27929,27989,60,1,test,CHARISten,
anomaly_archive,Fantasia,data/AnomalyArchive/209_UCR_Anomaly_Fantasia_19000_26970_27270.txt,26970,27270,300,1,test,Fantasia,
anomaly_archive,Italianpowerdemand,data/AnomalyArchive/210_UCR_Anomaly_Italianpowerdemand_36123_74900_74996.txt,74900,74996,96,1,test,Italianpowerdemand,
anomaly_archive,Italianpowerdemand,data/AnomalyArchive/211_UCR_Anomaly_Italianpowerdemand_38113_39240_39336.txt,39240,39336,96,1,test,Italianpowerdemand,
anomaly_archive,Italianpowerdemand,data/AnomalyArchive/212_UCR_Anomaly_Italianpowerdemand_8913_29480_29504.txt,29480,29504,24,1,test,Italianpowerdemand,
anomaly_archive,STAFFIIIDatabase,data/AnomalyArchive/213_UCR_Anomaly_STAFFIIIDatabase_33211_126920_127370.txt,126920,127370,450,1,test,STAFFIIIDatabase,
anomaly_archive,STAFFIIIDatabase,data/AnomalyArchive/214_UCR_Anomaly_STAFFIIIDatabase_34211_125720_126370.txt,125720,126370,650,1,test,STAFFIIIDatabase,
anomaly_archive,STAFFIIIDatabase,data/AnomalyArchive/215_UCR_Anomaly_STAFFIIIDatabase_36276_106720_107370.txt,106720,107370,650,1,test,STAFFIIIDatabase,
anomaly_archive,STAFFIIIDatabase,data/AnomalyArchive/216_UCR_Anomaly_STAFFIIIDatabase_37216_160720_161370.txt,160720,161370,650,1,test,STAFFIIIDatabase,
anomaly_archive,STAFFIIIDatabase,data/AnomalyArchive/217_UCR_Anomaly_STAFFIIIDatabase_38211_150720_151370.txt,150720,151370,650,1,test,STAFFIIIDatabase,
anomaly_archive,STAFFIIIDatabase,data/AnomalyArchive/218_UCR_Anomaly_STAFFIIIDatabase_41117_210720_211370.txt,210720,211370,650,1,test,STAFFIIIDatabase,
anomaly_archive,STAFFIIIDatabase,data/AnomalyArchive/219_UCR_Anomaly_STAFFIIIDatabase_41612_64632_64852.txt,64632,64852,220,1,test,STAFFIIIDatabase,
anomaly_archive,STAFFIIIDatabase,data/AnomalyArchive/220_UCR_Anomaly_STAFFIIIDatabase_43217_250720_251370.txt,250720,251370,650,1,test,STAFFIIIDatabase,
anomaly_archive,STAFFIIIDatabase,data/AnomalyArchive/221_UCR_Anomaly_STAFFIIIDatabase_45616_163632_164852.txt,163632,164852,1220,1,test,STAFFIIIDatabase,
anomaly_archive,mit14046longtermecg,data/AnomalyArchive/222_UCR_Anomaly_mit14046longtermecg_56123_91200_91700.txt,91200,91700,500,1,test,mit14046longtermecg,
anomaly_archive,mit14046longtermecg,data/AnomalyArchive/223_UCR_Anomaly_mit14046longtermecg_74123_131200_131700.txt,131200,131700,500,1,test,mit14046longtermecg,
anomaly_archive,mit14046longtermecg,data/AnomalyArchive/224_UCR_Anomaly_mit14046longtermecg_76123_191200_191700.txt,191200,191700,500,1,test,mit14046longtermecg,
anomaly_archive,mit14046longtermecg,data/AnomalyArchive/225_UCR_Anomaly_mit14046longtermecg_81214_143000_143300.txt,143000,143300,300,1,test,mit14046longtermecg,
anomaly_archive,mit14046longtermecg,data/AnomalyArchive/226_UCR_Anomaly_mit14046longtermecg_96123_123000_123300.txt,123000,123300,300,1,test,mit14046longtermecg,
anomaly_archive,mit14134longtermecg,data/AnomalyArchive/227_UCR_Anomaly_mit14134longtermecg_11231_29000_29100.txt,29000,29100,100,1,test,mit14134longtermecg,
anomaly_archive,mit14134longtermecg,data/AnomalyArchive/228_UCR_Anomaly_mit14134longtermecg_11361_47830_47850.txt,47830,47850,20,1,test,mit14134longtermecg,
anomaly_archive,mit14134longtermecg,data/AnomalyArchive/229_UCR_Anomaly_mit14134longtermecg_16363_57960_57970.txt,57960,57970,10,1,test,mit14134longtermecg,
anomaly_archive,mit14134longtermecg,data/AnomalyArchive/230_UCR_Anomaly_mit14134longtermecg_19363_19510_19610.txt,19510,19610,100,1,test,mit14134longtermecg,
anomaly_archive,mit14134longtermecg,data/AnomalyArchive/231_UCR_Anomaly_mit14134longtermecg_8763_47530_47790.txt,47530,47790,260,1,test,mit14134longtermecg,
anomaly_archive,mit14134longtermecg,data/AnomalyArchive/232_UCR_Anomaly_mit14134longtermecg_8763_57530_57790.txt,57530,57790,260,1,test,mit14134longtermecg,
anomaly_archive,mit14157longtermecg,data/AnomalyArchive/233_UCR_Anomaly_mit14157longtermecg_18913_24500_24501.txt,24500,24501,1,1,test,mit14157longtermecg,
anomaly_archive,mit14157longtermecg,data/AnomalyArchive/234_UCR_Anomaly_mit14157longtermecg_18913_24600_24601.txt,24600,24601,1,1,test,mit14157longtermecg,
anomaly_archive,mit14157longtermecg,data/AnomalyArchive/235_UCR_Anomaly_mit14157longtermecg_18913_75450_75451.txt,75450,75451,1,1,test,mit14157longtermecg,
anomaly_archive,mit14157longtermecg,data/AnomalyArchive/236_UCR_Anomaly_mit14157longtermecg_19313_46350_46390.txt,46350,46390,40,1,test,mit14157longtermecg,
anomaly_archive,mit14157longtermecg,data/AnomalyArchive/237_UCR_Anomaly_mit14157longtermecg_19313_89560_90370.txt,89560,90370,810,1,test,mit14157longtermecg,
anomaly_archive,mit14157longtermecg,data/AnomalyArchive/238_UCR_Anomaly_mit14157longtermecg_21311_72600_72780.txt,72600,72780,180,1,test,mit14157longtermecg,
anomaly_archive,taichidbS0715Master,data/AnomalyArchive/239_UCR_Anomaly_taichidbS0715Master_190037_593450_593514.txt,593450,593514,64,1,test,taichidbS0715Master,
anomaly_archive,taichidbS0715Master,data/AnomalyArchive/240_UCR_Anomaly_taichidbS0715Master_240030_884100_884200.txt,884100,884200,100,1,test,taichidbS0715Master,
anomaly_archive,taichidbS0715Master,data/AnomalyArchive/241_UCR_Anomaly_taichidbS0715Master_250000_837400_839100.txt,837400,839100,1700,1,test,taichidbS0715Master,
anomaly_archive,tilt12744mtable,data/AnomalyArchive/242_UCR_Anomaly_tilt12744mtable_100000_104630_104890.txt,104630,104890,260,1,test,tilt12744mtable,
anomaly_archive,tilt12744mtable,data/AnomalyArchive/243_UCR_Anomaly_tilt12744mtable_100000_203355_203400.txt,203355,203400,45,1,test,tilt12744mtable,
anomaly_archive,tilt12754table,data/AnomalyArchive/244_UCR_Anomaly_tilt12754table_100013_104630_104890.txt,104630,104890,260,1,test,tilt12754table,
anomaly_archive,tilt12754table,data/AnomalyArchive/245_UCR_Anomaly_tilt12754table_100211_270800_271070.txt,270800,271070,270,1,test,tilt12754table,
anomaly_archive,tilt12755mtable,data/AnomalyArchive/246_UCR_Anomaly_tilt12755mtable_100211_270800_271070.txt,270800,271070,270,1,test,tilt12755mtable,
anomaly_archive,tilt12755mtable,data/AnomalyArchive/247_UCR_Anomaly_tilt12755mtable_50211_121900_121980.txt,121900,121980,80,1,test,tilt12755mtable,
anomaly_archive,weallwalk,data/AnomalyArchive/248_UCR_Anomaly_weallwalk_2000_4702_4707.txt,4702,4707,5,1,test,weallwalk,
anomaly_archive,weallwalk,data/AnomalyArchive/249_UCR_Anomaly_weallwalk_2753_8285_8315.txt,8285,8315,30,1,test,weallwalk,
anomaly_archive,weallwalk,data/AnomalyArchive/250_UCR_Anomaly_weallwalk_2951_7290_7296.txt,7290,7296,6,1,test,weallwalk,
nasa,P-1,data/NASA/labeled_anomalies.csv,2149,2349,200,1,test,P-1,SMAP
nasa,P-1,data/NASA/labeled_anomalies.csv,4536,4844,308,2,test,P-1,SMAP
nasa,P-1,data/NASA/labeled_anomalies.csv,3539,3779,240,3,test,P-1,SMAP
nasa,S-1,data/NASA/labeled_anomalies.csv,5300,5747,447,1,test,S-1,SMAP
nasa,E-1,data/NASA/labeled_anomalies.csv,5000,5030,30,1,test,E-1,SMAP
nasa,E-1,data/NASA/labeled_anomalies.csv,5610,6086,476,2,test,E-1,SMAP
nasa,E-2,data/NASA/labeled_anomalies.csv,5598,6995,1397,1,test,E-2,SMAP
nasa,E-3,data/NASA/labeled_anomalies.csv,5094,8306,3212,1,test,E-3,SMAP
nasa,E-4,data/NASA/labeled_anomalies.csv,5450,8261,2811,1,test,E-4,SMAP
nasa,E-5,data/NASA/labeled_anomalies.csv,5600,5920,320,1,test,E-5,SMAP
nasa,E-6,data/NASA/labeled_anomalies.csv,5610,5675,65,1,test,E-6,SMAP
nasa,E-7,data/NASA/labeled_anomalies.csv,5394,5674,280,1,test,E-7,SMAP
nasa,E-8,data/NASA/labeled_anomalies.csv,5400,6022,622,1,test,E-8,SMAP
nasa,E-9,data/NASA/labeled_anomalies.csv,5550,5900,350,1,test,E-9,SMAP
nasa,E-10,data/NASA/labeled_anomalies.csv,5000,5050,50,1,test,E-10,SMAP
nasa,E-10,data/NASA/labeled_anomalies.csv,5601,5871,270,2,test,E-10,SMAP
nasa,E-11,data/NASA/labeled_anomalies.csv,5000,5050,50,1,test,E-11,SMAP
nasa,E-11,data/NASA/labeled_anomalies.csv,5614,5857,243,2,test,E-11,SMAP
nasa,E-12,data/NASA/labeled_anomalies.csv,5610,6141,531,1,test,E-12,SMAP
nasa,E-12,data/NASA/labeled_anomalies.csv,5000,5050,50,2,test,E-12,SMAP
nasa,E-13,data/NASA/labeled_anomalies.csv,5309,5410,101,1,test,E-13,SMAP
nasa,E-13,data/NASA/labeled_anomalies.csv,5600,5640,40,2,test,E-13,SMAP
nasa,E-13,data/NASA/labeled_anomalies.csv,6449,6569,120,3,test,E-13,SMAP
nasa,A-1,data/NASA/labeled_anomalies.csv,4690,4774,84,1,test,A-1,SMAP
nasa,D-1,data/NASA/labeled_anomalies.csv,5250,8508,3258,1,test,D-1,SMAP
nasa,P-2,data/NASA/labeled_anomalies.csv,5350,6575,1225,1,test,P-2,SMAP
nasa,P-3,data/NASA/labeled_anomalies.csv,5401,6736,1335,1,test,P-3,SMAP
nasa,D-2,data/NASA/labeled_anomalies.csv,4319,8536,4217,1,test,D-2,SMAP
nasa,D-3,data/NASA/labeled_anomalies.csv,5225,8500,3275,1,test,D-3,SMAP
nasa,D-4,data/NASA/labeled_anomalies.csv,5225,8472,3247,1,test,D-4,SMAP
nasa,A-2,data/NASA/labeled_anomalies.csv,4450,4560,110,1,test,A-2,SMAP
nasa,A-3,data/NASA/labeled_anomalies.csv,4575,4760,185,1,test,A-3,SMAP
nasa,A-4,data/NASA/labeled_anomalies.csv,4550,4660,110,1,test,A-4,SMAP
nasa,G-1,data/NASA/labeled_anomalies.csv,4770,4890,120,1,test,G-1,SMAP
nasa,G-2,data/NASA/labeled_anomalies.csv,4030,4070,40,1,test,G-2,SMAP
nasa,D-5,data/NASA/labeled_anomalies.csv,4800,4850,50,1,test,D-5,SMAP
nasa,D-6,data/NASA/labeled_anomalies.csv,4870,4950,80,1,test,D-6,SMAP
nasa,D-7,data/NASA/labeled_anomalies.csv,4940,7641,2701,1,test,D-7,SMAP
nasa,F-1,data/NASA/labeled_anomalies.csv,5392,5492,100,1,test,F-1,SMAP
nasa,P-4,data/NASA/labeled_anomalies.csv,950,1080,130,1,test,P-4,SMAP
nasa,P-4,data/NASA/labeled_anomalies.csv,2150,2350,200,2,test,P-4,SMAP
nasa,P-4,data/NASA/labeled_anomalies.csv,4770,4880,110,3,test,P-4,SMAP
nasa,G-3,data/NASA/labeled_anomalies.csv,4200,4250,50,1,test,G-3,SMAP
nasa,T-1,data/NASA/labeled_anomalies.csv,2399,3898,1499,1,test,T-1,SMAP
nasa,T-1,data/NASA/labeled_anomalies.csv,6550,6585,35,2,test,T-1,SMAP
nasa,T-2,data/NASA/labeled_anomalies.csv,6840,8624,1784,1,test,T-2,SMAP
nasa,D-8,data/NASA/labeled_anomalies.csv,4370,4420,50,1,test,D-8,SMAP
nasa,D-9,data/NASA/labeled_anomalies.csv,6250,7405,1155,1,test,D-9,SMAP
nasa,F-2,data/NASA/labeled_anomalies.csv,5669,8625,2956,1,test,F-2,SMAP
nasa,G-4,data/NASA/labeled_anomalies.csv,4690,4720,30,1,test,G-4,SMAP
nasa,T-3,data/NASA/labeled_anomalies.csv,2098,2180,82,1,test,T-3,SMAP
nasa,T-3,data/NASA/labeled_anomalies.csv,5200,5300,100,2,test,T-3,SMAP
nasa,D-11,data/NASA/labeled_anomalies.csv,4270,4330,60,1,test,D-11,SMAP
nasa,D-12,data/NASA/labeled_anomalies.csv,5178,7917,2739,1,test,D-12,SMAP
nasa,B-1,data/NASA/labeled_anomalies.csv,5060,5130,70,1,test,B-1,SMAP
nasa,G-6,data/NASA/labeled_anomalies.csv,5600,5700,100,1,test,G-6,SMAP
nasa,G-7,data/NASA/labeled_anomalies.csv,3650,3750,100,1,test,G-7,SMAP
nasa,G-7,data/NASA/labeled_anomalies.csv,5050,5100,50,2,test,G-7,SMAP
nasa,G-7,data/NASA/labeled_anomalies.csv,7560,7675,115,3,test,G-7,SMAP
nasa,P-7,data/NASA/labeled_anomalies.csv,4950,6600,1650,1,test,P-7,SMAP
nasa,R-1,data/NASA/labeled_anomalies.csv,4510,4590,80,1,test,R-1,SMAP
nasa,A-5,data/NASA/labeled_anomalies.csv,2750,2800,50,1,test,A-5,SMAP
nasa,A-6,data/NASA/labeled_anomalies.csv,1890,1930,40,1,test,A-6,SMAP
nasa,A-7,data/NASA/labeled_anomalies.csv,6200,8600,2400,1,test,A-7,SMAP
nasa,D-13,data/NASA/labeled_anomalies.csv,5070,5230,160,1,test,D-13,SMAP
nasa,P-2,data/NASA/labeled_anomalies.csv,5300,6420,1120,1,test,P-2,SMAP
nasa,A-8,data/NASA/labeled_anomalies.csv,4569,8374,3805,1,test,A-8,SMAP
nasa,A-9,data/NASA/labeled_anomalies.csv,4569,8433,3864,1,test,A-9,SMAP
nasa,F-3,data/NASA/labeled_anomalies.csv,5600,5640,40,1,test,F-3,SMAP
nasa,M-6,data/NASA/labeled_anomalies.csv,1850,2030,180,1,test,M-6,MSL
nasa,M-1,data/NASA/labeled_anomalies.csv,1110,2250,1140,1,test,M-1,MSL
nasa,M-2,data/NASA/labeled_anomalies.csv,1110,2250,1140,1,test,M-2,MSL
nasa,S-2,data/NASA/labeled_anomalies.csv,900,910,10,1,test,S-2,MSL
nasa,P-10,data/NASA/labeled_anomalies.csv,4590,4720,130,1,test,P-10,MSL
nasa,T-4,data/NASA/labeled_anomalies.csv,1172,1240,68,1,test,T-4,MSL
nasa,T-5,data/NASA/labeled_anomalies.csv,1200,1225,25,1,test,T-5,MSL
nasa,F-7,data/NASA/labeled_anomalies.csv,1250,1450,200,1,test,F-7,MSL
nasa,F-7,data/NASA/labeled_anomalies.csv,2670,2790,120,2,test,F-7,MSL
nasa,F-7,data/NASA/labeled_anomalies.csv,3325,3425,100,3,test,F-7,MSL
nasa,M-3,data/NASA/labeled_anomalies.csv,1250,1500,250,1,test,M-3,MSL
nasa,M-4,data/NASA/labeled_anomalies.csv,1250,1500,250,1,test,M-4,MSL
nasa,M-5,data/NASA/labeled_anomalies.csv,1250,1550,300,1,test,M-5,MSL
nasa,P-15,data/NASA/labeled_anomalies.csv,1390,1410,20,1,test,P-15,MSL
nasa,C-1,data/NASA/labeled_anomalies.csv,550,750,200,1,test,C-1,MSL
nasa,C-1,data/NASA/labeled_anomalies.csv,2100,2210,110,2,test,C-1,MSL
nasa,C-2,data/NASA/labeled_anomalies.csv,290,390,100,1,test,C-2,MSL
nasa,C-2,data/NASA/labeled_anomalies.csv,1540,1575,35,2,test,C-2,MSL
nasa,T-12,data/NASA/labeled_anomalies.csv,630,750,120,1,test,T-12,MSL
nasa,T-13,data/NASA/labeled_anomalies.csv,690,790,100,1,test,T-13,MSL
nasa,T-13,data/NASA/labeled_anomalies.csv,1900,2050,150,2,test,T-13,MSL
nasa,F-4,data/NASA/labeled_anomalies.csv,2700,2770,70,1,test,F-4,MSL
nasa,F-5,data/NASA/labeled_anomalies.csv,3550,3700,150,1,test,F-5,MSL
nasa,D-14,data/NASA/labeled_anomalies.csv,1630,1650,20,1,test,D-14,MSL
nasa,D-14,data/NASA/labeled_anomalies.csv,1800,2000,200,2,test,D-14,MSL
nasa,T-9,data/NASA/labeled_anomalies.csv,780,810,30,1,test,T-9,MSL
nasa,T-9,data/NASA/labeled_anomalies.csv,890,970,80,2,test,T-9,MSL
nasa,P-14,data/NASA/labeled_anomalies.csv,4575,4755,180,1,test,P-14,MSL
nasa,T-8,data/NASA/labeled_anomalies.csv,870,930,60,1,test,T-8,MSL
nasa,T-8,data/NASA/labeled_anomalies.csv,1330,1370,40,2,test,T-8,MSL
nasa,P-11,data/NASA/labeled_anomalies.csv,1778,1898,120,1,test,P-11,MSL
nasa,P-11,data/NASA/labeled_anomalies.csv,1238,1344,106,2,test,P-11,MSL
nasa,D-15,data/NASA/labeled_anomalies.csv,1500,2140,640,1,test,D-15,MSL
nasa,D-16,data/NASA/labeled_anomalies.csv,600,1250,650,1,test,D-16,MSL
nasa,M-7,data/NASA/labeled_anomalies.csv,940,1040,100,1,test,M-7,MSL
nasa,F-8,data/NASA/labeled_anomalies.csv,1950,2486,536,1,test,F-8,MSL
smd,machine-1-1,data/ServerMachineDataset/test_label/machine-1-1.txt,15849,16395,546,1,test,machine-1-1,
smd,machine-1-1,data/ServerMachineDataset/test_label/machine-1-1.txt,16963,17517,554,2,test,machine-1-1,
smd,machine-1-1,data/ServerMachineDataset/test_label/machine-1-1.txt,18071,18528,457,3,test,machine-1-1,
smd,machine-1-1,data/ServerMachineDataset/test_label/machine-1-1.txt,19367,20088,721,4,test,machine-1-1,
smd,machine-1-1,data/ServerMachineDataset/test_label/machine-1-1.txt,20786,21195,409,5,test,machine-1-1,
smd,machine-1-1,data/ServerMachineDataset/test_label/machine-1-1.txt,24679,24682,3,6,test,machine-1-1,
smd,machine-1-1,data/ServerMachineDataset/test_label/machine-1-1.txt,26114,26116,2,7,test,machine-1-1,
smd,machine-1-1,data/ServerMachineDataset/test_label/machine-1-1.txt,27554,27556,2,8,test,machine-1-1,
smd,machine-1-2,data/ServerMachineDataset/test_label/machine-1-2.txt,4629,4688,59,1,test,machine-1-2,
smd,machine-1-2,data/ServerMachineDataset/test_label/machine-1-2.txt,5486,5491,5,2,test,machine-1-2,
smd,machine-1-2,data/ServerMachineDataset/test_label/machine-1-2.txt,5875,5951,76,3,test,machine-1-2,
smd,machine-1-2,data/ServerMachineDataset/test_label/machine-1-2.txt,15415,15418,3,4,test,machine-1-2,
smd,machine-1-2,data/ServerMachineDataset/test_label/machine-1-2.txt,15540,15605,65,5,test,machine-1-2,
smd,machine-1-2,data/ServerMachineDataset/test_label/machine-1-2.txt,15925,15973,48,6,test,machine-1-2,
smd,machine-1-2,data/ServerMachineDataset/test_label/machine-1-2.txt,18645,18801,156,7,test,machine-1-2,
smd,machine-1-2,data/ServerMachineDataset/test_label/machine-1-2.txt,20235,20271,36,8,test,machine-1-2,
smd,machine-1-2,data/ServerMachineDataset/test_label/machine-1-2.txt,22264,22336,72,9,test,machine-1-2,
smd,machine-1-2,data/ServerMachineDataset/test_label/machine-1-2.txt,23093,23115,22,10,test,machine-1-2,
smd,machine-1-3,data/ServerMachineDataset/test_label/machine-1-3.txt,392,416,24,1,test,machine-1-3,
smd,machine-1-3,data/ServerMachineDataset/test_label/machine-1-3.txt,1257,1268,11,2,test,machine-1-3,
smd,machine-1-3,data/ServerMachineDataset/test_label/machine-1-3.txt,4872,4875,3,3,test,machine-1-3,
smd,machine-1-3,data/ServerMachineDataset/test_label/machine-1-3.txt,5613,5661,48,4,test,machine-1-3,
smd,machine-1-3,data/ServerMachineDataset/test_label/machine-1-3.txt,11310,11517,207,5,test,machine-1-3,
smd,machine-1-3,data/ServerMachineDataset/test_label/machine-1-3.txt,13350,13380,30,6,test,machine-1-3,
smd,machine-1-3,data/ServerMachineDataset/test_label/machine-1-3.txt,13871,13915,44,7,test,machine-1-3,
smd,machine-1-3,data/ServerMachineDataset/test_label/machine-1-3.txt,16220,16281,61,8,test,machine-1-3,
smd,machine-1-3,data/ServerMachineDataset/test_label/machine-1-3.txt,17016,17241,225,9,test,machine-1-3,
smd,machine-1-3,data/ServerMachineDataset/test_label/machine-1-3.txt,17660,17716,56,10,test,machine-1-3,
smd,machine-1-3,data/ServerMachineDataset/test_label/machine-1-3.txt,18460,18471,11,11,test,machine-1-3,
smd,machine-1-3,data/ServerMachineDataset/test_label/machine-1-3.txt,22923,23020,97,12,test,machine-1-3,
smd,machine-1-4,data/ServerMachineDataset/test_label/machine-1-4.txt,385,417,32,1,test,machine-1-4,
smd,machine-1-4,data/ServerMachineDataset/test_label/machine-1-4.txt,5626,5679,53,2,test,machine-1-4,
smd,machine-1-4,data/ServerMachineDataset/test_label/machine-1-4.txt,11314,11519,205,3,test,machine-1-4,
smd,machine-1-4,data/ServerMachineDataset/test_label/machine-1-4.txt,13355,13376,21,4,test,machine-1-4,
smd,machine-1-4,data/ServerMachineDataset/test_label/machine-1-4.txt,13872,13925,53,5,test,machine-1-4,
smd,machine-1-4,data/ServerMachineDataset/test_label/machine-1-4.txt,16240,16261,21,6,test,machine-1-4,
smd,machine-1-4,data/ServerMachineDataset/test_label/machine-1-4.txt,17060,17197,137,7,test,machine-1-4,
smd,machine-1-4,data/ServerMachineDataset/test_label/machine-1-4.txt,17630,17718,88,8,test,machine-1-4,
smd,machine-1-4,data/ServerMachineDataset/test_label/machine-1-4.txt,18460,18481,21,9,test,machine-1-4,
smd,machine-1-4,data/ServerMachineDataset/test_label/machine-1-4.txt,20193,20233,40,10,test,machine-1-4,
smd,machine-1-4,data/ServerMachineDataset/test_label/machine-1-4.txt,22970,23016,46,11,test,machine-1-4,
smd,machine-1-4,data/ServerMachineDataset/test_label/machine-1-4.txt,23218,23221,3,12,test,machine-1-4,
smd,machine-1-5,data/ServerMachineDataset/test_label/machine-1-5.txt,10620,10637,17,1,test,machine-1-5,
smd,machine-1-5,data/ServerMachineDataset/test_label/machine-1-5.txt,11785,11816,31,2,test,machine-1-5,
smd,machine-1-5,data/ServerMachineDataset/test_label/machine-1-5.txt,12765,12786,21,3,test,machine-1-5,
smd,machine-1-5,data/ServerMachineDataset/test_label/machine-1-5.txt,14068,14072,4,4,test,machine-1-5,
smd,machine-1-5,data/ServerMachineDataset/test_label/machine-1-5.txt,14520,14531,11,5,test,machine-1-5,
smd,machine-1-5,data/ServerMachineDataset/test_label/machine-1-5.txt,21287,21298,11,6,test,machine-1-5,
smd,machine-1-5,data/ServerMachineDataset/test_label/machine-1-5.txt,22072,22077,5,7,test,machine-1-5,
smd,machine-1-6,data/ServerMachineDataset/test_label/machine-1-6.txt,246,252,6,1,test,machine-1-6,
smd,machine-1-6,data/ServerMachineDataset/test_label/machine-1-6.txt,653,658,5,2,test,machine-1-6,
smd,machine-1-6,data/ServerMachineDataset/test_label/machine-1-6.txt,2092,2100,8,3,test,machine-1-6,
smd,machine-1-6,data/ServerMachineDataset/test_label/machine-1-6.txt,2884,2888,4,4,test,machine-1-6,
smd,machine-1-6,data/ServerMachineDataset/test_label/machine-1-6.txt,3534,3539,5,5,test,machine-1-6,
smd,machine-1-6,data/ServerMachineDataset/test_label/machine-1-6.txt,4647,5045,398,6,test,machine-1-6,
smd,machine-1-6,data/ServerMachineDataset/test_label/machine-1-6.txt,5167,5172,5,7,test,machine-1-6,
smd,machine-1-6,data/ServerMachineDataset/test_label/machine-1-6.txt,5708,5713,5,8,test,machine-1-6,
smd,machine-1-6,data/ServerMachineDataset/test_label/machine-1-6.txt,5873,5885,12,9,test,machine-1-6,
smd,machine-1-6,data/ServerMachineDataset/test_label/machine-1-6.txt,6022,6027,5,10,test,machine-1-6,
smd,machine-1-6,data/ServerMachineDataset/test_label/machine-1-6.txt,6412,6419,7,11,test,machine-1-6,
smd,machine-1-6,data/ServerMachineDataset/test_label/machine-1-6.txt,7851,7856,5,12,test,machine-1-6,
smd,machine-1-6,data/ServerMachineDataset/test_label/machine-1-6.txt,9291,9298,7,13,test,machine-1-6,
smd,machine-1-6,data/ServerMachineDataset/test_label/machine-1-6.txt,10731,10736,5,14,test,machine-1-6,
smd,machine-1-6,data/ServerMachineDataset/test_label/machine-1-6.txt,11467,11471,4,15,test,machine-1-6,
smd,machine-1-6,data/ServerMachineDataset/test_label/machine-1-6.txt,12171,12176,5,16,test,machine-1-6,
smd,machine-1-6,data/ServerMachineDataset/test_label/machine-1-6.txt,13069,13073,4,17,test,machine-1-6,
smd,machine-1-6,data/ServerMachineDataset/test_label/machine-1-6.txt,13277,13280,3,18,test,machine-1-6,
smd,machine-1-6,data/ServerMachineDataset/test_label/machine-1-6.txt,13613,13619,6,19,test,machine-1-6,
smd,machine-1-6,data/ServerMachineDataset/test_label/machine-1-6.txt,14603,14607,4,20,test,machine-1-6,
smd,machine-1-6,data/ServerMachineDataset/test_label/machine-1-6.txt,15052,15055,3,21,test,machine-1-6,
smd,machine-1-6,data/ServerMachineDataset/test_label/machine-1-6.txt,15397,15401,4,22,test,machine-1-6,
smd,machine-1-6,data/ServerMachineDataset/test_label/machine-1-6.txt,15802,15805,3,23,test,machine-1-6,
smd,machine-1-6,data/ServerMachineDataset/test_label/machine-1-6.txt,16491,16499,8,24,test,machine-1-6,
smd,machine-1-6,data/ServerMachineDataset/test_label/machine-1-6.txt,16718,16721,3,25,test,machine-1-6,
smd,machine-1-6,data/ServerMachineDataset/test_label/machine-1-6.txt,16972,16976,4,26,test,machine-1-6,
smd,machine-1-6,data/ServerMachineDataset/test_label/machine-1-6.txt,17931,17939,8,27,test,machine-1-6,
smd,machine-1-6,data/ServerMachineDataset/test_label/machine-1-6.txt,18600,21761,3161,28,test,machine-1-6,
smd,machine-1-6,data/ServerMachineDataset/test_label/machine-1-6.txt,22252,22260,8,29,test,machine-1-6,
smd,machine-1-6,data/ServerMachineDataset/test_label/machine-1-6.txt,22417,22420,3,30,test,machine-1-6,
smd,machine-1-7,data/ServerMachineDataset/test_label/machine-1-7.txt,837,858,21,1,test,machine-1-7,
smd,machine-1-7,data/ServerMachineDataset/test_label/machine-1-7.txt,2959,4174,1215,2,test,machine-1-7,
smd,machine-1-7,data/ServerMachineDataset/test_label/machine-1-7.txt,5849,5940,91,3,test,machine-1-7,
smd,machine-1-7,data/ServerMachineDataset/test_label/machine-1-7.txt,6031,6034,3,4,test,machine-1-7,
smd,machine-1-7,data/ServerMachineDataset/test_label/machine-1-7.txt,7099,8000,901,5,test,machine-1-7,
smd,machine-1-7,data/ServerMachineDataset/test_label/machine-1-7.txt,8564,8580,16,6,test,machine-1-7,
smd,machine-1-7,data/ServerMachineDataset/test_label/machine-1-7.txt,12359,12374,15,7,test,machine-1-7,
smd,machine-1-7,data/ServerMachineDataset/test_label/machine-1-7.txt,13799,13825,26,8,test,machine-1-7,
smd,machine-1-7,data/ServerMachineDataset/test_label/machine-1-7.txt,15239,15270,31,9,test,machine-1-7,
smd,machine-1-7,data/ServerMachineDataset/test_label/machine-1-7.txt,15960,15963,3,10,test,machine-1-7,
smd,machine-1-7,data/ServerMachineDataset/test_label/machine-1-7.txt,18109,18150,41,11,test,machine-1-7,
smd,machine-1-7,data/ServerMachineDataset/test_label/machine-1-7.txt,19442,19446,4,12,test,machine-1-7,
smd,machine-1-7,data/ServerMachineDataset/test_label/machine-1-7.txt,19559,19590,31,13,test,machine-1-7,
smd,machine-1-8,data/ServerMachineDataset/test_label/machine-1-8.txt,710,1081,371,1,test,machine-1-8,
smd,machine-1-8,data/ServerMachineDataset/test_label/machine-1-8.txt,2105,2171,66,2,test,machine-1-8,
smd,machine-1-8,data/ServerMachineDataset/test_label/machine-1-8.txt,2725,2728,3,3,test,machine-1-8,
smd,machine-1-8,data/ServerMachineDataset/test_label/machine-1-8.txt,3068,3071,3,4,test,machine-1-8,
smd,machine-1-8,data/ServerMachineDataset/test_label/machine-1-8.txt,3594,3598,4,5,test,machine-1-8,
smd,machine-1-8,data/ServerMachineDataset/test_label/machine-1-8.txt,4589,4599,10,6,test,machine-1-8,
smd,machine-1-8,data/ServerMachineDataset/test_label/machine-1-8.txt,7100,7104,4,7,test,machine-1-8,
smd,machine-1-8,data/ServerMachineDataset/test_label/machine-1-8.txt,7474,7477,3,8,test,machine-1-8,
smd,machine-1-8,data/ServerMachineDataset/test_label/machine-1-8.txt,8317,8320,3,9,test,machine-1-8,
smd,machine-1-8,data/ServerMachineDataset/test_label/machine-1-8.txt,8657,8660,3,10,test,machine-1-8,
smd,machine-1-8,data/ServerMachineDataset/test_label/machine-1-8.txt,8912,8916,4,11,test,machine-1-8,
smd,machine-1-8,data/ServerMachineDataset/test_label/machine-1-8.txt,9075,9078,3,12,test,machine-1-8,
smd,machine-1-8,data/ServerMachineDataset/test_label/machine-1-8.txt,12800,12816,16,13,test,machine-1-8,
smd,machine-1-8,data/ServerMachineDataset/test_label/machine-1-8.txt,15640,15756,116,14,test,machine-1-8,
smd,machine-1-8,data/ServerMachineDataset/test_label/machine-1-8.txt,17117,17121,4,15,test,machine-1-8,
smd,machine-1-8,data/ServerMachineDataset/test_label/machine-1-8.txt,17168,17172,4,16,test,machine-1-8,
smd,machine-1-8,data/ServerMachineDataset/test_label/machine-1-8.txt,18600,18683,83,17,test,machine-1-8,
smd,machine-1-8,data/ServerMachineDataset/test_label/machine-1-8.txt,18890,18946,56,18,test,machine-1-8,
smd,machine-1-8,data/ServerMachineDataset/test_label/machine-1-8.txt,19579,19583,4,19,test,machine-1-8,
smd,machine-1-8,data/ServerMachineDataset/test_label/machine-1-8.txt,22899,22902,3,20,test,machine-1-8,
smd,machine-2-1,data/ServerMachineDataset/test_label/machine-2-1.txt,6506,6528,22,1,test,machine-2-1,
smd,machine-2-1,data/ServerMachineDataset/test_label/machine-2-1.txt,7907,7961,54,2,test,machine-2-1,
smd,machine-2-1,data/ServerMachineDataset/test_label/machine-2-1.txt,9340,9386,46,3,test,machine-2-1,
smd,machine-2-1,data/ServerMachineDataset/test_label/machine-2-1.txt,9779,9805,26,4,test,machine-2-1,
smd,machine-2-1,data/ServerMachineDataset/test_label/machine-2-1.txt,12173,12181,8,5,test,machine-2-1,
smd,machine-2-1,data/ServerMachineDataset/test_label/machine-2-1.txt,16136,16588,452,6,test,machine-2-1,
smd,machine-2-1,data/ServerMachineDataset/test_label/machine-2-1.txt,17365,17382,17,7,test,machine-2-1,
smd,machine-2-1,data/ServerMachineDataset/test_label/machine-2-1.txt,17995,18028,33,8,test,machine-2-1,
smd,machine-2-1,data/ServerMachineDataset/test_label/machine-2-1.txt,18575,18650,75,9,test,machine-2-1,
smd,machine-2-1,data/ServerMachineDataset/test_label/machine-2-1.txt,20020,20036,16,10,test,machine-2-1,
smd,machine-2-1,data/ServerMachineDataset/test_label/machine-2-1.txt,20340,20352,12,11,test,machine-2-1,
smd,machine-2-1,data/ServerMachineDataset/test_label/machine-2-1.txt,20891,20912,21,12,test,machine-2-1,
smd,machine-2-1,data/ServerMachineDataset/test_label/machine-2-1.txt,22907,23295,388,13,test,machine-2-1,
smd,machine-2-2,data/ServerMachineDataset/test_label/machine-2-2.txt,12760,12771,11,1,test,machine-2-2,
smd,machine-2-2,data/ServerMachineDataset/test_label/machine-2-2.txt,14511,14521,10,2,test,machine-2-2,
smd,machine-2-2,data/ServerMachineDataset/test_label/machine-2-2.txt,15630,16502,872,3,test,machine-2-2,
smd,machine-2-2,data/ServerMachineDataset/test_label/machine-2-2.txt,17090,17942,852,4,test,machine-2-2,
smd,machine-2-2,data/ServerMachineDataset/test_label/machine-2-2.txt,18541,19382,841,5,test,machine-2-2,
smd,machine-2-2,data/ServerMachineDataset/test_label/machine-2-2.txt,20820,20823,3,6,test,machine-2-2,
smd,machine-2-2,data/ServerMachineDataset/test_label/machine-2-2.txt,21024,21027,3,7,test,machine-2-2,
smd,machine-2-2,data/ServerMachineDataset/test_label/machine-2-2.txt,21280,21295,15,8,test,machine-2-2,
smd,machine-2-2,data/ServerMachineDataset/test_label/machine-2-2.txt,21405,21428,23,9,test,machine-2-2,
smd,machine-2-2,data/ServerMachineDataset/test_label/machine-2-2.txt,22260,22263,3,10,test,machine-2-2,
smd,machine-2-2,data/ServerMachineDataset/test_label/machine-2-2.txt,23099,23299,200,11,test,machine-2-2,
smd,machine-2-3,data/ServerMachineDataset/test_label/machine-2-3.txt,857,860,3,1,test,machine-2-3,
smd,machine-2-3,data/ServerMachineDataset/test_label/machine-2-3.txt,5739,5745,6,2,test,machine-2-3,
smd,machine-2-3,data/ServerMachineDataset/test_label/machine-2-3.txt,6008,6012,4,3,test,machine-2-3,
smd,machine-2-3,data/ServerMachineDataset/test_label/machine-2-3.txt,7910,8001,91,4,test,machine-2-3,
smd,machine-2-3,data/ServerMachineDataset/test_label/machine-2-3.txt,10953,10957,4,5,test,machine-2-3,
smd,machine-2-3,data/ServerMachineDataset/test_label/machine-2-3.txt,12200,12226,26,6,test,machine-2-3,
smd,machine-2-3,data/ServerMachineDataset/test_label/machine-2-3.txt,15070,15151,81,7,test,machine-2-3,
smd,machine-2-3,data/ServerMachineDataset/test_label/machine-2-3.txt,19375,19416,41,8,test,machine-2-3,
smd,machine-2-3,data/ServerMachineDataset/test_label/machine-2-3.txt,19545,19553,8,9,test,machine-2-3,
smd,machine-2-3,data/ServerMachineDataset/test_label/machine-2-3.txt,20253,20258,5,10,test,machine-2-3,
smd,machine-2-4,data/ServerMachineDataset/test_label/machine-2-4.txt,1012,1016,4,1,test,machine-2-4,
smd,machine-2-4,data/ServerMachineDataset/test_label/machine-2-4.txt,2098,2102,4,2,test,machine-2-4,
smd,machine-2-4,data/ServerMachineDataset/test_label/machine-2-4.txt,3538,3542,4,3,test,machine-2-4,
smd,machine-2-4,data/ServerMachineDataset/test_label/machine-2-4.txt,4576,4579,3,4,test,machine-2-4,
smd,machine-2-4,data/ServerMachineDataset/test_label/machine-2-4.txt,4976,4980,4,5,test,machine-2-4,
smd,machine-2-4,data/ServerMachineDataset/test_label/machine-2-4.txt,5099,5380,281,6,test,machine-2-4,
smd,machine-2-4,data/ServerMachineDataset/test_label/machine-2-4.txt,6416,6419,3,7,test,machine-2-4,
smd,machine-2-4,data/ServerMachineDataset/test_label/machine-2-4.txt,7856,7859,3,8,test,machine-2-4,
smd,machine-2-4,data/ServerMachineDataset/test_label/machine-2-4.txt,9296,9300,4,9,test,machine-2-4,
smd,machine-2-4,data/ServerMachineDataset/test_label/machine-2-4.txt,9473,9505,32,10,test,machine-2-4,
smd,machine-2-4,data/ServerMachineDataset/test_label/machine-2-4.txt,10736,10739,3,11,test,machine-2-4,
smd,machine-2-4,data/ServerMachineDataset/test_label/machine-2-4.txt,12176,12179,3,12,test,machine-2-4,
smd,machine-2-4,data/ServerMachineDataset/test_label/machine-2-4.txt,13611,13640,29,13,test,machine-2-4,
smd,machine-2-4,data/ServerMachineDataset/test_label/machine-2-4.txt,15056,15059,3,14,test,machine-2-4,
smd,machine-2-4,data/ServerMachineDataset/test_label/machine-2-4.txt,16525,16696,171,15,test,machine-2-4,
smd,machine-2-4,data/ServerMachineDataset/test_label/machine-2-4.txt,17965,18350,385,16,test,machine-2-4,
smd,machine-2-4,data/ServerMachineDataset/test_label/machine-2-4.txt,18579,18980,401,17,test,machine-2-4,
smd,machine-2-4,data/ServerMachineDataset/test_label/machine-2-4.txt,19404,19741,337,18,test,machine-2-4,
smd,machine-2-4,data/ServerMachineDataset/test_label/machine-2-4.txt,20844,20854,10,19,test,machine-2-4,
smd,machine-2-4,data/ServerMachineDataset/test_label/machine-2-4.txt,22284,22294,10,20,test,machine-2-4,
smd,machine-2-5,data/ServerMachineDataset/test_label/machine-2-5.txt,2585,2588,3,1,test,machine-2-5,
smd,machine-2-5,data/ServerMachineDataset/test_label/machine-2-5.txt,4978,4983,5,2,test,machine-2-5,
smd,machine-2-5,data/ServerMachineDataset/test_label/machine-2-5.txt,5100,5391,291,3,test,machine-2-5,
smd,machine-2-5,data/ServerMachineDataset/test_label/machine-2-5.txt,6023,6026,3,4,test,machine-2-5,
smd,machine-2-5,data/ServerMachineDataset/test_label/machine-2-5.txt,6417,6420,3,5,test,machine-2-5,
smd,machine-2-5,data/ServerMachineDataset/test_label/machine-2-5.txt,7255,7258,3,6,test,machine-2-5,
smd,machine-2-5,data/ServerMachineDataset/test_label/machine-2-5.txt,7857,7860,3,7,test,machine-2-5,
smd,machine-2-5,data/ServerMachineDataset/test_label/machine-2-5.txt,9297,9300,3,8,test,machine-2-5,
smd,machine-2-5,data/ServerMachineDataset/test_label/machine-2-5.txt,10737,10740,3,9,test,machine-2-5,
smd,machine-2-5,data/ServerMachineDataset/test_label/machine-2-5.txt,12094,12120,26,10,test,machine-2-5,
smd,machine-2-5,data/ServerMachineDataset/test_label/machine-2-5.txt,12176,12183,7,11,test,machine-2-5,
smd,machine-2-5,data/ServerMachineDataset/test_label/machine-2-5.txt,13616,13619,3,12,test,machine-2-5,
smd,machine-2-5,data/ServerMachineDataset/test_label/machine-2-5.txt,15056,15059,3,13,test,machine-2-5,
smd,machine-2-5,data/ServerMachineDataset/test_label/machine-2-5.txt,16524,16549,25,14,test,machine-2-5,
smd,machine-2-5,data/ServerMachineDataset/test_label/machine-2-5.txt,17960,18331,371,15,test,machine-2-5,
smd,machine-2-5,data/ServerMachineDataset/test_label/machine-2-5.txt,18592,18701,109,16,test,machine-2-5,
smd,machine-2-5,data/ServerMachineDataset/test_label/machine-2-5.txt,18880,18951,71,17,test,machine-2-5,
smd,machine-2-5,data/ServerMachineDataset/test_label/machine-2-5.txt,19405,19413,8,18,test,machine-2-5,
smd,machine-2-5,data/ServerMachineDataset/test_label/machine-2-5.txt,20846,20854,8,19,test,machine-2-5,
smd,machine-2-5,data/ServerMachineDataset/test_label/machine-2-5.txt,22283,22294,11,20,test,machine-2-5,
smd,machine-2-5,data/ServerMachineDataset/test_label/machine-2-5.txt,23120,23141,21,21,test,machine-2-5,
smd,machine-2-6,data/ServerMachineDataset/test_label/machine-2-6.txt,1170,1205,35,1,test,machine-2-6,
smd,machine-2-6,data/ServerMachineDataset/test_label/machine-2-6.txt,8188,8214,26,2,test,machine-2-6,
smd,machine-2-6,data/ServerMachineDataset/test_label/machine-2-6.txt,8218,8235,17,3,test,machine-2-6,
smd,machine-2-6,data/ServerMachineDataset/test_label/machine-2-6.txt,13890,13995,105,4,test,machine-2-6,
smd,machine-2-6,data/ServerMachineDataset/test_label/machine-2-6.txt,16720,16743,23,5,test,machine-2-6,
smd,machine-2-6,data/ServerMachineDataset/test_label/machine-2-6.txt,18122,18125,3,6,test,machine-2-6,
smd,machine-2-6,data/ServerMachineDataset/test_label/machine-2-6.txt,20620,20738,118,7,test,machine-2-6,
smd,machine-2-6,data/ServerMachineDataset/test_label/machine-2-6.txt,27883,27980,97,8,test,machine-2-6,
smd,machine-2-7,data/ServerMachineDataset/test_label/machine-2-7.txt,664,667,3,1,test,machine-2-7,
smd,machine-2-7,data/ServerMachineDataset/test_label/machine-2-7.txt,2104,2107,3,2,test,machine-2-7,
smd,machine-2-7,data/ServerMachineDataset/test_label/machine-2-7.txt,3544,3547,3,3,test,machine-2-7,
smd,machine-2-7,data/ServerMachineDataset/test_label/machine-2-7.txt,4984,4987,3,4,test,machine-2-7,
smd,machine-2-7,data/ServerMachineDataset/test_label/machine-2-7.txt,6030,6034,4,5,test,machine-2-7,
smd,machine-2-7,data/ServerMachineDataset/test_label/machine-2-7.txt,7665,7669,4,6,test,machine-2-7,
smd,machine-2-7,data/ServerMachineDataset/test_label/machine-2-7.txt,7863,7867,4,7,test,machine-2-7,
smd,machine-2-7,data/ServerMachineDataset/test_label/machine-2-7.txt,9304,9307,3,8,test,machine-2-7,
smd,machine-2-7,data/ServerMachineDataset/test_label/machine-2-7.txt,10744,10747,3,9,test,machine-2-7,
smd,machine-2-7,data/ServerMachineDataset/test_label/machine-2-7.txt,12099,12127,28,10,test,machine-2-7,
smd,machine-2-7,data/ServerMachineDataset/test_label/machine-2-7.txt,13623,13625,2,11,test,machine-2-7,
smd,machine-2-7,data/ServerMachineDataset/test_label/machine-2-7.txt,14934,14938,4,12,test,machine-2-7,
smd,machine-2-7,data/ServerMachineDataset/test_label/machine-2-7.txt,15063,15066,3,13,test,machine-2-7,
smd,machine-2-7,data/ServerMachineDataset/test_label/machine-2-7.txt,16534,16557,23,14,test,machine-2-7,
smd,machine-2-7,data/ServerMachineDataset/test_label/machine-2-7.txt,17978,17981,3,15,test,machine-2-7,
smd,machine-2-7,data/ServerMachineDataset/test_label/machine-2-7.txt,18639,18944,305,16,test,machine-2-7,
smd,machine-2-7,data/ServerMachineDataset/test_label/machine-2-7.txt,19411,19418,7,17,test,machine-2-7,
smd,machine-2-7,data/ServerMachineDataset/test_label/machine-2-7.txt,20853,20857,4,18,test,machine-2-7,
smd,machine-2-7,data/ServerMachineDataset/test_label/machine-2-7.txt,22291,22296,5,19,test,machine-2-7,
smd,machine-2-7,data/ServerMachineDataset/test_label/machine-2-7.txt,22924,22927,3,20,test,machine-2-7,
smd,machine-2-8,data/ServerMachineDataset/test_label/machine-2-8.txt,17580,17741,161,1,test,machine-2-8,
smd,machine-2-9,data/ServerMachineDataset/test_label/machine-2-9.txt,15131,15253,122,1,test,machine-2-9,
smd,machine-2-9,data/ServerMachineDataset/test_label/machine-2-9.txt,15598,16012,414,2,test,machine-2-9,
smd,machine-2-9,data/ServerMachineDataset/test_label/machine-2-9.txt,16729,16982,253,3,test,machine-2-9,
smd,machine-2-9,data/ServerMachineDataset/test_label/machine-2-9.txt,17083,17286,203,4,test,machine-2-9,
smd,machine-2-9,data/ServerMachineDataset/test_label/machine-2-9.txt,17914,18096,182,5,test,machine-2-9,
smd,machine-2-9,data/ServerMachineDataset/test_label/machine-2-9.txt,19157,19501,344,6,test,machine-2-9,
smd,machine-2-9,data/ServerMachineDataset/test_label/machine-2-9.txt,20615,20845,230,7,test,machine-2-9,
smd,machine-2-9,data/ServerMachineDataset/test_label/machine-2-9.txt,24475,24478,3,8,test,machine-2-9,
smd,machine-2-9,data/ServerMachineDataset/test_label/machine-2-9.txt,25904,25906,2,9,test,machine-2-9,
smd,machine-2-9,data/ServerMachineDataset/test_label/machine-2-9.txt,27356,27358,2,10,test,machine-2-9,
smd,machine-3-1,data/ServerMachineDataset/test_label/machine-3-1.txt,1209,1240,31,1,test,machine-3-1,
smd,machine-3-1,data/ServerMachineDataset/test_label/machine-3-1.txt,5399,5530,131,2,test,machine-3-1,
smd,machine-3-1,data/ServerMachineDataset/test_label/machine-3-1.txt,10696,10717,21,3,test,machine-3-1,
smd,machine-3-1,data/ServerMachineDataset/test_label/machine-3-1.txt,27839,27964,125,4,test,machine-3-1,
smd,machine-3-10,data/ServerMachineDataset/test_label/machine-3-10.txt,326,329,3,1,test,machine-3-10,
smd,machine-3-10,data/ServerMachineDataset/test_label/machine-3-10.txt,2155,2228,73,2,test,machine-3-10,
smd,machine-3-10,data/ServerMachineDataset/test_label/machine-3-10.txt,2875,2951,76,3,test,machine-3-10,
smd,machine-3-10,data/ServerMachineDataset/test_label/machine-3-10.txt,3596,3599,3,4,test,machine-3-10,
smd,machine-3-10,data/ServerMachineDataset/test_label/machine-3-10.txt,6486,6498,12,5,test,machine-3-10,
smd,machine-3-10,data/ServerMachineDataset/test_label/machine-3-10.txt,7891,7901,10,6,test,machine-3-10,
smd,machine-3-10,data/ServerMachineDataset/test_label/machine-3-10.txt,9336,9347,11,7,test,machine-3-10,
smd,machine-3-10,data/ServerMachineDataset/test_label/machine-3-10.txt,10772,10782,10,8,test,machine-3-10,
smd,machine-3-10,data/ServerMachineDataset/test_label/machine-3-10.txt,12219,12228,9,9,test,machine-3-10,
smd,machine-3-10,data/ServerMachineDataset/test_label/machine-3-10.txt,13148,13441,293,10,test,machine-3-10,
smd,machine-3-10,data/ServerMachineDataset/test_label/machine-3-10.txt,14655,14673,18,11,test,machine-3-10,
smd,machine-3-10,data/ServerMachineDataset/test_label/machine-3-10.txt,21500,21601,101,12,test,machine-3-10,
smd,machine-3-10,data/ServerMachineDataset/test_label/machine-3-10.txt,21785,22213,428,13,test,machine-3-10,
smd,machine-3-11,data/ServerMachineDataset/test_label/machine-3-11.txt,21230,21296,66,1,test,machine-3-11,
smd,machine-3-11,data/ServerMachineDataset/test_label/machine-3-11.txt,27825,27951,126,2,test,machine-3-11,
smd,machine-3-11,data/ServerMachineDataset/test_label/machine-3-11.txt,27995,28001,6,3,test,machine-3-11,
smd,machine-3-2,data/ServerMachineDataset/test_label/machine-3-2.txt,135,161,26,1,test,machine-3-2,
smd,machine-3-2,data/ServerMachineDataset/test_label/machine-3-2.txt,3080,3917,837,2,test,machine-3-2,
smd,machine-3-2,data/ServerMachineDataset/test_label/machine-3-2.txt,9139,9144,5,3,test,machine-3-2,
smd,machine-3-2,data/ServerMachineDataset/test_label/machine-3-2.txt,9199,9204,5,4,test,machine-3-2,
smd,machine-3-2,data/ServerMachineDataset/test_label/machine-3-2.txt,11900,12023,123,5,test,machine-3-2,
smd,machine-3-2,data/ServerMachineDataset/test_label/machine-3-2.txt,12139,12143,4,6,test,machine-3-2,
smd,machine-3-2,data/ServerMachineDataset/test_label/machine-3-2.txt,15577,15582,5,7,test,machine-3-2,
smd,machine-3-2,data/ServerMachineDataset/test_label/machine-3-2.txt,15644,15739,95,8,test,machine-3-2,
smd,machine-3-2,data/ServerMachineDataset/test_label/machine-3-2.txt,20717,20723,6,9,test,machine-3-2,
smd,machine-3-2,data/ServerMachineDataset/test_label/machine-3-2.txt,23059,23062,3,10,test,machine-3-2,
smd,machine-3-3,data/ServerMachineDataset/test_label/machine-3-3.txt,739,742,3,1,test,machine-3-3,
smd,machine-3-3,data/ServerMachineDataset/test_label/machine-3-3.txt,1808,1814,6,2,test,machine-3-3,
smd,machine-3-3,data/ServerMachineDataset/test_label/machine-3-3.txt,2179,2182,3,3,test,machine-3-3,
smd,machine-3-3,data/ServerMachineDataset/test_label/machine-3-3.txt,3619,3622,3,4,test,machine-3-3,
smd,machine-3-3,data/ServerMachineDataset/test_label/machine-3-3.txt,4561,4578,17,5,test,machine-3-3,
smd,machine-3-3,data/ServerMachineDataset/test_label/machine-3-3.txt,5059,5062,3,6,test,machine-3-3,
smd,machine-3-3,data/ServerMachineDataset/test_label/machine-3-3.txt,5449,5453,4,7,test,machine-3-3,
smd,machine-3-3,data/ServerMachineDataset/test_label/machine-3-3.txt,6499,6502,3,8,test,machine-3-3,
smd,machine-3-3,data/ServerMachineDataset/test_label/machine-3-3.txt,7939,7942,3,9,test,machine-3-3,
smd,machine-3-3,data/ServerMachineDataset/test_label/machine-3-3.txt,8407,8414,7,10,test,machine-3-3,
smd,machine-3-3,data/ServerMachineDataset/test_label/machine-3-3.txt,9737,9740,3,11,test,machine-3-3,
smd,machine-3-3,data/ServerMachineDataset/test_label/machine-3-3.txt,10819,10822,3,12,test,machine-3-3,
smd,machine-3-3,data/ServerMachineDataset/test_label/machine-3-3.txt,12259,12262,3,13,test,machine-3-3,
smd,machine-3-3,data/ServerMachineDataset/test_label/machine-3-3.txt,13699,13702,3,14,test,machine-3-3,
smd,machine-3-3,data/ServerMachineDataset/test_label/machine-3-3.txt,13827,13830,3,15,test,machine-3-3,
smd,machine-3-3,data/ServerMachineDataset/test_label/machine-3-3.txt,14476,14486,10,16,test,machine-3-3,
smd,machine-3-3,data/ServerMachineDataset/test_label/machine-3-3.txt,15139,15142,3,17,test,machine-3-3,
smd,machine-3-3,data/ServerMachineDataset/test_label/machine-3-3.txt,16199,16212,13,18,test,machine-3-3,
smd,machine-3-3,data/ServerMachineDataset/test_label/machine-3-3.txt,16579,16582,3,19,test,machine-3-3,
smd,machine-3-3,data/ServerMachineDataset/test_label/machine-3-3.txt,18019,18022,3,20,test,machine-3-3,
smd,machine-3-3,data/ServerMachineDataset/test_label/machine-3-3.txt,19081,19088,7,21,test,machine-3-3,
smd,machine-3-3,data/ServerMachineDataset/test_label/machine-3-3.txt,19349,19830,481,22,test,machine-3-3,
smd,machine-3-3,data/ServerMachineDataset/test_label/machine-3-3.txt,20897,20903,6,23,test,machine-3-3,
smd,machine-3-3,data/ServerMachineDataset/test_label/machine-3-3.txt,21878,21893,15,24,test,machine-3-3,
smd,machine-3-3,data/ServerMachineDataset/test_label/machine-3-3.txt,22339,22342,3,25,test,machine-3-3,
smd,machine-3-3,data/ServerMachineDataset/test_label/machine-3-3.txt,23159,23180,21,26,test,machine-3-3,
smd,machine-3-4,data/ServerMachineDataset/test_label/machine-3-4.txt,2734,3520,786,1,test,machine-3-4,
smd,machine-3-4,data/ServerMachineDataset/test_label/machine-3-4.txt,4474,4550,76,2,test,machine-3-4,
smd,machine-3-4,data/ServerMachineDataset/test_label/machine-3-4.txt,6013,6016,3,3,test,machine-3-4,
smd,machine-3-4,data/ServerMachineDataset/test_label/machine-3-4.txt,10963,10969,6,4,test,machine-3-4,
smd,machine-3-4,data/ServerMachineDataset/test_label/machine-3-4.txt,11565,11569,4,5,test,machine-3-4,
smd,machine-3-4,data/ServerMachineDataset/test_label/machine-3-4.txt,13699,13709,10,6,test,machine-3-4,
smd,machine-3-4,data/ServerMachineDataset/test_label/machine-3-4.txt,18589,18640,51,7,test,machine-3-4,
smd,machine-3-4,data/ServerMachineDataset/test_label/machine-3-4.txt,18784,18825,41,8,test,machine-3-4,
smd,machine-3-5,data/ServerMachineDataset/test_label/machine-3-5.txt,1288,1439,151,1,test,machine-3-5,
smd,machine-3-5,data/ServerMachineDataset/test_label/machine-3-5.txt,8975,8979,4,2,test,machine-3-5,
smd,machine-3-5,data/ServerMachineDataset/test_label/machine-3-5.txt,13517,13520,3,3,test,machine-3-5,
smd,machine-3-5,data/ServerMachineDataset/test_label/machine-3-5.txt,14392,14395,3,4,test,machine-3-5,
smd,machine-3-5,data/ServerMachineDataset/test_label/machine-3-5.txt,14755,14758,3,5,test,machine-3-5,
smd,machine-3-5,data/ServerMachineDataset/test_label/machine-3-5.txt,14909,14912,3,6,test,machine-3-5,
smd,machine-3-5,data/ServerMachineDataset/test_label/machine-3-5.txt,15953,16057,104,7,test,machine-3-5,
smd,machine-3-5,data/ServerMachineDataset/test_label/machine-3-5.txt,16163,16308,145,8,test,machine-3-5,
smd,machine-3-5,data/ServerMachineDataset/test_label/machine-3-5.txt,18426,18430,4,9,test,machine-3-5,
smd,machine-3-5,data/ServerMachineDataset/test_label/machine-3-5.txt,18842,18845,3,10,test,machine-3-5,
smd,machine-3-5,data/ServerMachineDataset/test_label/machine-3-5.txt,19498,19501,3,11,test,machine-3-5,
smd,machine-3-6,data/ServerMachineDataset/test_label/machine-3-6.txt,1187,1221,34,1,test,machine-3-6,
smd,machine-3-6,data/ServerMachineDataset/test_label/machine-3-6.txt,8177,8211,34,2,test,machine-3-6,
smd,machine-3-6,data/ServerMachineDataset/test_label/machine-3-6.txt,10637,10743,106,3,test,machine-3-6,
smd,machine-3-6,data/ServerMachineDataset/test_label/machine-3-6.txt,15633,15863,230,4,test,machine-3-6,
smd,machine-3-6,data/ServerMachineDataset/test_label/machine-3-6.txt,16788,16995,207,5,test,machine-3-6,
smd,machine-3-6,data/ServerMachineDataset/test_label/machine-3-6.txt,18054,18134,80,6,test,machine-3-6,
smd,machine-3-6,data/ServerMachineDataset/test_label/machine-3-6.txt,19276,19500,224,7,test,machine-3-6,
smd,machine-3-6,data/ServerMachineDataset/test_label/machine-3-6.txt,20681,20865,184,8,test,machine-3-6,
smd,machine-3-6,data/ServerMachineDataset/test_label/machine-3-6.txt,24503,24506,3,9,test,machine-3-6,
smd,machine-3-6,data/ServerMachineDataset/test_label/machine-3-6.txt,26138,26149,11,10,test,machine-3-6,
smd,machine-3-6,data/ServerMachineDataset/test_label/machine-3-6.txt,27877,27958,81,11,test,machine-3-6,
smd,machine-3-7,data/ServerMachineDataset/test_label/machine-3-7.txt,10609,10644,35,1,test,machine-3-7,
smd,machine-3-7,data/ServerMachineDataset/test_label/machine-3-7.txt,11491,11554,63,2,test,machine-3-7,
smd,machine-3-7,data/ServerMachineDataset/test_label/machine-3-7.txt,14775,14793,18,3,test,machine-3-7,
smd,machine-3-7,data/ServerMachineDataset/test_label/machine-3-7.txt,21201,21512,311,4,test,machine-3-7,
smd,machine-3-7,data/ServerMachineDataset/test_label/machine-3-7.txt,24579,24586,7,5,test,machine-3-7,
smd,machine-3-8,data/ServerMachineDataset/test_label/machine-3-8.txt,15144,15266,122,1,test,machine-3-8,
smd,machine-3-8,data/ServerMachineDataset/test_label/machine-3-8.txt,15941,16514,573,2,test,machine-3-8,
smd,machine-3-8,data/ServerMachineDataset/test_label/machine-3-8.txt,17063,17276,213,3,test,machine-3-8,
smd,machine-3-8,data/ServerMachineDataset/test_label/machine-3-8.txt,21405,21548,143,4,test,machine-3-8,
smd,machine-3-8,data/ServerMachineDataset/test_label/machine-3-8.txt,23478,23781,303,5,test,machine-3-8,
smd,machine-3-8,data/ServerMachineDataset/test_label/machine-3-8.txt,28253,28270,17,6,test,machine-3-8,
smd,machine-3-9,data/ServerMachineDataset/test_label/machine-3-9.txt,1199,1230,31,1,test,machine-3-9,
smd,machine-3-9,data/ServerMachineDataset/test_label/machine-3-9.txt,5361,5487,126,2,test,machine-3-9,
smd,machine-3-9,data/ServerMachineDataset/test_label/machine-3-9.txt,10662,10707,45,3,test,machine-3-9,
smd,machine-3-9,data/ServerMachineDataset/test_label/machine-3-9.txt,27849,27950,101,4,test,machine-3-9,
iops,KPI-05f10d3a-239c-3bef-9bdc-a2feeb0037aa,data/IOPS/KPI-05f10d3a-239c-3bef-9bdc-a2feeb0037aa.test.out,3582,3610,28,1,test,KPI-05f10d3a-239c-3bef-9bdc-a2feeb0037aa,
iops,KPI-05f10d3a-239c-3bef-9bdc-a2feeb0037aa,data/IOPS/KPI-05f10d3a-239c-3bef-9bdc-a2feeb0037aa.test.out,3656,3676,20,2,test,KPI-05f10d3a-239c-3bef-9bdc-a2feeb0037aa,
iops,KPI-05f10d3a-239c-3bef-9bdc-a2feeb0037aa,data/IOPS/KPI-05f10d3a-239c-3bef-9bdc-a2feeb0037aa.test.out,4047,4050,3,3,test,KPI-05f10d3a-239c-3bef-9bdc-a2feeb0037aa,
iops,KPI-05f10d3a-239c-3bef-9bdc-a2feeb0037aa,data/IOPS/KPI-05f10d3a-239c-3bef-9bdc-a2feeb0037aa.test.out,8692,8696,4,4,test,KPI-05f10d3a-239c-3bef-9bdc-a2feeb0037aa,
iops,KPI-05f10d3a-239c-3bef-9bdc-a2feeb0037aa,data/IOPS/KPI-05f10d3a-239c-3bef-9bdc-a2feeb0037aa.test.out,13553,13578,25,5,test,KPI-05f10d3a-239c-3bef-9bdc-a2feeb0037aa,
iops,KPI-05f10d3a-239c-3bef-9bdc-a2feeb0037aa,data/IOPS/KPI-05f10d3a-239c-3bef-9bdc-a2feeb0037aa.test.out,13621,13643,22,6,test,KPI-05f10d3a-239c-3bef-9bdc-a2feeb0037aa,
iops,KPI-05f10d3a-239c-3bef-9bdc-a2feeb0037aa,data/IOPS/KPI-05f10d3a-239c-3bef-9bdc-a2feeb0037aa.test.out,13739,13788,49,7,test,KPI-05f10d3a-239c-3bef-9bdc-a2feeb0037aa,
iops,KPI-05f10d3a-239c-3bef-9bdc-a2feeb0037aa,data/IOPS/KPI-05f10d3a-239c-3bef-9bdc-a2feeb0037aa.test.out,18357,18361,4,8,test,KPI-05f10d3a-239c-3bef-9bdc-a2feeb0037aa,
iops,KPI-05f10d3a-239c-3bef-9bdc-a2feeb0037aa,data/IOPS/KPI-05f10d3a-239c-3bef-9bdc-a2feeb0037aa.test.out,22921,22925,4,9,test,KPI-05f10d3a-239c-3bef-9bdc-a2feeb0037aa,
iops,KPI-05f10d3a-239c-3bef-9bdc-a2feeb0037aa,data/IOPS/KPI-05f10d3a-239c-3bef-9bdc-a2feeb0037aa.test.out,23613,23644,31,10,test,KPI-05f10d3a-239c-3bef-9bdc-a2feeb0037aa,
iops,KPI-05f10d3a-239c-3bef-9bdc-a2feeb0037aa,data/IOPS/KPI-05f10d3a-239c-3bef-9bdc-a2feeb0037aa.test.out,23703,23724,21,11,test,KPI-05f10d3a-239c-3bef-9bdc-a2feeb0037aa,
iops,KPI-05f10d3a-239c-3bef-9bdc-a2feeb0037aa,data/IOPS/KPI-05f10d3a-239c-3bef-9bdc-a2feeb0037aa.test.out,27121,27125,4,12,test,KPI-05f10d3a-239c-3bef-9bdc-a2feeb0037aa,
iops,KPI-05f10d3a-239c-3bef-9bdc-a2feeb0037aa,data/IOPS/KPI-05f10d3a-239c-3bef-9bdc-a2feeb0037aa.test.out,27479,27484,5,13,test,KPI-05f10d3a-239c-3bef-9bdc-a2feeb0037aa,
iops,KPI-05f10d3a-239c-3bef-9bdc-a2feeb0037aa,data/IOPS/KPI-05f10d3a-239c-3bef-9bdc-a2feeb0037aa.test.out,33687,33710,23,14,test,KPI-05f10d3a-239c-3bef-9bdc-a2feeb0037aa,
iops,KPI-05f10d3a-239c-3bef-9bdc-a2feeb0037aa,data/IOPS/KPI-05f10d3a-239c-3bef-9bdc-a2feeb0037aa.test.out,33742,33763,21,15,test,KPI-05f10d3a-239c-3bef-9bdc-a2feeb0037aa,
iops,KPI-05f10d3a-239c-3bef-9bdc-a2feeb0037aa,data/IOPS/KPI-05f10d3a-239c-3bef-9bdc-a2feeb0037aa.test.out,34518,34521,3,16,test,KPI-05f10d3a-239c-3bef-9bdc-a2feeb0037aa,
iops,KPI-05f10d3a-239c-3bef-9bdc-a2feeb0037aa,data/IOPS/KPI-05f10d3a-239c-3bef-9bdc-a2feeb0037aa.test.out,41414,41417,3,17,test,KPI-05f10d3a-239c-3bef-9bdc-a2feeb0037aa,
iops,KPI-05f10d3a-239c-3bef-9bdc-a2feeb0037aa,data/IOPS/KPI-05f10d3a-239c-3bef-9bdc-a2feeb0037aa.test.out,43780,43832,52,18,test,KPI-05f10d3a-239c-3bef-9bdc-a2feeb0037aa,
iops,KPI-05f10d3a-239c-3bef-9bdc-a2feeb0037aa,data/IOPS/KPI-05f10d3a-239c-3bef-9bdc-a2feeb0037aa.test.out,43876,43897,21,19,test,KPI-05f10d3a-239c-3bef-9bdc-a2feeb0037aa,
iops,KPI-05f10d3a-239c-3bef-9bdc-a2feeb0037aa,data/IOPS/KPI-05f10d3a-239c-3bef-9bdc-a2feeb0037aa.test.out,48927,48931,4,20,test,KPI-05f10d3a-239c-3bef-9bdc-a2feeb0037aa,
iops,KPI-05f10d3a-239c-3bef-9bdc-a2feeb0037aa,data/IOPS/KPI-05f10d3a-239c-3bef-9bdc-a2feeb0037aa.test.out,53876,53901,25,21,test,KPI-05f10d3a-239c-3bef-9bdc-a2feeb0037aa,
iops,KPI-05f10d3a-239c-3bef-9bdc-a2feeb0037aa,data/IOPS/KPI-05f10d3a-239c-3bef-9bdc-a2feeb0037aa.test.out,53946,53968,22,22,test,KPI-05f10d3a-239c-3bef-9bdc-a2feeb0037aa,
iops,KPI-05f10d3a-239c-3bef-9bdc-a2feeb0037aa,data/IOPS/KPI-05f10d3a-239c-3bef-9bdc-a2feeb0037aa.test.out,54064,54081,17,23,test,KPI-05f10d3a-239c-3bef-9bdc-a2feeb0037aa,
iops,KPI-05f10d3a-239c-3bef-9bdc-a2feeb0037aa,data/IOPS/KPI-05f10d3a-239c-3bef-9bdc-a2feeb0037aa.test.out,56059,56063,4,24,test,KPI-05f10d3a-239c-3bef-9bdc-a2feeb0037aa,
iops,KPI-05f10d3a-239c-3bef-9bdc-a2feeb0037aa,data/IOPS/KPI-05f10d3a-239c-3bef-9bdc-a2feeb0037aa.test.out,56483,56486,3,25,test,KPI-05f10d3a-239c-3bef-9bdc-a2feeb0037aa,
iops,KPI-05f10d3a-239c-3bef-9bdc-a2feeb0037aa,data/IOPS/KPI-05f10d3a-239c-3bef-9bdc-a2feeb0037aa.test.out,62177,62180,3,26,test,KPI-05f10d3a-239c-3bef-9bdc-a2feeb0037aa,
iops,KPI-05f10d3a-239c-3bef-9bdc-a2feeb0037aa,data/IOPS/KPI-05f10d3a-239c-3bef-9bdc-a2feeb0037aa.test.out,62189,62193,4,27,test,KPI-05f10d3a-239c-3bef-9bdc-a2feeb0037aa,
iops,KPI-05f10d3a-239c-3bef-9bdc-a2feeb0037aa,data/IOPS/KPI-05f10d3a-239c-3bef-9bdc-a2feeb0037aa.test.out,63935,63986,51,28,test,KPI-05f10d3a-239c-3bef-9bdc-a2feeb0037aa,
iops,KPI-05f10d3a-239c-3bef-9bdc-a2feeb0037aa,data/IOPS/KPI-05f10d3a-239c-3bef-9bdc-a2feeb0037aa.test.out,64044,64066,22,29,test,KPI-05f10d3a-239c-3bef-9bdc-a2feeb0037aa,
iops,KPI-05f10d3a-239c-3bef-9bdc-a2feeb0037aa,data/IOPS/KPI-05f10d3a-239c-3bef-9bdc-a2feeb0037aa.test.out,64366,64370,4,30,test,KPI-05f10d3a-239c-3bef-9bdc-a2feeb0037aa,
iops,KPI-05f10d3a-239c-3bef-9bdc-a2feeb0037aa,data/IOPS/KPI-05f10d3a-239c-3bef-9bdc-a2feeb0037aa.test.out,72080,72087,7,31,test,KPI-05f10d3a-239c-3bef-9bdc-a2feeb0037aa,
iops,KPI-05f10d3a-239c-3bef-9bdc-a2feeb0037aa,data/IOPS/KPI-05f10d3a-239c-3bef-9bdc-a2feeb0037aa.test.out,74063,74128,65,32,test,KPI-05f10d3a-239c-3bef-9bdc-a2feeb0037aa,
iops,KPI-05f10d3a-239c-3bef-9bdc-a2feeb0037aa,data/IOPS/KPI-05f10d3a-239c-3bef-9bdc-a2feeb0037aa.test.out,74167,74187,20,33,test,KPI-05f10d3a-239c-3bef-9bdc-a2feeb0037aa,
iops,KPI-05f10d3a-239c-3bef-9bdc-a2feeb0037aa,data/IOPS/KPI-05f10d3a-239c-3bef-9bdc-a2feeb0037aa.test.out,74282,74293,11,34,test,KPI-05f10d3a-239c-3bef-9bdc-a2feeb0037aa,
iops,KPI-05f10d3a-239c-3bef-9bdc-a2feeb0037aa,data/IOPS/KPI-05f10d3a-239c-3bef-9bdc-a2feeb0037aa.test.out,79665,79672,7,35,test,KPI-05f10d3a-239c-3bef-9bdc-a2feeb0037aa,
iops,KPI-05f10d3a-239c-3bef-9bdc-a2feeb0037aa,data/IOPS/KPI-05f10d3a-239c-3bef-9bdc-a2feeb0037aa.test.out,80827,80831,4,36,test,KPI-05f10d3a-239c-3bef-9bdc-a2feeb0037aa,
iops,KPI-05f10d3a-239c-3bef-9bdc-a2feeb0037aa,data/IOPS/KPI-05f10d3a-239c-3bef-9bdc-a2feeb0037aa.test.out,80833,80836,3,37,test,KPI-05f10d3a-239c-3bef-9bdc-a2feeb0037aa,
iops,KPI-05f10d3a-239c-3bef-9bdc-a2feeb0037aa,data/IOPS/KPI-05f10d3a-239c-3bef-9bdc-a2feeb0037aa.test.out,80843,80848,5,38,test,KPI-05f10d3a-239c-3bef-9bdc-a2feeb0037aa,
iops,KPI-05f10d3a-239c-3bef-9bdc-a2feeb0037aa,data/IOPS/KPI-05f10d3a-239c-3bef-9bdc-a2feeb0037aa.test.out,80872,80877,5,39,test,KPI-05f10d3a-239c-3bef-9bdc-a2feeb0037aa,
iops,KPI-05f10d3a-239c-3bef-9bdc-a2feeb0037aa,data/IOPS/KPI-05f10d3a-239c-3bef-9bdc-a2feeb0037aa.test.out,80891,80896,5,40,test,KPI-05f10d3a-239c-3bef-9bdc-a2feeb0037aa,
iops,KPI-05f10d3a-239c-3bef-9bdc-a2feeb0037aa,data/IOPS/KPI-05f10d3a-239c-3bef-9bdc-a2feeb0037aa.test.out,80899,80902,3,41,test,KPI-05f10d3a-239c-3bef-9bdc-a2feeb0037aa,
iops,KPI-05f10d3a-239c-3bef-9bdc-a2feeb0037aa,data/IOPS/KPI-05f10d3a-239c-3bef-9bdc-a2feeb0037aa.test.out,84039,84065,26,42,test,KPI-05f10d3a-239c-3bef-9bdc-a2feeb0037aa,
iops,KPI-05f10d3a-239c-3bef-9bdc-a2feeb0037aa,data/IOPS/KPI-05f10d3a-239c-3bef-9bdc-a2feeb0037aa.test.out,84137,84157,20,43,test,KPI-05f10d3a-239c-3bef-9bdc-a2feeb0037aa,
iops,KPI-05f10d3a-239c-3bef-9bdc-a2feeb0037aa,data/IOPS/KPI-05f10d3a-239c-3bef-9bdc-a2feeb0037aa.test.out,84250,84265,15,44,test,KPI-05f10d3a-239c-3bef-9bdc-a2feeb0037aa,
iops,KPI-05f10d3a-239c-3bef-9bdc-a2feeb0037aa,data/IOPS/KPI-05f10d3a-239c-3bef-9bdc-a2feeb0037aa.test.out,87538,87542,4,45,test,KPI-05f10d3a-239c-3bef-9bdc-a2feeb0037aa,
iops,KPI-05f10d3a-239c-3bef-9bdc-a2feeb0037aa,data/IOPS/KPI-05f10d3a-239c-3bef-9bdc-a2feeb0037aa.test.out,94184,94231,47,46,test,KPI-05f10d3a-239c-3bef-9bdc-a2feeb0037aa,
iops,KPI-05f10d3a-239c-3bef-9bdc-a2feeb0037aa,data/IOPS/KPI-05f10d3a-239c-3bef-9bdc-a2feeb0037aa.test.out,94286,94306,20,47,test,KPI-05f10d3a-239c-3bef-9bdc-a2feeb0037aa,
iops,KPI-05f10d3a-239c-3bef-9bdc-a2feeb0037aa,data/IOPS/KPI-05f10d3a-239c-3bef-9bdc-a2feeb0037aa.test.out,94402,94418,16,48,test,KPI-05f10d3a-239c-3bef-9bdc-a2feeb0037aa,
iops,KPI-05f10d3a-239c-3bef-9bdc-a2feeb0037aa,data/IOPS/KPI-05f10d3a-239c-3bef-9bdc-a2feeb0037aa.test.out,95074,95078,4,49,test,KPI-05f10d3a-239c-3bef-9bdc-a2feeb0037aa,
iops,KPI-05f10d3a-239c-3bef-9bdc-a2feeb0037aa,data/IOPS/KPI-05f10d3a-239c-3bef-9bdc-a2feeb0037aa.test.out,103043,103046,3,50,test,KPI-05f10d3a-239c-3bef-9bdc-a2feeb0037aa,
iops,KPI-05f10d3a-239c-3bef-9bdc-a2feeb0037aa,data/IOPS/KPI-05f10d3a-239c-3bef-9bdc-a2feeb0037aa.test.out,104270,104291,21,51,test,KPI-05f10d3a-239c-3bef-9bdc-a2feeb0037aa,
iops,KPI-05f10d3a-239c-3bef-9bdc-a2feeb0037aa,data/IOPS/KPI-05f10d3a-239c-3bef-9bdc-a2feeb0037aa.test.out,104358,104379,21,52,test,KPI-05f10d3a-239c-3bef-9bdc-a2feeb0037aa,
iops,KPI-05f10d3a-239c-3bef-9bdc-a2feeb0037aa,data/IOPS/KPI-05f10d3a-239c-3bef-9bdc-a2feeb0037aa.test.out,110747,110750,3,53,test,KPI-05f10d3a-239c-3bef-9bdc-a2feeb0037aa,
iops,KPI-05f10d3a-239c-3bef-9bdc-a2feeb0037aa,data/IOPS/KPI-05f10d3a-239c-3bef-9bdc-a2feeb0037aa.test.out,111339,111343,4,54,test,KPI-05f10d3a-239c-3bef-9bdc-a2feeb0037aa,
iops,KPI-05f10d3a-239c-3bef-9bdc-a2feeb0037aa,data/IOPS/KPI-05f10d3a-239c-3bef-9bdc-a2feeb0037aa.test.out,118173,118177,4,55,test,KPI-05f10d3a-239c-3bef-9bdc-a2feeb0037aa,
iops,KPI-05f10d3a-239c-3bef-9bdc-a2feeb0037aa,data/IOPS/KPI-05f10d3a-239c-3bef-9bdc-a2feeb0037aa.test.out,125595,125598,3,56,test,KPI-05f10d3a-239c-3bef-9bdc-a2feeb0037aa,
iops,KPI-05f10d3a-239c-3bef-9bdc-a2feeb0037aa,data/IOPS/KPI-05f10d3a-239c-3bef-9bdc-a2feeb0037aa.test.out,133306,133310,4,57,test,KPI-05f10d3a-239c-3bef-9bdc-a2feeb0037aa,
iops,KPI-05f10d3a-239c-3bef-9bdc-a2feeb0037aa,data/IOPS/KPI-05f10d3a-239c-3bef-9bdc-a2feeb0037aa.test.out,134487,134529,42,58,test,KPI-05f10d3a-239c-3bef-9bdc-a2feeb0037aa,
iops,KPI-05f10d3a-239c-3bef-9bdc-a2feeb0037aa,data/IOPS/KPI-05f10d3a-239c-3bef-9bdc-a2feeb0037aa.test.out,134625,134646,21,59,test,KPI-05f10d3a-239c-3bef-9bdc-a2feeb0037aa,
iops,KPI-05f10d3a-239c-3bef-9bdc-a2feeb0037aa,data/IOPS/KPI-05f10d3a-239c-3bef-9bdc-a2feeb0037aa.test.out,139651,139655,4,60,test,KPI-05f10d3a-239c-3bef-9bdc-a2feeb0037aa,
iops,KPI-05f10d3a-239c-3bef-9bdc-a2feeb0037aa,data/IOPS/KPI-05f10d3a-239c-3bef-9bdc-a2feeb0037aa.test.out,144543,144585,42,61,test,KPI-05f10d3a-239c-3bef-9bdc-a2feeb0037aa,
iops,KPI-05f10d3a-239c-3bef-9bdc-a2feeb0037aa,data/IOPS/KPI-05f10d3a-239c-3bef-9bdc-a2feeb0037aa.test.out,144648,144668,20,62,test,KPI-05f10d3a-239c-3bef-9bdc-a2feeb0037aa,
iops,KPI-05f10d3a-239c-3bef-9bdc-a2feeb0037aa,data/IOPS/KPI-05f10d3a-239c-3bef-9bdc-a2feeb0037aa.test.out,146844,146854,10,63,test,KPI-05f10d3a-239c-3bef-9bdc-a2feeb0037aa,
iops,KPI-0efb375b-b902-3661-ab23-9a0bb799f4e3,data/IOPS/KPI-0efb375b-b902-3661-ab23-9a0bb799f4e3.test.out,1582,1587,5,1,test,KPI-0efb375b-b902-3661-ab23-9a0bb799f4e3,
iops,KPI-0efb375b-b902-3661-ab23-9a0bb799f4e3,data/IOPS/KPI-0efb375b-b902-3661-ab23-9a0bb799f4e3.test.out,1596,1644,48,2,test,KPI-0efb375b-b902-3661-ab23-9a0bb799f4e3,
iops,KPI-0efb375b-b902-3661-ab23-9a0bb799f4e3,data/IOPS/KPI-0efb375b-b902-3661-ab23-9a0bb799f4e3.test.out,2159,2163,4,3,test,KPI-0efb375b-b902-3661-ab23-9a0bb799f4e3,
iops,KPI-0efb375b-b902-3661-ab23-9a0bb799f4e3,data/IOPS/KPI-0efb375b-b902-3661-ab23-9a0bb799f4e3.test.out,2866,2872,6,4,test,KPI-0efb375b-b902-3661-ab23-9a0bb799f4e3,
iops,KPI-0efb375b-b902-3661-ab23-9a0bb799f4e3,data/IOPS/KPI-0efb375b-b902-3661-ab23-9a0bb799f4e3.test.out,5016,5019,3,5,test,KPI-0efb375b-b902-3661-ab23-9a0bb799f4e3,
iops,KPI-0efb375b-b902-3661-ab23-9a0bb799f4e3,data/IOPS/KPI-0efb375b-b902-3661-ab23-9a0bb799f4e3.test.out,6148,6153,5,6,test,KPI-0efb375b-b902-3661-ab23-9a0bb799f4e3,
iops,KPI-1c6d7a26-1f1a-3321-bb4d-7a9d969ec8f0,data/IOPS/KPI-1c6d7a26-1f1a-3321-bb4d-7a9d969ec8f0.test.out,3542,3559,17,1,test,KPI-1c6d7a26-1f1a-3321-bb4d-7a9d969ec8f0,
iops,KPI-1c6d7a26-1f1a-3321-bb4d-7a9d969ec8f0,data/IOPS/KPI-1c6d7a26-1f1a-3321-bb4d-7a9d969ec8f0.test.out,3674,3696,22,2,test,KPI-1c6d7a26-1f1a-3321-bb4d-7a9d969ec8f0,
iops,KPI-1c6d7a26-1f1a-3321-bb4d-7a9d969ec8f0,data/IOPS/KPI-1c6d7a26-1f1a-3321-bb4d-7a9d969ec8f0.test.out,7107,7110,3,3,test,KPI-1c6d7a26-1f1a-3321-bb4d-7a9d969ec8f0,
iops,KPI-1c6d7a26-1f1a-3321-bb4d-7a9d969ec8f0,data/IOPS/KPI-1c6d7a26-1f1a-3321-bb4d-7a9d969ec8f0.test.out,12599,12603,4,4,test,KPI-1c6d7a26-1f1a-3321-bb4d-7a9d969ec8f0,
iops,KPI-1c6d7a26-1f1a-3321-bb4d-7a9d969ec8f0,data/IOPS/KPI-1c6d7a26-1f1a-3321-bb4d-7a9d969ec8f0.test.out,13542,13554,12,5,test,KPI-1c6d7a26-1f1a-3321-bb4d-7a9d969ec8f0,
iops,KPI-1c6d7a26-1f1a-3321-bb4d-7a9d969ec8f0,data/IOPS/KPI-1c6d7a26-1f1a-3321-bb4d-7a9d969ec8f0.test.out,13641,13663,22,6,test,KPI-1c6d7a26-1f1a-3321-bb4d-7a9d969ec8f0,
iops,KPI-1c6d7a26-1f1a-3321-bb4d-7a9d969ec8f0,data/IOPS/KPI-1c6d7a26-1f1a-3321-bb4d-7a9d969ec8f0.test.out,17618,17622,4,7,test,KPI-1c6d7a26-1f1a-3321-bb4d-7a9d969ec8f0,
iops,KPI-1c6d7a26-1f1a-3321-bb4d-7a9d969ec8f0,data/IOPS/KPI-1c6d7a26-1f1a-3321-bb4d-7a9d969ec8f0.test.out,22906,22910,4,8,test,KPI-1c6d7a26-1f1a-3321-bb4d-7a9d969ec8f0,
iops,KPI-1c6d7a26-1f1a-3321-bb4d-7a9d969ec8f0,data/IOPS/KPI-1c6d7a26-1f1a-3321-bb4d-7a9d969ec8f0.test.out,23598,23615,17,9,test,KPI-1c6d7a26-1f1a-3321-bb4d-7a9d969ec8f0,
iops,KPI-1c6d7a26-1f1a-3321-bb4d-7a9d969ec8f0,data/IOPS/KPI-1c6d7a26-1f1a-3321-bb4d-7a9d969ec8f0.test.out,23723,23743,20,10,test,KPI-1c6d7a26-1f1a-3321-bb4d-7a9d969ec8f0,
iops,KPI-1c6d7a26-1f1a-3321-bb4d-7a9d969ec8f0,data/IOPS/KPI-1c6d7a26-1f1a-3321-bb4d-7a9d969ec8f0.test.out,27120,27125,5,11,test,KPI-1c6d7a26-1f1a-3321-bb4d-7a9d969ec8f0,
iops,KPI-1c6d7a26-1f1a-3321-bb4d-7a9d969ec8f0,data/IOPS/KPI-1c6d7a26-1f1a-3321-bb4d-7a9d969ec8f0.test.out,28316,28319,3,12,test,KPI-1c6d7a26-1f1a-3321-bb4d-7a9d969ec8f0,
iops,KPI-1c6d7a26-1f1a-3321-bb4d-7a9d969ec8f0,data/IOPS/KPI-1c6d7a26-1f1a-3321-bb4d-7a9d969ec8f0.test.out,33675,33690,15,13,test,KPI-1c6d7a26-1f1a-3321-bb4d-7a9d969ec8f0,
iops,KPI-1c6d7a26-1f1a-3321-bb4d-7a9d969ec8f0,data/IOPS/KPI-1c6d7a26-1f1a-3321-bb4d-7a9d969ec8f0.test.out,33761,33783,22,14,test,KPI-1c6d7a26-1f1a-3321-bb4d-7a9d969ec8f0,
iops,KPI-1c6d7a26-1f1a-3321-bb4d-7a9d969ec8f0,data/IOPS/KPI-1c6d7a26-1f1a-3321-bb4d-7a9d969ec8f0.test.out,35708,35711,3,15,test,KPI-1c6d7a26-1f1a-3321-bb4d-7a9d969ec8f0,
iops,KPI-1c6d7a26-1f1a-3321-bb4d-7a9d969ec8f0,data/IOPS/KPI-1c6d7a26-1f1a-3321-bb4d-7a9d969ec8f0.test.out,40062,40075,13,16,test,KPI-1c6d7a26-1f1a-3321-bb4d-7a9d969ec8f0,
iops,KPI-1c6d7a26-1f1a-3321-bb4d-7a9d969ec8f0,data/IOPS/KPI-1c6d7a26-1f1a-3321-bb4d-7a9d969ec8f0.test.out,43622,43625,3,17,test,KPI-1c6d7a26-1f1a-3321-bb4d-7a9d969ec8f0,
iops,KPI-1c6d7a26-1f1a-3321-bb4d-7a9d969ec8f0,data/IOPS/KPI-1c6d7a26-1f1a-3321-bb4d-7a9d969ec8f0.test.out,43765,43779,14,18,test,KPI-1c6d7a26-1f1a-3321-bb4d-7a9d969ec8f0,
iops,KPI-1c6d7a26-1f1a-3321-bb4d-7a9d969ec8f0,data/IOPS/KPI-1c6d7a26-1f1a-3321-bb4d-7a9d969ec8f0.test.out,43896,43917,21,19,test,KPI-1c6d7a26-1f1a-3321-bb4d-7a9d969ec8f0,
iops,KPI-1c6d7a26-1f1a-3321-bb4d-7a9d969ec8f0,data/IOPS/KPI-1c6d7a26-1f1a-3321-bb4d-7a9d969ec8f0.test.out,51710,51714,4,20,test,KPI-1c6d7a26-1f1a-3321-bb4d-7a9d969ec8f0,
iops,KPI-1c6d7a26-1f1a-3321-bb4d-7a9d969ec8f0,data/IOPS/KPI-1c6d7a26-1f1a-3321-bb4d-7a9d969ec8f0.test.out,53857,53884,27,21,test,KPI-1c6d7a26-1f1a-3321-bb4d-7a9d969ec8f0,
iops,KPI-1c6d7a26-1f1a-3321-bb4d-7a9d969ec8f0,data/IOPS/KPI-1c6d7a26-1f1a-3321-bb4d-7a9d969ec8f0.test.out,53973,53993,20,22,test,KPI-1c6d7a26-1f1a-3321-bb4d-7a9d969ec8f0,
iops,KPI-1c6d7a26-1f1a-3321-bb4d-7a9d969ec8f0,data/IOPS/KPI-1c6d7a26-1f1a-3321-bb4d-7a9d969ec8f0.test.out,59874,59877,3,23,test,KPI-1c6d7a26-1f1a-3321-bb4d-7a9d969ec8f0,
iops,KPI-1c6d7a26-1f1a-3321-bb4d-7a9d969ec8f0,data/IOPS/KPI-1c6d7a26-1f1a-3321-bb4d-7a9d969ec8f0.test.out,62196,62199,3,24,test,KPI-1c6d7a26-1f1a-3321-bb4d-7a9d969ec8f0,
iops,KPI-1c6d7a26-1f1a-3321-bb4d-7a9d969ec8f0,data/IOPS/KPI-1c6d7a26-1f1a-3321-bb4d-7a9d969ec8f0.test.out,63937,63945,8,25,test,KPI-1c6d7a26-1f1a-3321-bb4d-7a9d969ec8f0,
iops,KPI-1c6d7a26-1f1a-3321-bb4d-7a9d969ec8f0,data/IOPS/KPI-1c6d7a26-1f1a-3321-bb4d-7a9d969ec8f0.test.out,64070,64093,23,26,test,KPI-1c6d7a26-1f1a-3321-bb4d-7a9d969ec8f0,
iops,KPI-1c6d7a26-1f1a-3321-bb4d-7a9d969ec8f0,data/IOPS/KPI-1c6d7a26-1f1a-3321-bb4d-7a9d969ec8f0.test.out,67847,67850,3,27,test,KPI-1c6d7a26-1f1a-3321-bb4d-7a9d969ec8f0,
iops,KPI-1c6d7a26-1f1a-3321-bb4d-7a9d969ec8f0,data/IOPS/KPI-1c6d7a26-1f1a-3321-bb4d-7a9d969ec8f0.test.out,74060,74071,11,28,test,KPI-1c6d7a26-1f1a-3321-bb4d-7a9d969ec8f0,
iops,KPI-1c6d7a26-1f1a-3321-bb4d-7a9d969ec8f0,data/IOPS/KPI-1c6d7a26-1f1a-3321-bb4d-7a9d969ec8f0.test.out,74192,74212,20,29,test,KPI-1c6d7a26-1f1a-3321-bb4d-7a9d969ec8f0,
iops,KPI-1c6d7a26-1f1a-3321-bb4d-7a9d969ec8f0,data/IOPS/KPI-1c6d7a26-1f1a-3321-bb4d-7a9d969ec8f0.test.out,76490,76493,3,30,test,KPI-1c6d7a26-1f1a-3321-bb4d-7a9d969ec8f0,
iops,KPI-1c6d7a26-1f1a-3321-bb4d-7a9d969ec8f0,data/IOPS/KPI-1c6d7a26-1f1a-3321-bb4d-7a9d969ec8f0.test.out,80879,80882,3,31,test,KPI-1c6d7a26-1f1a-3321-bb4d-7a9d969ec8f0,
iops,KPI-1c6d7a26-1f1a-3321-bb4d-7a9d969ec8f0,data/IOPS/KPI-1c6d7a26-1f1a-3321-bb4d-7a9d969ec8f0.test.out,83997,84001,4,32,test,KPI-1c6d7a26-1f1a-3321-bb4d-7a9d969ec8f0,
iops,KPI-1c6d7a26-1f1a-3321-bb4d-7a9d969ec8f0,data/IOPS/KPI-1c6d7a26-1f1a-3321-bb4d-7a9d969ec8f0.test.out,84068,84081,13,33,test,KPI-1c6d7a26-1f1a-3321-bb4d-7a9d969ec8f0,
iops,KPI-1c6d7a26-1f1a-3321-bb4d-7a9d969ec8f0,data/IOPS/KPI-1c6d7a26-1f1a-3321-bb4d-7a9d969ec8f0.test.out,84199,84218,19,34,test,KPI-1c6d7a26-1f1a-3321-bb4d-7a9d969ec8f0,
iops,KPI-1c6d7a26-1f1a-3321-bb4d-7a9d969ec8f0,data/IOPS/KPI-1c6d7a26-1f1a-3321-bb4d-7a9d969ec8f0.test.out,91570,91587,17,35,test,KPI-1c6d7a26-1f1a-3321-bb4d-7a9d969ec8f0,
iops,KPI-1c6d7a26-1f1a-3321-bb4d-7a9d969ec8f0,data/IOPS/KPI-1c6d7a26-1f1a-3321-bb4d-7a9d969ec8f0.test.out,92298,92301,3,36,test,KPI-1c6d7a26-1f1a-3321-bb4d-7a9d969ec8f0,
iops,KPI-1c6d7a26-1f1a-3321-bb4d-7a9d969ec8f0,data/IOPS/KPI-1c6d7a26-1f1a-3321-bb4d-7a9d969ec8f0.test.out,93463,93483,20,37,test,KPI-1c6d7a26-1f1a-3321-bb4d-7a9d969ec8f0,
iops,KPI-1c6d7a26-1f1a-3321-bb4d-7a9d969ec8f0,data/IOPS/KPI-1c6d7a26-1f1a-3321-bb4d-7a9d969ec8f0.test.out,94202,94219,17,38,test,KPI-1c6d7a26-1f1a-3321-bb4d-7a9d969ec8f0,
iops,KPI-1c6d7a26-1f1a-3321-bb4d-7a9d969ec8f0,data/IOPS/KPI-1c6d7a26-1f1a-3321-bb4d-7a9d969ec8f0.test.out,94338,94358,20,39,test,KPI-1c6d7a26-1f1a-3321-bb4d-7a9d969ec8f0,
iops,KPI-1c6d7a26-1f1a-3321-bb4d-7a9d969ec8f0,data/IOPS/KPI-1c6d7a26-1f1a-3321-bb4d-7a9d969ec8f0.test.out,100570,100574,4,40,test,KPI-1c6d7a26-1f1a-3321-bb4d-7a9d969ec8f0,
iops,KPI-1c6d7a26-1f1a-3321-bb4d-7a9d969ec8f0,data/IOPS/KPI-1c6d7a26-1f1a-3321-bb4d-7a9d969ec8f0.test.out,104294,104304,10,41,test,KPI-1c6d7a26-1f1a-3321-bb4d-7a9d969ec8f0,
iops,KPI-1c6d7a26-1f1a-3321-bb4d-7a9d969ec8f0,data/IOPS/KPI-1c6d7a26-1f1a-3321-bb4d-7a9d969ec8f0.test.out,104409,104429,20,42,test,KPI-1c6d7a26-1f1a-3321-bb4d-7a9d969ec8f0,
iops,KPI-1c6d7a26-1f1a-3321-bb4d-7a9d969ec8f0,data/IOPS/KPI-1c6d7a26-1f1a-3321-bb4d-7a9d969ec8f0.test.out,108859,108862,3,43,test,KPI-1c6d7a26-1f1a-3321-bb4d-7a9d969ec8f0,
iops,KPI-1c6d7a26-1f1a-3321-bb4d-7a9d969ec8f0,data/IOPS/KPI-1c6d7a26-1f1a-3321-bb4d-7a9d969ec8f0.test.out,116818,116821,3,44,test,KPI-1c6d7a26-1f1a-3321-bb4d-7a9d969ec8f0,
iops,KPI-1c6d7a26-1f1a-3321-bb4d-7a9d969ec8f0,data/IOPS/KPI-1c6d7a26-1f1a-3321-bb4d-7a9d969ec8f0.test.out,125037,125041,4,45,test,KPI-1c6d7a26-1f1a-3321-bb4d-7a9d969ec8f0,
iops,KPI-1c6d7a26-1f1a-3321-bb4d-7a9d969ec8f0,data/IOPS/KPI-1c6d7a26-1f1a-3321-bb4d-7a9d969ec8f0.test.out,126666,126670,4,46,test,KPI-1c6d7a26-1f1a-3321-bb4d-7a9d969ec8f0,
iops,KPI-1c6d7a26-1f1a-3321-bb4d-7a9d969ec8f0,data/IOPS/KPI-1c6d7a26-1f1a-3321-bb4d-7a9d969ec8f0.test.out,126693,126696,3,47,test,KPI-1c6d7a26-1f1a-3321-bb4d-7a9d969ec8f0,
iops,KPI-1c6d7a26-1f1a-3321-bb4d-7a9d969ec8f0,data/IOPS/KPI-1c6d7a26-1f1a-3321-bb4d-7a9d969ec8f0.test.out,126709,126714,5,48,test,KPI-1c6d7a26-1f1a-3321-bb4d-7a9d969ec8f0,
iops,KPI-1c6d7a26-1f1a-3321-bb4d-7a9d969ec8f0,data/IOPS/KPI-1c6d7a26-1f1a-3321-bb4d-7a9d969ec8f0.test.out,133079,133083,4,49,test,KPI-1c6d7a26-1f1a-3321-bb4d-7a9d969ec8f0,
iops,KPI-1c6d7a26-1f1a-3321-bb4d-7a9d969ec8f0,data/IOPS/KPI-1c6d7a26-1f1a-3321-bb4d-7a9d969ec8f0.test.out,134504,134515,11,50,test,KPI-1c6d7a26-1f1a-3321-bb4d-7a9d969ec8f0,
iops,KPI-1c6d7a26-1f1a-3321-bb4d-7a9d969ec8f0,data/IOPS/KPI-1c6d7a26-1f1a-3321-bb4d-7a9d969ec8f0.test.out,134670,134690,20,51,test,KPI-1c6d7a26-1f1a-3321-bb4d-7a9d969ec8f0,
iops,KPI-1c6d7a26-1f1a-3321-bb4d-7a9d969ec8f0,data/IOPS/KPI-1c6d7a26-1f1a-3321-bb4d-7a9d969ec8f0.test.out,134762,134798,36,52,test,KPI-1c6d7a26-1f1a-3321-bb4d-7a9d969ec8f0,
iops,KPI-1c6d7a26-1f1a-3321-bb4d-7a9d969ec8f0,data/IOPS/KPI-1c6d7a26-1f1a-3321-bb4d-7a9d969ec8f0.test.out,139774,139779,5,53,test,KPI-1c6d7a26-1f1a-3321-bb4d-7a9d969ec8f0,
iops,KPI-1c6d7a26-1f1a-3321-bb4d-7a9d969ec8f0,data/IOPS/KPI-1c6d7a26-1f1a-3321-bb4d-7a9d969ec8f0.test.out,144560,144571,11,54,test,KPI-1c6d7a26-1f1a-3321-bb4d-7a9d969ec8f0,
iops,KPI-1c6d7a26-1f1a-3321-bb4d-7a9d969ec8f0,data/IOPS/KPI-1c6d7a26-1f1a-3321-bb4d-7a9d969ec8f0.test.out,144693,144714,21,55,test,KPI-1c6d7a26-1f1a-3321-bb4d-7a9d969ec8f0,
iops,KPI-1c6d7a26-1f1a-3321-bb4d-7a9d969ec8f0,data/IOPS/KPI-1c6d7a26-1f1a-3321-bb4d-7a9d969ec8f0.test.out,147671,147675,4,56,test,KPI-1c6d7a26-1f1a-3321-bb4d-7a9d969ec8f0,
iops,KPI-301c70d8-1630-35ac-8f96-bc1b6f4359ea,data/IOPS/KPI-301c70d8-1630-35ac-8f96-bc1b6f4359ea.test.out,1583,1588,5,1,test,KPI-301c70d8-1630-35ac-8f96-bc1b6f4359ea,
iops,KPI-301c70d8-1630-35ac-8f96-bc1b6f4359ea,data/IOPS/KPI-301c70d8-1630-35ac-8f96-bc1b6f4359ea.test.out,1595,1643,48,2,test,KPI-301c70d8-1630-35ac-8f96-bc1b6f4359ea,
iops,KPI-301c70d8-1630-35ac-8f96-bc1b6f4359ea,data/IOPS/KPI-301c70d8-1630-35ac-8f96-bc1b6f4359ea.test.out,1931,1936,5,3,test,KPI-301c70d8-1630-35ac-8f96-bc1b6f4359ea,
iops,KPI-301c70d8-1630-35ac-8f96-bc1b6f4359ea,data/IOPS/KPI-301c70d8-1630-35ac-8f96-bc1b6f4359ea.test.out,1998,2001,3,4,test,KPI-301c70d8-1630-35ac-8f96-bc1b6f4359ea,
iops,KPI-301c70d8-1630-35ac-8f96-bc1b6f4359ea,data/IOPS/KPI-301c70d8-1630-35ac-8f96-bc1b6f4359ea.test.out,2159,2166,7,5,test,KPI-301c70d8-1630-35ac-8f96-bc1b6f4359ea,
iops,KPI-301c70d8-1630-35ac-8f96-bc1b6f4359ea,data/IOPS/KPI-301c70d8-1630-35ac-8f96-bc1b6f4359ea.test.out,2471,2476,5,6,test,KPI-301c70d8-1630-35ac-8f96-bc1b6f4359ea,
iops,KPI-301c70d8-1630-35ac-8f96-bc1b6f4359ea,data/IOPS/KPI-301c70d8-1630-35ac-8f96-bc1b6f4359ea.test.out,3023,3033,10,7,test,KPI-301c70d8-1630-35ac-8f96-bc1b6f4359ea,
iops,KPI-301c70d8-1630-35ac-8f96-bc1b6f4359ea,data/IOPS/KPI-301c70d8-1630-35ac-8f96-bc1b6f4359ea.test.out,3587,3591,4,8,test,KPI-301c70d8-1630-35ac-8f96-bc1b6f4359ea,
iops,KPI-301c70d8-1630-35ac-8f96-bc1b6f4359ea,data/IOPS/KPI-301c70d8-1630-35ac-8f96-bc1b6f4359ea.test.out,3768,3771,3,9,test,KPI-301c70d8-1630-35ac-8f96-bc1b6f4359ea,
iops,KPI-301c70d8-1630-35ac-8f96-bc1b6f4359ea,data/IOPS/KPI-301c70d8-1630-35ac-8f96-bc1b6f4359ea.test.out,3946,3952,6,10,test,KPI-301c70d8-1630-35ac-8f96-bc1b6f4359ea,
iops,KPI-301c70d8-1630-35ac-8f96-bc1b6f4359ea,data/IOPS/KPI-301c70d8-1630-35ac-8f96-bc1b6f4359ea.test.out,4236,4242,6,11,test,KPI-301c70d8-1630-35ac-8f96-bc1b6f4359ea,
iops,KPI-301c70d8-1630-35ac-8f96-bc1b6f4359ea,data/IOPS/KPI-301c70d8-1630-35ac-8f96-bc1b6f4359ea.test.out,4603,4606,3,12,test,KPI-301c70d8-1630-35ac-8f96-bc1b6f4359ea,
iops,KPI-301c70d8-1630-35ac-8f96-bc1b6f4359ea,data/IOPS/KPI-301c70d8-1630-35ac-8f96-bc1b6f4359ea.test.out,5103,5107,4,13,test,KPI-301c70d8-1630-35ac-8f96-bc1b6f4359ea,
iops,KPI-301c70d8-1630-35ac-8f96-bc1b6f4359ea,data/IOPS/KPI-301c70d8-1630-35ac-8f96-bc1b6f4359ea.test.out,5181,5183,2,14,test,KPI-301c70d8-1630-35ac-8f96-bc1b6f4359ea,
iops,KPI-301c70d8-1630-35ac-8f96-bc1b6f4359ea,data/IOPS/KPI-301c70d8-1630-35ac-8f96-bc1b6f4359ea.test.out,5200,5205,5,15,test,KPI-301c70d8-1630-35ac-8f96-bc1b6f4359ea,
iops,KPI-301c70d8-1630-35ac-8f96-bc1b6f4359ea,data/IOPS/KPI-301c70d8-1630-35ac-8f96-bc1b6f4359ea.test.out,5236,5239,3,16,test,KPI-301c70d8-1630-35ac-8f96-bc1b6f4359ea,
iops,KPI-301c70d8-1630-35ac-8f96-bc1b6f4359ea,data/IOPS/KPI-301c70d8-1630-35ac-8f96-bc1b6f4359ea.test.out,5380,5392,12,17,test,KPI-301c70d8-1630-35ac-8f96-bc1b6f4359ea,
iops,KPI-301c70d8-1630-35ac-8f96-bc1b6f4359ea,data/IOPS/KPI-301c70d8-1630-35ac-8f96-bc1b6f4359ea.test.out,5516,5520,4,18,test,KPI-301c70d8-1630-35ac-8f96-bc1b6f4359ea,
iops,KPI-301c70d8-1630-35ac-8f96-bc1b6f4359ea,data/IOPS/KPI-301c70d8-1630-35ac-8f96-bc1b6f4359ea.test.out,5845,5849,4,19,test,KPI-301c70d8-1630-35ac-8f96-bc1b6f4359ea,
iops,KPI-301c70d8-1630-35ac-8f96-bc1b6f4359ea,data/IOPS/KPI-301c70d8-1630-35ac-8f96-bc1b6f4359ea.test.out,6188,6192,4,20,test,KPI-301c70d8-1630-35ac-8f96-bc1b6f4359ea,
iops,KPI-301c70d8-1630-35ac-8f96-bc1b6f4359ea,data/IOPS/KPI-301c70d8-1630-35ac-8f96-bc1b6f4359ea.test.out,6456,6459,3,21,test,KPI-301c70d8-1630-35ac-8f96-bc1b6f4359ea,
iops,KPI-301c70d8-1630-35ac-8f96-bc1b6f4359ea,data/IOPS/KPI-301c70d8-1630-35ac-8f96-bc1b6f4359ea.test.out,6538,6543,5,22,test,KPI-301c70d8-1630-35ac-8f96-bc1b6f4359ea,
iops,KPI-301c70d8-1630-35ac-8f96-bc1b6f4359ea,data/IOPS/KPI-301c70d8-1630-35ac-8f96-bc1b6f4359ea.test.out,6827,6831,4,23,test,KPI-301c70d8-1630-35ac-8f96-bc1b6f4359ea,
iops,KPI-301c70d8-1630-35ac-8f96-bc1b6f4359ea,data/IOPS/KPI-301c70d8-1630-35ac-8f96-bc1b6f4359ea.test.out,6942,6952,10,24,test,KPI-301c70d8-1630-35ac-8f96-bc1b6f4359ea,
iops,KPI-301c70d8-1630-35ac-8f96-bc1b6f4359ea,data/IOPS/KPI-301c70d8-1630-35ac-8f96-bc1b6f4359ea.test.out,7115,7119,4,25,test,KPI-301c70d8-1630-35ac-8f96-bc1b6f4359ea,
iops,KPI-301c70d8-1630-35ac-8f96-bc1b6f4359ea,data/IOPS/KPI-301c70d8-1630-35ac-8f96-bc1b6f4359ea.test.out,7580,7584,4,26,test,KPI-301c70d8-1630-35ac-8f96-bc1b6f4359ea,
iops,KPI-301c70d8-1630-35ac-8f96-bc1b6f4359ea,data/IOPS/KPI-301c70d8-1630-35ac-8f96-bc1b6f4359ea.test.out,7619,7623,4,27,test,KPI-301c70d8-1630-35ac-8f96-bc1b6f4359ea,
iops,KPI-301c70d8-1630-35ac-8f96-bc1b6f4359ea,data/IOPS/KPI-301c70d8-1630-35ac-8f96-bc1b6f4359ea.test.out,7693,7697,4,28,test,KPI-301c70d8-1630-35ac-8f96-bc1b6f4359ea,
iops,KPI-301c70d8-1630-35ac-8f96-bc1b6f4359ea,data/IOPS/KPI-301c70d8-1630-35ac-8f96-bc1b6f4359ea.test.out,7919,7923,4,29,test,KPI-301c70d8-1630-35ac-8f96-bc1b6f4359ea,
iops,KPI-301c70d8-1630-35ac-8f96-bc1b6f4359ea,data/IOPS/KPI-301c70d8-1630-35ac-8f96-bc1b6f4359ea.test.out,7925,7928,3,30,test,KPI-301c70d8-1630-35ac-8f96-bc1b6f4359ea,
iops,KPI-301c70d8-1630-35ac-8f96-bc1b6f4359ea,data/IOPS/KPI-301c70d8-1630-35ac-8f96-bc1b6f4359ea.test.out,8207,8213,6,31,test,KPI-301c70d8-1630-35ac-8f96-bc1b6f4359ea,
iops,KPI-301c70d8-1630-35ac-8f96-bc1b6f4359ea,data/IOPS/KPI-301c70d8-1630-35ac-8f96-bc1b6f4359ea.test.out,8494,8502,8,32,test,KPI-301c70d8-1630-35ac-8f96-bc1b6f4359ea,
iops,KPI-301c70d8-1630-35ac-8f96-bc1b6f4359ea,data/IOPS/KPI-301c70d8-1630-35ac-8f96-bc1b6f4359ea.test.out,8507,8511,4,33,test,KPI-301c70d8-1630-35ac-8f96-bc1b6f4359ea,
iops,KPI-42d6616d-c9c5-370a-a8ba-17ead74f3114,data/IOPS/KPI-42d6616d-c9c5-370a-a8ba-17ead74f3114.test.out,3715,3738,23,1,test,KPI-42d6616d-c9c5-370a-a8ba-17ead74f3114,
iops,KPI-42d6616d-c9c5-370a-a8ba-17ead74f3114,data/IOPS/KPI-42d6616d-c9c5-370a-a8ba-17ead74f3114.test.out,8198,8201,3,2,test,KPI-42d6616d-c9c5-370a-a8ba-17ead74f3114,
iops,KPI-42d6616d-c9c5-370a-a8ba-17ead74f3114,data/IOPS/KPI-42d6616d-c9c5-370a-a8ba-17ead74f3114.test.out,13680,13705,25,3,test,KPI-42d6616d-c9c5-370a-a8ba-17ead74f3114,
iops,KPI-42d6616d-c9c5-370a-a8ba-17ead74f3114,data/IOPS/KPI-42d6616d-c9c5-370a-a8ba-17ead74f3114.test.out,21158,21161,3,4,test,KPI-42d6616d-c9c5-370a-a8ba-17ead74f3114,
iops,KPI-42d6616d-c9c5-370a-a8ba-17ead74f3114,data/IOPS/KPI-42d6616d-c9c5-370a-a8ba-17ead74f3114.test.out,23761,23788,27,5,test,KPI-42d6616d-c9c5-370a-a8ba-17ead74f3114,
iops,KPI-42d6616d-c9c5-370a-a8ba-17ead74f3114,data/IOPS/KPI-42d6616d-c9c5-370a-a8ba-17ead74f3114.test.out,24398,24401,3,6,test,KPI-42d6616d-c9c5-370a-a8ba-17ead74f3114,
iops,KPI-42d6616d-c9c5-370a-a8ba-17ead74f3114,data/IOPS/KPI-42d6616d-c9c5-370a-a8ba-17ead74f3114.test.out,25674,25677,3,7,test,KPI-42d6616d-c9c5-370a-a8ba-17ead74f3114,
iops,KPI-42d6616d-c9c5-370a-a8ba-17ead74f3114,data/IOPS/KPI-42d6616d-c9c5-370a-a8ba-17ead74f3114.test.out,26077,26080,3,8,test,KPI-42d6616d-c9c5-370a-a8ba-17ead74f3114,
iops,KPI-42d6616d-c9c5-370a-a8ba-17ead74f3114,data/IOPS/KPI-42d6616d-c9c5-370a-a8ba-17ead74f3114.test.out,26198,26201,3,9,test,KPI-42d6616d-c9c5-370a-a8ba-17ead74f3114,
iops,KPI-42d6616d-c9c5-370a-a8ba-17ead74f3114,data/IOPS/KPI-42d6616d-c9c5-370a-a8ba-17ead74f3114.test.out,33802,33828,26,10,test,KPI-42d6616d-c9c5-370a-a8ba-17ead74f3114,
iops,KPI-42d6616d-c9c5-370a-a8ba-17ead74f3114,data/IOPS/KPI-42d6616d-c9c5-370a-a8ba-17ead74f3114.test.out,34115,34119,4,11,test,KPI-42d6616d-c9c5-370a-a8ba-17ead74f3114,
iops,KPI-42d6616d-c9c5-370a-a8ba-17ead74f3114,data/IOPS/KPI-42d6616d-c9c5-370a-a8ba-17ead74f3114.test.out,34296,34299,3,12,test,KPI-42d6616d-c9c5-370a-a8ba-17ead74f3114,
iops,KPI-42d6616d-c9c5-370a-a8ba-17ead74f3114,data/IOPS/KPI-42d6616d-c9c5-370a-a8ba-17ead74f3114.test.out,35436,35440,4,13,test,KPI-42d6616d-c9c5-370a-a8ba-17ead74f3114,
iops,KPI-42d6616d-c9c5-370a-a8ba-17ead74f3114,data/IOPS/KPI-42d6616d-c9c5-370a-a8ba-17ead74f3114.test.out,35916,35919,3,14,test,KPI-42d6616d-c9c5-370a-a8ba-17ead74f3114,
iops,KPI-42d6616d-c9c5-370a-a8ba-17ead74f3114,data/IOPS/KPI-42d6616d-c9c5-370a-a8ba-17ead74f3114.test.out,36156,36161,5,15,test,KPI-42d6616d-c9c5-370a-a8ba-17ead74f3114,
iops,KPI-42d6616d-c9c5-370a-a8ba-17ead74f3114,data/IOPS/KPI-42d6616d-c9c5-370a-a8ba-17ead74f3114.test.out,37658,37662,4,16,test,KPI-42d6616d-c9c5-370a-a8ba-17ead74f3114,
iops,KPI-42d6616d-c9c5-370a-a8ba-17ead74f3114,data/IOPS/KPI-42d6616d-c9c5-370a-a8ba-17ead74f3114.test.out,38678,38681,3,17,test,KPI-42d6616d-c9c5-370a-a8ba-17ead74f3114,
iops,KPI-42d6616d-c9c5-370a-a8ba-17ead74f3114,data/IOPS/KPI-42d6616d-c9c5-370a-a8ba-17ead74f3114.test.out,39038,39041,3,18,test,KPI-42d6616d-c9c5-370a-a8ba-17ead74f3114,
iops,KPI-42d6616d-c9c5-370a-a8ba-17ead74f3114,data/IOPS/KPI-42d6616d-c9c5-370a-a8ba-17ead74f3114.test.out,43935,43960,25,19,test,KPI-42d6616d-c9c5-370a-a8ba-17ead74f3114,
iops,KPI-42d6616d-c9c5-370a-a8ba-17ead74f3114,data/IOPS/KPI-42d6616d-c9c5-370a-a8ba-17ead74f3114.test.out,44617,44620,3,20,test,KPI-42d6616d-c9c5-370a-a8ba-17ead74f3114,
iops,KPI-42d6616d-c9c5-370a-a8ba-17ead74f3114,data/IOPS/KPI-42d6616d-c9c5-370a-a8ba-17ead74f3114.test.out,44797,44802,5,21,test,KPI-42d6616d-c9c5-370a-a8ba-17ead74f3114,
iops,KPI-42d6616d-c9c5-370a-a8ba-17ead74f3114,data/IOPS/KPI-42d6616d-c9c5-370a-a8ba-17ead74f3114.test.out,45997,46001,4,22,test,KPI-42d6616d-c9c5-370a-a8ba-17ead74f3114,
iops,KPI-42d6616d-c9c5-370a-a8ba-17ead74f3114,data/IOPS/KPI-42d6616d-c9c5-370a-a8ba-17ead74f3114.test.out,47557,47560,3,23,test,KPI-42d6616d-c9c5-370a-a8ba-17ead74f3114,
iops,KPI-42d6616d-c9c5-370a-a8ba-17ead74f3114,data/IOPS/KPI-42d6616d-c9c5-370a-a8ba-17ead74f3114.test.out,48818,48821,3,24,test,KPI-42d6616d-c9c5-370a-a8ba-17ead74f3114,
iops,KPI-42d6616d-c9c5-370a-a8ba-17ead74f3114,data/IOPS/KPI-42d6616d-c9c5-370a-a8ba-17ead74f3114.test.out,54012,54039,27,25,test,KPI-42d6616d-c9c5-370a-a8ba-17ead74f3114,
iops,KPI-42d6616d-c9c5-370a-a8ba-17ead74f3114,data/IOPS/KPI-42d6616d-c9c5-370a-a8ba-17ead74f3114.test.out,54074,54078,4,26,test,KPI-42d6616d-c9c5-370a-a8ba-17ead74f3114,
iops,KPI-42d6616d-c9c5-370a-a8ba-17ead74f3114,data/IOPS/KPI-42d6616d-c9c5-370a-a8ba-17ead74f3114.test.out,64111,64135,24,27,test,KPI-42d6616d-c9c5-370a-a8ba-17ead74f3114,
iops,KPI-42d6616d-c9c5-370a-a8ba-17ead74f3114,data/IOPS/KPI-42d6616d-c9c5-370a-a8ba-17ead74f3114.test.out,71642,71645,3,28,test,KPI-42d6616d-c9c5-370a-a8ba-17ead74f3114,
iops,KPI-42d6616d-c9c5-370a-a8ba-17ead74f3114,data/IOPS/KPI-42d6616d-c9c5-370a-a8ba-17ead74f3114.test.out,72093,72096,3,29,test,KPI-42d6616d-c9c5-370a-a8ba-17ead74f3114,
iops,KPI-42d6616d-c9c5-370a-a8ba-17ead74f3114,data/IOPS/KPI-42d6616d-c9c5-370a-a8ba-17ead74f3114.test.out,74229,74254,25,30,test,KPI-42d6616d-c9c5-370a-a8ba-17ead74f3114,
iops,KPI-42d6616d-c9c5-370a-a8ba-17ead74f3114,data/IOPS/KPI-42d6616d-c9c5-370a-a8ba-17ead74f3114.test.out,83366,83369,3,31,test,KPI-42d6616d-c9c5-370a-a8ba-17ead74f3114,
iops,KPI-42d6616d-c9c5-370a-a8ba-17ead74f3114,data/IOPS/KPI-42d6616d-c9c5-370a-a8ba-17ead74f3114.test.out,84236,84259,23,32,test,KPI-42d6616d-c9c5-370a-a8ba-17ead74f3114,
iops,KPI-42d6616d-c9c5-370a-a8ba-17ead74f3114,data/IOPS/KPI-42d6616d-c9c5-370a-a8ba-17ead74f3114.test.out,88575,88578,3,33,test,KPI-42d6616d-c9c5-370a-a8ba-17ead74f3114,
iops,KPI-42d6616d-c9c5-370a-a8ba-17ead74f3114,data/IOPS/KPI-42d6616d-c9c5-370a-a8ba-17ead74f3114.test.out,88783,88786,3,34,test,KPI-42d6616d-c9c5-370a-a8ba-17ead74f3114,
iops,KPI-42d6616d-c9c5-370a-a8ba-17ead74f3114,data/IOPS/KPI-42d6616d-c9c5-370a-a8ba-17ead74f3114.test.out,90676,90682,6,35,test,KPI-42d6616d-c9c5-370a-a8ba-17ead74f3114,
iops,KPI-42d6616d-c9c5-370a-a8ba-17ead74f3114,data/IOPS/KPI-42d6616d-c9c5-370a-a8ba-17ead74f3114.test.out,90854,90865,11,36,test,KPI-42d6616d-c9c5-370a-a8ba-17ead74f3114,
iops,KPI-42d6616d-c9c5-370a-a8ba-17ead74f3114,data/IOPS/KPI-42d6616d-c9c5-370a-a8ba-17ead74f3114.test.out,94378,94404,26,37,test,KPI-42d6616d-c9c5-370a-a8ba-17ead74f3114,
iops,KPI-42d6616d-c9c5-370a-a8ba-17ead74f3114,data/IOPS/KPI-42d6616d-c9c5-370a-a8ba-17ead74f3114.test.out,97393,97396,3,38,test,KPI-42d6616d-c9c5-370a-a8ba-17ead74f3114,
iops,KPI-42d6616d-c9c5-370a-a8ba-17ead74f3114,data/IOPS/KPI-42d6616d-c9c5-370a-a8ba-17ead74f3114.test.out,102076,102079,3,39,test,KPI-42d6616d-c9c5-370a-a8ba-17ead74f3114,
iops,KPI-42d6616d-c9c5-370a-a8ba-17ead74f3114,data/IOPS/KPI-42d6616d-c9c5-370a-a8ba-17ead74f3114.test.out,104450,104475,25,40,test,KPI-42d6616d-c9c5-370a-a8ba-17ead74f3114,
iops,KPI-42d6616d-c9c5-370a-a8ba-17ead74f3114,data/IOPS/KPI-42d6616d-c9c5-370a-a8ba-17ead74f3114.test.out,105242,105246,4,41,test,KPI-42d6616d-c9c5-370a-a8ba-17ead74f3114,
iops,KPI-42d6616d-c9c5-370a-a8ba-17ead74f3114,data/IOPS/KPI-42d6616d-c9c5-370a-a8ba-17ead74f3114.test.out,109448,109451,3,42,test,KPI-42d6616d-c9c5-370a-a8ba-17ead74f3114,
iops,KPI-42d6616d-c9c5-370a-a8ba-17ead74f3114,data/IOPS/KPI-42d6616d-c9c5-370a-a8ba-17ead74f3114.test.out,109692,110084,392,43,test,KPI-42d6616d-c9c5-370a-a8ba-17ead74f3114,
iops,KPI-42d6616d-c9c5-370a-a8ba-17ead74f3114,data/IOPS/KPI-42d6616d-c9c5-370a-a8ba-17ead74f3114.test.out,122053,122056,3,44,test,KPI-42d6616d-c9c5-370a-a8ba-17ead74f3114,
iops,KPI-42d6616d-c9c5-370a-a8ba-17ead74f3114,data/IOPS/KPI-42d6616d-c9c5-370a-a8ba-17ead74f3114.test.out,122151,122154,3,45,test,KPI-42d6616d-c9c5-370a-a8ba-17ead74f3114,
iops,KPI-42d6616d-c9c5-370a-a8ba-17ead74f3114,data/IOPS/KPI-42d6616d-c9c5-370a-a8ba-17ead74f3114.test.out,122332,122335,3,46,test,KPI-42d6616d-c9c5-370a-a8ba-17ead74f3114,
iops,KPI-42d6616d-c9c5-370a-a8ba-17ead74f3114,data/IOPS/KPI-42d6616d-c9c5-370a-a8ba-17ead74f3114.test.out,124609,124612,3,47,test,KPI-42d6616d-c9c5-370a-a8ba-17ead74f3114,
iops,KPI-42d6616d-c9c5-370a-a8ba-17ead74f3114,data/IOPS/KPI-42d6616d-c9c5-370a-a8ba-17ead74f3114.test.out,124847,124852,5,48,test,KPI-42d6616d-c9c5-370a-a8ba-17ead74f3114,
iops,KPI-42d6616d-c9c5-370a-a8ba-17ead74f3114,data/IOPS/KPI-42d6616d-c9c5-370a-a8ba-17ead74f3114.test.out,129467,129470,3,49,test,KPI-42d6616d-c9c5-370a-a8ba-17ead74f3114,
iops,KPI-42d6616d-c9c5-370a-a8ba-17ead74f3114,data/IOPS/KPI-42d6616d-c9c5-370a-a8ba-17ead74f3114.test.out,129647,129651,4,50,test,KPI-42d6616d-c9c5-370a-a8ba-17ead74f3114,
iops,KPI-42d6616d-c9c5-370a-a8ba-17ead74f3114,data/IOPS/KPI-42d6616d-c9c5-370a-a8ba-17ead74f3114.test.out,131026,131029,3,51,test,KPI-42d6616d-c9c5-370a-a8ba-17ead74f3114,
iops,KPI-42d6616d-c9c5-370a-a8ba-17ead74f3114,data/IOPS/KPI-42d6616d-c9c5-370a-a8ba-17ead74f3114.test.out,134713,134738,25,52,test,KPI-42d6616d-c9c5-370a-a8ba-17ead74f3114,
iops,KPI-42d6616d-c9c5-370a-a8ba-17ead74f3114,data/IOPS/KPI-42d6616d-c9c5-370a-a8ba-17ead74f3114.test.out,136725,136731,6,53,test,KPI-42d6616d-c9c5-370a-a8ba-17ead74f3114,
iops,KPI-42d6616d-c9c5-370a-a8ba-17ead74f3114,data/IOPS/KPI-42d6616d-c9c5-370a-a8ba-17ead74f3114.test.out,138106,138110,4,54,test,KPI-42d6616d-c9c5-370a-a8ba-17ead74f3114,
iops,KPI-42d6616d-c9c5-370a-a8ba-17ead74f3114,data/IOPS/KPI-42d6616d-c9c5-370a-a8ba-17ead74f3114.test.out,138288,138293,5,55,test,KPI-42d6616d-c9c5-370a-a8ba-17ead74f3114,
iops,KPI-42d6616d-c9c5-370a-a8ba-17ead74f3114,data/IOPS/KPI-42d6616d-c9c5-370a-a8ba-17ead74f3114.test.out,138745,138748,3,56,test,KPI-42d6616d-c9c5-370a-a8ba-17ead74f3114,
iops,KPI-42d6616d-c9c5-370a-a8ba-17ead74f3114,data/IOPS/KPI-42d6616d-c9c5-370a-a8ba-17ead74f3114.test.out,138905,138908,3,57,test,KPI-42d6616d-c9c5-370a-a8ba-17ead74f3114,
iops,KPI-42d6616d-c9c5-370a-a8ba-17ead74f3114,data/IOPS/KPI-42d6616d-c9c5-370a-a8ba-17ead74f3114.test.out,139367,139370,3,58,test,KPI-42d6616d-c9c5-370a-a8ba-17ead74f3114,
iops,KPI-42d6616d-c9c5-370a-a8ba-17ead74f3114,data/IOPS/KPI-42d6616d-c9c5-370a-a8ba-17ead74f3114.test.out,142819,143279,460,59,test,KPI-42d6616d-c9c5-370a-a8ba-17ead74f3114,
iops,KPI-42d6616d-c9c5-370a-a8ba-17ead74f3114,data/IOPS/KPI-42d6616d-c9c5-370a-a8ba-17ead74f3114.test.out,144226,144706,480,60,test,KPI-42d6616d-c9c5-370a-a8ba-17ead74f3114,
iops,KPI-42d6616d-c9c5-370a-a8ba-17ead74f3114,data/IOPS/KPI-42d6616d-c9c5-370a-a8ba-17ead74f3114.test.out,144735,144761,26,61,test,KPI-42d6616d-c9c5-370a-a8ba-17ead74f3114,
iops,KPI-42d6616d-c9c5-370a-a8ba-17ead74f3114,data/IOPS/KPI-42d6616d-c9c5-370a-a8ba-17ead74f3114.test.out,145681,145749,68,62,test,KPI-42d6616d-c9c5-370a-a8ba-17ead74f3114,
iops,KPI-42d6616d-c9c5-370a-a8ba-17ead74f3114,data/IOPS/KPI-42d6616d-c9c5-370a-a8ba-17ead74f3114.test.out,146388,146392,4,63,test,KPI-42d6616d-c9c5-370a-a8ba-17ead74f3114,
iops,KPI-43115f2a-baeb-3b01-96f7-4ea14188343c,data/IOPS/KPI-43115f2a-baeb-3b01-96f7-4ea14188343c.test.out,5444,5487,43,1,test,KPI-43115f2a-baeb-3b01-96f7-4ea14188343c,
iops,KPI-43115f2a-baeb-3b01-96f7-4ea14188343c,data/IOPS/KPI-43115f2a-baeb-3b01-96f7-4ea14188343c.test.out,7684,7712,28,2,test,KPI-43115f2a-baeb-3b01-96f7-4ea14188343c,
iops,KPI-43115f2a-baeb-3b01-96f7-4ea14188343c,data/IOPS/KPI-43115f2a-baeb-3b01-96f7-4ea14188343c.test.out,15520,15565,45,3,test,KPI-43115f2a-baeb-3b01-96f7-4ea14188343c,
iops,KPI-43115f2a-baeb-3b01-96f7-4ea14188343c,data/IOPS/KPI-43115f2a-baeb-3b01-96f7-4ea14188343c.test.out,17027,17046,19,4,test,KPI-43115f2a-baeb-3b01-96f7-4ea14188343c,
iops,KPI-43115f2a-baeb-3b01-96f7-4ea14188343c,data/IOPS/KPI-43115f2a-baeb-3b01-96f7-4ea14188343c.test.out,20077,20080,3,5,test,KPI-43115f2a-baeb-3b01-96f7-4ea14188343c,
iops,KPI-43115f2a-baeb-3b01-96f7-4ea14188343c,data/IOPS/KPI-43115f2a-baeb-3b01-96f7-4ea14188343c.test.out,25619,25661,42,6,test,KPI-43115f2a-baeb-3b01-96f7-4ea14188343c,
iops,KPI-43115f2a-baeb-3b01-96f7-4ea14188343c,data/IOPS/KPI-43115f2a-baeb-3b01-96f7-4ea14188343c.test.out,26001,26035,34,7,test,KPI-43115f2a-baeb-3b01-96f7-4ea14188343c,
iops,KPI-43115f2a-baeb-3b01-96f7-4ea14188343c,data/IOPS/KPI-43115f2a-baeb-3b01-96f7-4ea14188343c.test.out,26486,26489,3,8,test,KPI-43115f2a-baeb-3b01-96f7-4ea14188343c,
iops,KPI-43115f2a-baeb-3b01-96f7-4ea14188343c,data/IOPS/KPI-43115f2a-baeb-3b01-96f7-4ea14188343c.test.out,27422,27425,3,9,test,KPI-43115f2a-baeb-3b01-96f7-4ea14188343c,
iops,KPI-43115f2a-baeb-3b01-96f7-4ea14188343c,data/IOPS/KPI-43115f2a-baeb-3b01-96f7-4ea14188343c.test.out,35065,35087,22,10,test,KPI-43115f2a-baeb-3b01-96f7-4ea14188343c,
iops,KPI-43115f2a-baeb-3b01-96f7-4ea14188343c,data/IOPS/KPI-43115f2a-baeb-3b01-96f7-4ea14188343c.test.out,35650,35659,9,11,test,KPI-43115f2a-baeb-3b01-96f7-4ea14188343c,
iops,KPI-43115f2a-baeb-3b01-96f7-4ea14188343c,data/IOPS/KPI-43115f2a-baeb-3b01-96f7-4ea14188343c.test.out,35738,35775,37,12,test,KPI-43115f2a-baeb-3b01-96f7-4ea14188343c,
iops,KPI-43115f2a-baeb-3b01-96f7-4ea14188343c,data/IOPS/KPI-43115f2a-baeb-3b01-96f7-4ea14188343c.test.out,38692,38695,3,13,test,KPI-43115f2a-baeb-3b01-96f7-4ea14188343c,
iops,KPI-43115f2a-baeb-3b01-96f7-4ea14188343c,data/IOPS/KPI-43115f2a-baeb-3b01-96f7-4ea14188343c.test.out,41797,41800,3,14,test,KPI-43115f2a-baeb-3b01-96f7-4ea14188343c,
iops,KPI-43115f2a-baeb-3b01-96f7-4ea14188343c,data/IOPS/KPI-43115f2a-baeb-3b01-96f7-4ea14188343c.test.out,42136,42139,3,15,test,KPI-43115f2a-baeb-3b01-96f7-4ea14188343c,
iops,KPI-43115f2a-baeb-3b01-96f7-4ea14188343c,data/IOPS/KPI-43115f2a-baeb-3b01-96f7-4ea14188343c.test.out,43324,43345,21,16,test,KPI-43115f2a-baeb-3b01-96f7-4ea14188343c,
iops,KPI-43115f2a-baeb-3b01-96f7-4ea14188343c,data/IOPS/KPI-43115f2a-baeb-3b01-96f7-4ea14188343c.test.out,45652,45660,8,17,test,KPI-43115f2a-baeb-3b01-96f7-4ea14188343c,
iops,KPI-43115f2a-baeb-3b01-96f7-4ea14188343c,data/IOPS/KPI-43115f2a-baeb-3b01-96f7-4ea14188343c.test.out,45740,45777,37,18,test,KPI-43115f2a-baeb-3b01-96f7-4ea14188343c,
iops,KPI-43115f2a-baeb-3b01-96f7-4ea14188343c,data/IOPS/KPI-43115f2a-baeb-3b01-96f7-4ea14188343c.test.out,46165,46168,3,19,test,KPI-43115f2a-baeb-3b01-96f7-4ea14188343c,
iops,KPI-43115f2a-baeb-3b01-96f7-4ea14188343c,data/IOPS/KPI-43115f2a-baeb-3b01-96f7-4ea14188343c.test.out,47755,47758,3,20,test,KPI-43115f2a-baeb-3b01-96f7-4ea14188343c,
iops,KPI-43115f2a-baeb-3b01-96f7-4ea14188343c,data/IOPS/KPI-43115f2a-baeb-3b01-96f7-4ea14188343c.test.out,48552,48555,3,21,test,KPI-43115f2a-baeb-3b01-96f7-4ea14188343c,
iops,KPI-43115f2a-baeb-3b01-96f7-4ea14188343c,data/IOPS/KPI-43115f2a-baeb-3b01-96f7-4ea14188343c.test.out,50078,50081,3,22,test,KPI-43115f2a-baeb-3b01-96f7-4ea14188343c,
iops,KPI-43115f2a-baeb-3b01-96f7-4ea14188343c,data/IOPS/KPI-43115f2a-baeb-3b01-96f7-4ea14188343c.test.out,51608,51611,3,23,test,KPI-43115f2a-baeb-3b01-96f7-4ea14188343c,
iops,KPI-43115f2a-baeb-3b01-96f7-4ea14188343c,data/IOPS/KPI-43115f2a-baeb-3b01-96f7-4ea14188343c.test.out,52290,52325,35,24,test,KPI-43115f2a-baeb-3b01-96f7-4ea14188343c,
iops,KPI-43115f2a-baeb-3b01-96f7-4ea14188343c,data/IOPS/KPI-43115f2a-baeb-3b01-96f7-4ea14188343c.test.out,55761,55764,3,25,test,KPI-43115f2a-baeb-3b01-96f7-4ea14188343c,
iops,KPI-43115f2a-baeb-3b01-96f7-4ea14188343c,data/IOPS/KPI-43115f2a-baeb-3b01-96f7-4ea14188343c.test.out,55787,55795,8,26,test,KPI-43115f2a-baeb-3b01-96f7-4ea14188343c,
iops,KPI-43115f2a-baeb-3b01-96f7-4ea14188343c,data/IOPS/KPI-43115f2a-baeb-3b01-96f7-4ea14188343c.test.out,55876,55919,43,27,test,KPI-43115f2a-baeb-3b01-96f7-4ea14188343c,
iops,KPI-43115f2a-baeb-3b01-96f7-4ea14188343c,data/IOPS/KPI-43115f2a-baeb-3b01-96f7-4ea14188343c.test.out,56371,56374,3,28,test,KPI-43115f2a-baeb-3b01-96f7-4ea14188343c,
iops,KPI-43115f2a-baeb-3b01-96f7-4ea14188343c,data/IOPS/KPI-43115f2a-baeb-3b01-96f7-4ea14188343c.test.out,56866,57046,180,29,test,KPI-43115f2a-baeb-3b01-96f7-4ea14188343c,
iops,KPI-43115f2a-baeb-3b01-96f7-4ea14188343c,data/IOPS/KPI-43115f2a-baeb-3b01-96f7-4ea14188343c.test.out,61097,61128,31,30,test,KPI-43115f2a-baeb-3b01-96f7-4ea14188343c,
iops,KPI-43115f2a-baeb-3b01-96f7-4ea14188343c,data/IOPS/KPI-43115f2a-baeb-3b01-96f7-4ea14188343c.test.out,63184,63187,3,31,test,KPI-43115f2a-baeb-3b01-96f7-4ea14188343c,
iops,KPI-43115f2a-baeb-3b01-96f7-4ea14188343c,data/IOPS/KPI-43115f2a-baeb-3b01-96f7-4ea14188343c.test.out,64523,64526,3,32,test,KPI-43115f2a-baeb-3b01-96f7-4ea14188343c,
iops,KPI-43115f2a-baeb-3b01-96f7-4ea14188343c,data/IOPS/KPI-43115f2a-baeb-3b01-96f7-4ea14188343c.test.out,65948,65998,50,33,test,KPI-43115f2a-baeb-3b01-96f7-4ea14188343c,
iops,KPI-43115f2a-baeb-3b01-96f7-4ea14188343c,data/IOPS/KPI-43115f2a-baeb-3b01-96f7-4ea14188343c.test.out,66561,66565,4,34,test,KPI-43115f2a-baeb-3b01-96f7-4ea14188343c,
iops,KPI-43115f2a-baeb-3b01-96f7-4ea14188343c,data/IOPS/KPI-43115f2a-baeb-3b01-96f7-4ea14188343c.test.out,68103,68106,3,35,test,KPI-43115f2a-baeb-3b01-96f7-4ea14188343c,
iops,KPI-43115f2a-baeb-3b01-96f7-4ea14188343c,data/IOPS/KPI-43115f2a-baeb-3b01-96f7-4ea14188343c.test.out,69357,69360,3,36,test,KPI-43115f2a-baeb-3b01-96f7-4ea14188343c,
iops,KPI-43115f2a-baeb-3b01-96f7-4ea14188343c,data/IOPS/KPI-43115f2a-baeb-3b01-96f7-4ea14188343c.test.out,70334,70342,8,37,test,KPI-43115f2a-baeb-3b01-96f7-4ea14188343c,
iops,KPI-43115f2a-baeb-3b01-96f7-4ea14188343c,data/IOPS/KPI-43115f2a-baeb-3b01-96f7-4ea14188343c.test.out,79162,79184,22,38,test,KPI-43115f2a-baeb-3b01-96f7-4ea14188343c,
iops,KPI-43115f2a-baeb-3b01-96f7-4ea14188343c,data/IOPS/KPI-43115f2a-baeb-3b01-96f7-4ea14188343c.test.out,83632,83635,3,39,test,KPI-43115f2a-baeb-3b01-96f7-4ea14188343c,
iops,KPI-43115f2a-baeb-3b01-96f7-4ea14188343c,data/IOPS/KPI-43115f2a-baeb-3b01-96f7-4ea14188343c.test.out,83987,83990,3,40,test,KPI-43115f2a-baeb-3b01-96f7-4ea14188343c,
iops,KPI-43115f2a-baeb-3b01-96f7-4ea14188343c,data/IOPS/KPI-43115f2a-baeb-3b01-96f7-4ea14188343c.test.out,86341,86344,3,41,test,KPI-43115f2a-baeb-3b01-96f7-4ea14188343c,
iops,KPI-43115f2a-baeb-3b01-96f7-4ea14188343c,data/IOPS/KPI-43115f2a-baeb-3b01-96f7-4ea14188343c.test.out,86802,86805,3,42,test,KPI-43115f2a-baeb-3b01-96f7-4ea14188343c,
iops,KPI-43115f2a-baeb-3b01-96f7-4ea14188343c,data/IOPS/KPI-43115f2a-baeb-3b01-96f7-4ea14188343c.test.out,87585,87596,11,43,test,KPI-43115f2a-baeb-3b01-96f7-4ea14188343c,
iops,KPI-43115f2a-baeb-3b01-96f7-4ea14188343c,data/IOPS/KPI-43115f2a-baeb-3b01-96f7-4ea14188343c.test.out,90778,90781,3,44,test,KPI-43115f2a-baeb-3b01-96f7-4ea14188343c,
iops,KPI-43115f2a-baeb-3b01-96f7-4ea14188343c,data/IOPS/KPI-43115f2a-baeb-3b01-96f7-4ea14188343c.test.out,96118,96128,10,45,test,KPI-43115f2a-baeb-3b01-96f7-4ea14188343c,
iops,KPI-43115f2a-baeb-3b01-96f7-4ea14188343c,data/IOPS/KPI-43115f2a-baeb-3b01-96f7-4ea14188343c.test.out,96148,96162,14,46,test,KPI-43115f2a-baeb-3b01-96f7-4ea14188343c,
iops,KPI-43115f2a-baeb-3b01-96f7-4ea14188343c,data/IOPS/KPI-43115f2a-baeb-3b01-96f7-4ea14188343c.test.out,96206,96234,28,47,test,KPI-43115f2a-baeb-3b01-96f7-4ea14188343c,
iops,KPI-43115f2a-baeb-3b01-96f7-4ea14188343c,data/IOPS/KPI-43115f2a-baeb-3b01-96f7-4ea14188343c.test.out,104875,104909,34,48,test,KPI-43115f2a-baeb-3b01-96f7-4ea14188343c,
iops,KPI-43115f2a-baeb-3b01-96f7-4ea14188343c,data/IOPS/KPI-43115f2a-baeb-3b01-96f7-4ea14188343c.test.out,104938,104942,4,49,test,KPI-43115f2a-baeb-3b01-96f7-4ea14188343c,
iops,KPI-43115f2a-baeb-3b01-96f7-4ea14188343c,data/IOPS/KPI-43115f2a-baeb-3b01-96f7-4ea14188343c.test.out,104950,104953,3,50,test,KPI-43115f2a-baeb-3b01-96f7-4ea14188343c,
iops,KPI-43115f2a-baeb-3b01-96f7-4ea14188343c,data/IOPS/KPI-43115f2a-baeb-3b01-96f7-4ea14188343c.test.out,106229,106272,43,51,test,KPI-43115f2a-baeb-3b01-96f7-4ea14188343c,
iops,KPI-431a8542-c468-3988-a508-3afd06a218da,data/IOPS/KPI-431a8542-c468-3988-a508-3afd06a218da.test.out,192,201,9,1,test,KPI-431a8542-c468-3988-a508-3afd06a218da,
iops,KPI-431a8542-c468-3988-a508-3afd06a218da,data/IOPS/KPI-431a8542-c468-3988-a508-3afd06a218da.test.out,213,220,7,2,test,KPI-431a8542-c468-3988-a508-3afd06a218da,
iops,KPI-431a8542-c468-3988-a508-3afd06a218da,data/IOPS/KPI-431a8542-c468-3988-a508-3afd06a218da.test.out,235,249,14,3,test,KPI-431a8542-c468-3988-a508-3afd06a218da,
iops,KPI-431a8542-c468-3988-a508-3afd06a218da,data/IOPS/KPI-431a8542-c468-3988-a508-3afd06a218da.test.out,280,296,16,4,test,KPI-431a8542-c468-3988-a508-3afd06a218da,
iops,KPI-431a8542-c468-3988-a508-3afd06a218da,data/IOPS/KPI-431a8542-c468-3988-a508-3afd06a218da.test.out,419,427,8,5,test,KPI-431a8542-c468-3988-a508-3afd06a218da,
iops,KPI-431a8542-c468-3988-a508-3afd06a218da,data/IOPS/KPI-431a8542-c468-3988-a508-3afd06a218da.test.out,1579,1587,8,6,test,KPI-431a8542-c468-3988-a508-3afd06a218da,
iops,KPI-431a8542-c468-3988-a508-3afd06a218da,data/IOPS/KPI-431a8542-c468-3988-a508-3afd06a218da.test.out,3072,3079,7,7,test,KPI-431a8542-c468-3988-a508-3afd06a218da,
iops,KPI-431a8542-c468-3988-a508-3afd06a218da,data/IOPS/KPI-431a8542-c468-3988-a508-3afd06a218da.test.out,4525,4533,8,8,test,KPI-431a8542-c468-3988-a508-3afd06a218da,
iops,KPI-431a8542-c468-3988-a508-3afd06a218da,data/IOPS/KPI-431a8542-c468-3988-a508-3afd06a218da.test.out,4553,4564,11,9,test,KPI-431a8542-c468-3988-a508-3afd06a218da,
iops,KPI-431a8542-c468-3988-a508-3afd06a218da,data/IOPS/KPI-431a8542-c468-3988-a508-3afd06a218da.test.out,4696,4704,8,10,test,KPI-431a8542-c468-3988-a508-3afd06a218da,
iops,KPI-431a8542-c468-3988-a508-3afd06a218da,data/IOPS/KPI-431a8542-c468-3988-a508-3afd06a218da.test.out,4835,4844,9,11,test,KPI-431a8542-c468-3988-a508-3afd06a218da,
iops,KPI-431a8542-c468-3988-a508-3afd06a218da,data/IOPS/KPI-431a8542-c468-3988-a508-3afd06a218da.test.out,5075,5083,8,12,test,KPI-431a8542-c468-3988-a508-3afd06a218da,
iops,KPI-431a8542-c468-3988-a508-3afd06a218da,data/IOPS/KPI-431a8542-c468-3988-a508-3afd06a218da.test.out,6395,6403,8,13,test,KPI-431a8542-c468-3988-a508-3afd06a218da,
iops,KPI-431a8542-c468-3988-a508-3afd06a218da,data/IOPS/KPI-431a8542-c468-3988-a508-3afd06a218da.test.out,6449,6458,9,14,test,KPI-431a8542-c468-3988-a508-3afd06a218da,
iops,KPI-431a8542-c468-3988-a508-3afd06a218da,data/IOPS/KPI-431a8542-c468-3988-a508-3afd06a218da.test.out,7478,7487,9,15,test,KPI-431a8542-c468-3988-a508-3afd06a218da,
iops,KPI-431a8542-c468-3988-a508-3afd06a218da,data/IOPS/KPI-431a8542-c468-3988-a508-3afd06a218da.test.out,10191,10199,8,16,test,KPI-431a8542-c468-3988-a508-3afd06a218da,
iops,KPI-431a8542-c468-3988-a508-3afd06a218da,data/IOPS/KPI-431a8542-c468-3988-a508-3afd06a218da.test.out,10223,10232,9,17,test,KPI-431a8542-c468-3988-a508-3afd06a218da,
iops,KPI-431a8542-c468-3988-a508-3afd06a218da,data/IOPS/KPI-431a8542-c468-3988-a508-3afd06a218da.test.out,10347,10355,8,18,test,KPI-431a8542-c468-3988-a508-3afd06a218da,
iops,KPI-431a8542-c468-3988-a508-3afd06a218da,data/IOPS/KPI-431a8542-c468-3988-a508-3afd06a218da.test.out,10398,10410,12,19,test,KPI-431a8542-c468-3988-a508-3afd06a218da,
iops,KPI-431a8542-c468-3988-a508-3afd06a218da,data/IOPS/KPI-431a8542-c468-3988-a508-3afd06a218da.test.out,11611,11619,8,20,test,KPI-431a8542-c468-3988-a508-3afd06a218da,
iops,KPI-431a8542-c468-3988-a508-3afd06a218da,data/IOPS/KPI-431a8542-c468-3988-a508-3afd06a218da.test.out,13071,13078,7,21,test,KPI-431a8542-c468-3988-a508-3afd06a218da,
iops,KPI-431a8542-c468-3988-a508-3afd06a218da,data/IOPS/KPI-431a8542-c468-3988-a508-3afd06a218da.test.out,14496,14505,9,22,test,KPI-431a8542-c468-3988-a508-3afd06a218da,
iops,KPI-431a8542-c468-3988-a508-3afd06a218da,data/IOPS/KPI-431a8542-c468-3988-a508-3afd06a218da.test.out,14671,14681,10,23,test,KPI-431a8542-c468-3988-a508-3afd06a218da,
iops,KPI-431a8542-c468-3988-a508-3afd06a218da,data/IOPS/KPI-431a8542-c468-3988-a508-3afd06a218da.test.out,14753,14763,10,24,test,KPI-431a8542-c468-3988-a508-3afd06a218da,
iops,KPI-431a8542-c468-3988-a508-3afd06a218da,data/IOPS/KPI-431a8542-c468-3988-a508-3afd06a218da.test.out,14884,14892,8,25,test,KPI-431a8542-c468-3988-a508-3afd06a218da,
iops,KPI-431a8542-c468-3988-a508-3afd06a218da,data/IOPS/KPI-431a8542-c468-3988-a508-3afd06a218da.test.out,14918,14927,9,26,test,KPI-431a8542-c468-3988-a508-3afd06a218da,
iops,KPI-431a8542-c468-3988-a508-3afd06a218da,data/IOPS/KPI-431a8542-c468-3988-a508-3afd06a218da.test.out,15043,15051,8,27,test,KPI-431a8542-c468-3988-a508-3afd06a218da,
iops,KPI-431a8542-c468-3988-a508-3afd06a218da,data/IOPS/KPI-431a8542-c468-3988-a508-3afd06a218da.test.out,16476,16484,8,28,test,KPI-431a8542-c468-3988-a508-3afd06a218da,
iops,KPI-431a8542-c468-3988-a508-3afd06a218da,data/IOPS/KPI-431a8542-c468-3988-a508-3afd06a218da.test.out,16487,16495,8,29,test,KPI-431a8542-c468-3988-a508-3afd06a218da,
iops,KPI-431a8542-c468-3988-a508-3afd06a218da,data/IOPS/KPI-431a8542-c468-3988-a508-3afd06a218da.test.out,16504,16512,8,30,test,KPI-431a8542-c468-3988-a508-3afd06a218da,
iops,KPI-431a8542-c468-3988-a508-3afd06a218da,data/IOPS/KPI-431a8542-c468-3988-a508-3afd06a218da.test.out,17469,17478,9,31,test,KPI-431a8542-c468-3988-a508-3afd06a218da,
iops,KPI-431a8542-c468-3988-a508-3afd06a218da,data/IOPS/KPI-431a8542-c468-3988-a508-3afd06a218da.test.out,17611,17619,8,32,test,KPI-431a8542-c468-3988-a508-3afd06a218da,
iops,KPI-431a8542-c468-3988-a508-3afd06a218da,data/IOPS/KPI-431a8542-c468-3988-a508-3afd06a218da.test.out,20256,20264,8,33,test,KPI-431a8542-c468-3988-a508-3afd06a218da,
iops,KPI-431a8542-c468-3988-a508-3afd06a218da,data/IOPS/KPI-431a8542-c468-3988-a508-3afd06a218da.test.out,20281,20288,7,34,test,KPI-431a8542-c468-3988-a508-3afd06a218da,
iops,KPI-431a8542-c468-3988-a508-3afd06a218da,data/IOPS/KPI-431a8542-c468-3988-a508-3afd06a218da.test.out,20310,20318,8,35,test,KPI-431a8542-c468-3988-a508-3afd06a218da,
iops,KPI-431a8542-c468-3988-a508-3afd06a218da,data/IOPS/KPI-431a8542-c468-3988-a508-3afd06a218da.test.out,20364,20373,9,36,test,KPI-431a8542-c468-3988-a508-3afd06a218da,
iops,KPI-431a8542-c468-3988-a508-3afd06a218da,data/IOPS/KPI-431a8542-c468-3988-a508-3afd06a218da.test.out,20455,20463,8,37,test,KPI-431a8542-c468-3988-a508-3afd06a218da,
iops,KPI-431a8542-c468-3988-a508-3afd06a218da,data/IOPS/KPI-431a8542-c468-3988-a508-3afd06a218da.test.out,21699,21706,7,38,test,KPI-431a8542-c468-3988-a508-3afd06a218da,
iops,KPI-431a8542-c468-3988-a508-3afd06a218da,data/IOPS/KPI-431a8542-c468-3988-a508-3afd06a218da.test.out,23204,23211,7,39,test,KPI-431a8542-c468-3988-a508-3afd06a218da,
iops,KPI-431a8542-c468-3988-a508-3afd06a218da,data/IOPS/KPI-431a8542-c468-3988-a508-3afd06a218da.test.out,24520,24528,8,40,test,KPI-431a8542-c468-3988-a508-3afd06a218da,
iops,KPI-431a8542-c468-3988-a508-3afd06a218da,data/IOPS/KPI-431a8542-c468-3988-a508-3afd06a218da.test.out,24576,24606,30,41,test,KPI-431a8542-c468-3988-a508-3afd06a218da,
iops,KPI-431a8542-c468-3988-a508-3afd06a218da,data/IOPS/KPI-431a8542-c468-3988-a508-3afd06a218da.test.out,24826,24834,8,42,test,KPI-431a8542-c468-3988-a508-3afd06a218da,
iops,KPI-431a8542-c468-3988-a508-3afd06a218da,data/IOPS/KPI-431a8542-c468-3988-a508-3afd06a218da.test.out,24860,24868,8,43,test,KPI-431a8542-c468-3988-a508-3afd06a218da,
iops,KPI-431a8542-c468-3988-a508-3afd06a218da,data/IOPS/KPI-431a8542-c468-3988-a508-3afd06a218da.test.out,24894,24901,7,44,test,KPI-431a8542-c468-3988-a508-3afd06a218da,
iops,KPI-431a8542-c468-3988-a508-3afd06a218da,data/IOPS/KPI-431a8542-c468-3988-a508-3afd06a218da.test.out,25015,25022,7,45,test,KPI-431a8542-c468-3988-a508-3afd06a218da,
iops,KPI-431a8542-c468-3988-a508-3afd06a218da,data/IOPS/KPI-431a8542-c468-3988-a508-3afd06a218da.test.out,26506,26514,8,46,test,KPI-431a8542-c468-3988-a508-3afd06a218da,
iops,KPI-431a8542-c468-3988-a508-3afd06a218da,data/IOPS/KPI-431a8542-c468-3988-a508-3afd06a218da.test.out,26556,26562,6,47,test,KPI-431a8542-c468-3988-a508-3afd06a218da,
iops,KPI-431a8542-c468-3988-a508-3afd06a218da,data/IOPS/KPI-431a8542-c468-3988-a508-3afd06a218da.test.out,27461,27470,9,48,test,KPI-431a8542-c468-3988-a508-3afd06a218da,
iops,KPI-431a8542-c468-3988-a508-3afd06a218da,data/IOPS/KPI-431a8542-c468-3988-a508-3afd06a218da.test.out,27760,27769,9,49,test,KPI-431a8542-c468-3988-a508-3afd06a218da,
iops,KPI-431a8542-c468-3988-a508-3afd06a218da,data/IOPS/KPI-431a8542-c468-3988-a508-3afd06a218da.test.out,30289,30303,14,50,test,KPI-431a8542-c468-3988-a508-3afd06a218da,
iops,KPI-431a8542-c468-3988-a508-3afd06a218da,data/IOPS/KPI-431a8542-c468-3988-a508-3afd06a218da.test.out,30338,30361,23,51,test,KPI-431a8542-c468-3988-a508-3afd06a218da,
iops,KPI-431a8542-c468-3988-a508-3afd06a218da,data/IOPS/KPI-431a8542-c468-3988-a508-3afd06a218da.test.out,30466,30481,15,52,test,KPI-431a8542-c468-3988-a508-3afd06a218da,
iops,KPI-431a8542-c468-3988-a508-3afd06a218da,data/IOPS/KPI-431a8542-c468-3988-a508-3afd06a218da.test.out,31716,31724,8,53,test,KPI-431a8542-c468-3988-a508-3afd06a218da,
iops,KPI-431a8542-c468-3988-a508-3afd06a218da,data/IOPS/KPI-431a8542-c468-3988-a508-3afd06a218da.test.out,33221,33228,7,54,test,KPI-431a8542-c468-3988-a508-3afd06a218da,
iops,KPI-431a8542-c468-3988-a508-3afd06a218da,data/IOPS/KPI-431a8542-c468-3988-a508-3afd06a218da.test.out,34634,34642,8,55,test,KPI-431a8542-c468-3988-a508-3afd06a218da,
iops,KPI-431a8542-c468-3988-a508-3afd06a218da,data/IOPS/KPI-431a8542-c468-3988-a508-3afd06a218da.test.out,34679,34687,8,56,test,KPI-431a8542-c468-3988-a508-3afd06a218da,
iops,KPI-431a8542-c468-3988-a508-3afd06a218da,data/IOPS/KPI-431a8542-c468-3988-a508-3afd06a218da.test.out,34897,34906,9,57,test,KPI-431a8542-c468-3988-a508-3afd06a218da,
iops,KPI-431a8542-c468-3988-a508-3afd06a218da,data/IOPS/KPI-431a8542-c468-3988-a508-3afd06a218da.test.out,34934,34942,8,58,test,KPI-431a8542-c468-3988-a508-3afd06a218da,
iops,KPI-431a8542-c468-3988-a508-3afd06a218da,data/IOPS/KPI-431a8542-c468-3988-a508-3afd06a218da.test.out,34998,35009,11,59,test,KPI-431a8542-c468-3988-a508-3afd06a218da,
iops,KPI-431a8542-c468-3988-a508-3afd06a218da,data/IOPS/KPI-431a8542-c468-3988-a508-3afd06a218da.test.out,35015,35025,10,60,test,KPI-431a8542-c468-3988-a508-3afd06a218da,
iops,KPI-431a8542-c468-3988-a508-3afd06a218da,data/IOPS/KPI-431a8542-c468-3988-a508-3afd06a218da.test.out,36575,36583,8,61,test,KPI-431a8542-c468-3988-a508-3afd06a218da,
iops,KPI-431a8542-c468-3988-a508-3afd06a218da,data/IOPS/KPI-431a8542-c468-3988-a508-3afd06a218da.test.out,36597,36606,9,62,test,KPI-431a8542-c468-3988-a508-3afd06a218da,
iops,KPI-431a8542-c468-3988-a508-3afd06a218da,data/IOPS/KPI-431a8542-c468-3988-a508-3afd06a218da.test.out,37669,37677,8,63,test,KPI-431a8542-c468-3988-a508-3afd06a218da,
iops,KPI-431a8542-c468-3988-a508-3afd06a218da,data/IOPS/KPI-431a8542-c468-3988-a508-3afd06a218da.test.out,40418,40434,16,64,test,KPI-431a8542-c468-3988-a508-3afd06a218da,
iops,KPI-431a8542-c468-3988-a508-3afd06a218da,data/IOPS/KPI-431a8542-c468-3988-a508-3afd06a218da.test.out,41678,41685,7,65,test,KPI-431a8542-c468-3988-a508-3afd06a218da,
iops,KPI-431a8542-c468-3988-a508-3afd06a218da,data/IOPS/KPI-431a8542-c468-3988-a508-3afd06a218da.test.out,41720,41723,3,66,test,KPI-431a8542-c468-3988-a508-3afd06a218da,
iops,KPI-431a8542-c468-3988-a508-3afd06a218da,data/IOPS/KPI-431a8542-c468-3988-a508-3afd06a218da.test.out,41736,41739,3,67,test,KPI-431a8542-c468-3988-a508-3afd06a218da,
iops,KPI-431a8542-c468-3988-a508-3afd06a218da,data/IOPS/KPI-431a8542-c468-3988-a508-3afd06a218da.test.out,42423,42430,7,68,test,KPI-431a8542-c468-3988-a508-3afd06a218da,
iops,KPI-431a8542-c468-3988-a508-3afd06a218da,data/IOPS/KPI-431a8542-c468-3988-a508-3afd06a218da.test.out,43114,43121,7,69,test,KPI-431a8542-c468-3988-a508-3afd06a218da,
iops,KPI-431a8542-c468-3988-a508-3afd06a218da,data/IOPS/KPI-431a8542-c468-3988-a508-3afd06a218da.test.out,44306,44310,4,70,test,KPI-431a8542-c468-3988-a508-3afd06a218da,
iops,KPI-431a8542-c468-3988-a508-3afd06a218da,data/IOPS/KPI-431a8542-c468-3988-a508-3afd06a218da.test.out,44444,44458,14,71,test,KPI-431a8542-c468-3988-a508-3afd06a218da,
iops,KPI-431a8542-c468-3988-a508-3afd06a218da,data/IOPS/KPI-431a8542-c468-3988-a508-3afd06a218da.test.out,44473,44481,8,72,test,KPI-431a8542-c468-3988-a508-3afd06a218da,
iops,KPI-431a8542-c468-3988-a508-3afd06a218da,data/IOPS/KPI-431a8542-c468-3988-a508-3afd06a218da.test.out,44583,44590,7,73,test,KPI-431a8542-c468-3988-a508-3afd06a218da,
iops,KPI-431a8542-c468-3988-a508-3afd06a218da,data/IOPS/KPI-431a8542-c468-3988-a508-3afd06a218da.test.out,44599,44607,8,74,test,KPI-431a8542-c468-3988-a508-3afd06a218da,
iops,KPI-431a8542-c468-3988-a508-3afd06a218da,data/IOPS/KPI-431a8542-c468-3988-a508-3afd06a218da.test.out,44703,44710,7,75,test,KPI-431a8542-c468-3988-a508-3afd06a218da,
iops,KPI-431a8542-c468-3988-a508-3afd06a218da,data/IOPS/KPI-431a8542-c468-3988-a508-3afd06a218da.test.out,44773,44781,8,76,test,KPI-431a8542-c468-3988-a508-3afd06a218da,
iops,KPI-431a8542-c468-3988-a508-3afd06a218da,data/IOPS/KPI-431a8542-c468-3988-a508-3afd06a218da.test.out,46375,46383,8,77,test,KPI-431a8542-c468-3988-a508-3afd06a218da,
iops,KPI-431a8542-c468-3988-a508-3afd06a218da,data/IOPS/KPI-431a8542-c468-3988-a508-3afd06a218da.test.out,46415,46422,7,78,test,KPI-431a8542-c468-3988-a508-3afd06a218da,
iops,KPI-431a8542-c468-3988-a508-3afd06a218da,data/IOPS/KPI-431a8542-c468-3988-a508-3afd06a218da.test.out,47337,47345,8,79,test,KPI-431a8542-c468-3988-a508-3afd06a218da,
iops,KPI-431a8542-c468-3988-a508-3afd06a218da,data/IOPS/KPI-431a8542-c468-3988-a508-3afd06a218da.test.out,47444,47451,7,80,test,KPI-431a8542-c468-3988-a508-3afd06a218da,
iops,KPI-431a8542-c468-3988-a508-3afd06a218da,data/IOPS/KPI-431a8542-c468-3988-a508-3afd06a218da.test.out,50125,50158,33,81,test,KPI-431a8542-c468-3988-a508-3afd06a218da,
iops,KPI-431a8542-c468-3988-a508-3afd06a218da,data/IOPS/KPI-431a8542-c468-3988-a508-3afd06a218da.test.out,50331,50339,8,82,test,KPI-431a8542-c468-3988-a508-3afd06a218da,
iops,KPI-431a8542-c468-3988-a508-3afd06a218da,data/IOPS/KPI-431a8542-c468-3988-a508-3afd06a218da.test.out,51570,51578,8,83,test,KPI-431a8542-c468-3988-a508-3afd06a218da,
iops,KPI-431a8542-c468-3988-a508-3afd06a218da,data/IOPS/KPI-431a8542-c468-3988-a508-3afd06a218da.test.out,51602,51605,3,84,test,KPI-431a8542-c468-3988-a508-3afd06a218da,
iops,KPI-431a8542-c468-3988-a508-3afd06a218da,data/IOPS/KPI-431a8542-c468-3988-a508-3afd06a218da.test.out,51671,51674,3,85,test,KPI-431a8542-c468-3988-a508-3afd06a218da,
iops,KPI-431a8542-c468-3988-a508-3afd06a218da,data/IOPS/KPI-431a8542-c468-3988-a508-3afd06a218da.test.out,52322,52365,43,86,test,KPI-431a8542-c468-3988-a508-3afd06a218da,
iops,KPI-431a8542-c468-3988-a508-3afd06a218da,data/IOPS/KPI-431a8542-c468-3988-a508-3afd06a218da.test.out,52873,52881,8,87,test,KPI-431a8542-c468-3988-a508-3afd06a218da,
iops,KPI-431a8542-c468-3988-a508-3afd06a218da,data/IOPS/KPI-431a8542-c468-3988-a508-3afd06a218da.test.out,52897,52899,2,88,test,KPI-431a8542-c468-3988-a508-3afd06a218da,
iops,KPI-431a8542-c468-3988-a508-3afd06a218da,data/IOPS/KPI-431a8542-c468-3988-a508-3afd06a218da.test.out,52921,52927,6,89,test,KPI-431a8542-c468-3988-a508-3afd06a218da,
iops,KPI-431a8542-c468-3988-a508-3afd06a218da,data/IOPS/KPI-431a8542-c468-3988-a508-3afd06a218da.test.out,53033,53041,8,90,test,KPI-431a8542-c468-3988-a508-3afd06a218da,
iops,KPI-431a8542-c468-3988-a508-3afd06a218da,data/IOPS/KPI-431a8542-c468-3988-a508-3afd06a218da.test.out,53204,53212,8,91,test,KPI-431a8542-c468-3988-a508-3afd06a218da,
iops,KPI-431a8542-c468-3988-a508-3afd06a218da,data/IOPS/KPI-431a8542-c468-3988-a508-3afd06a218da.test.out,54599,54619,20,92,test,KPI-431a8542-c468-3988-a508-3afd06a218da,
iops,KPI-431a8542-c468-3988-a508-3afd06a218da,data/IOPS/KPI-431a8542-c468-3988-a508-3afd06a218da.test.out,55466,55479,13,93,test,KPI-431a8542-c468-3988-a508-3afd06a218da,
iops,KPI-431a8542-c468-3988-a508-3afd06a218da,data/IOPS/KPI-431a8542-c468-3988-a508-3afd06a218da.test.out,58307,58328,21,94,test,KPI-431a8542-c468-3988-a508-3afd06a218da,
iops,KPI-431a8542-c468-3988-a508-3afd06a218da,data/IOPS/KPI-431a8542-c468-3988-a508-3afd06a218da.test.out,58429,58438,9,95,test,KPI-431a8542-c468-3988-a508-3afd06a218da,
iops,KPI-431a8542-c468-3988-a508-3afd06a218da,data/IOPS/KPI-431a8542-c468-3988-a508-3afd06a218da.test.out,58472,58479,7,96,test,KPI-431a8542-c468-3988-a508-3afd06a218da,
iops,KPI-431a8542-c468-3988-a508-3afd06a218da,data/IOPS/KPI-431a8542-c468-3988-a508-3afd06a218da.test.out,59491,59500,9,97,test,KPI-431a8542-c468-3988-a508-3afd06a218da,
iops,KPI-431a8542-c468-3988-a508-3afd06a218da,data/IOPS/KPI-431a8542-c468-3988-a508-3afd06a218da.test.out,61015,61024,9,98,test,KPI-431a8542-c468-3988-a508-3afd06a218da,
iops,KPI-431a8542-c468-3988-a508-3afd06a218da,data/IOPS/KPI-431a8542-c468-3988-a508-3afd06a218da.test.out,62246,62250,4,99,test,KPI-431a8542-c468-3988-a508-3afd06a218da,
iops,KPI-431a8542-c468-3988-a508-3afd06a218da,data/IOPS/KPI-431a8542-c468-3988-a508-3afd06a218da.test.out,62288,62298,10,100,test,KPI-431a8542-c468-3988-a508-3afd06a218da,
iops,KPI-431a8542-c468-3988-a508-3afd06a218da,data/IOPS/KPI-431a8542-c468-3988-a508-3afd06a218da.test.out,62325,62331,6,101,test,KPI-431a8542-c468-3988-a508-3afd06a218da,
iops,KPI-431a8542-c468-3988-a508-3afd06a218da,data/IOPS/KPI-431a8542-c468-3988-a508-3afd06a218da.test.out,62366,62378,12,102,test,KPI-431a8542-c468-3988-a508-3afd06a218da,
iops,KPI-431a8542-c468-3988-a508-3afd06a218da,data/IOPS/KPI-431a8542-c468-3988-a508-3afd06a218da.test.out,62480,62490,10,103,test,KPI-431a8542-c468-3988-a508-3afd06a218da,
iops,KPI-431a8542-c468-3988-a508-3afd06a218da,data/IOPS/KPI-431a8542-c468-3988-a508-3afd06a218da.test.out,62513,62523,10,104,test,KPI-431a8542-c468-3988-a508-3afd06a218da,
iops,KPI-431a8542-c468-3988-a508-3afd06a218da,data/IOPS/KPI-431a8542-c468-3988-a508-3afd06a218da.test.out,62659,62669,10,105,test,KPI-431a8542-c468-3988-a508-3afd06a218da,
iops,KPI-431a8542-c468-3988-a508-3afd06a218da,data/IOPS/KPI-431a8542-c468-3988-a508-3afd06a218da.test.out,63994,63997,3,106,test,KPI-431a8542-c468-3988-a508-3afd06a218da,
iops,KPI-431a8542-c468-3988-a508-3afd06a218da,data/IOPS/KPI-431a8542-c468-3988-a508-3afd06a218da.test.out,64033,64042,9,107,test,KPI-431a8542-c468-3988-a508-3afd06a218da,
iops,KPI-431a8542-c468-3988-a508-3afd06a218da,data/IOPS/KPI-431a8542-c468-3988-a508-3afd06a218da.test.out,64734,64742,8,108,test,KPI-431a8542-c468-3988-a508-3afd06a218da,
iops,KPI-431a8542-c468-3988-a508-3afd06a218da,data/IOPS/KPI-431a8542-c468-3988-a508-3afd06a218da.test.out,64922,64930,8,109,test,KPI-431a8542-c468-3988-a508-3afd06a218da,
iops,KPI-431a8542-c468-3988-a508-3afd06a218da,data/IOPS/KPI-431a8542-c468-3988-a508-3afd06a218da.test.out,67230,67241,11,110,test,KPI-431a8542-c468-3988-a508-3afd06a218da,
iops,KPI-431a8542-c468-3988-a508-3afd06a218da,data/IOPS/KPI-431a8542-c468-3988-a508-3afd06a218da.test.out,67256,67273,17,111,test,KPI-431a8542-c468-3988-a508-3afd06a218da,
iops,KPI-431a8542-c468-3988-a508-3afd06a218da,data/IOPS/KPI-431a8542-c468-3988-a508-3afd06a218da.test.out,67345,67353,8,112,test,KPI-431a8542-c468-3988-a508-3afd06a218da,
iops,KPI-431a8542-c468-3988-a508-3afd06a218da,data/IOPS/KPI-431a8542-c468-3988-a508-3afd06a218da.test.out,68543,68553,10,113,test,KPI-431a8542-c468-3988-a508-3afd06a218da,
iops,KPI-431a8542-c468-3988-a508-3afd06a218da,data/IOPS/KPI-431a8542-c468-3988-a508-3afd06a218da.test.out,69021,69172,151,114,test,KPI-431a8542-c468-3988-a508-3afd06a218da,
iops,KPI-431a8542-c468-3988-a508-3afd06a218da,data/IOPS/KPI-431a8542-c468-3988-a508-3afd06a218da.test.out,69742,69756,14,115,test,KPI-431a8542-c468-3988-a508-3afd06a218da,
iops,KPI-431a8542-c468-3988-a508-3afd06a218da,data/IOPS/KPI-431a8542-c468-3988-a508-3afd06a218da.test.out,69924,69932,8,116,test,KPI-431a8542-c468-3988-a508-3afd06a218da,
iops,KPI-431a8542-c468-3988-a508-3afd06a218da,data/IOPS/KPI-431a8542-c468-3988-a508-3afd06a218da.test.out,71103,71107,4,117,test,KPI-431a8542-c468-3988-a508-3afd06a218da,
iops,KPI-431a8542-c468-3988-a508-3afd06a218da,data/IOPS/KPI-431a8542-c468-3988-a508-3afd06a218da.test.out,71190,71200,10,118,test,KPI-431a8542-c468-3988-a508-3afd06a218da,
iops,KPI-431a8542-c468-3988-a508-3afd06a218da,data/IOPS/KPI-431a8542-c468-3988-a508-3afd06a218da.test.out,71210,71219,9,119,test,KPI-431a8542-c468-3988-a508-3afd06a218da,
iops,KPI-431a8542-c468-3988-a508-3afd06a218da,data/IOPS/KPI-431a8542-c468-3988-a508-3afd06a218da.test.out,71273,71283,10,120,test,KPI-431a8542-c468-3988-a508-3afd06a218da,
iops,KPI-431a8542-c468-3988-a508-3afd06a218da,data/IOPS/KPI-431a8542-c468-3988-a508-3afd06a218da.test.out,71459,71471,12,121,test,KPI-431a8542-c468-3988-a508-3afd06a218da,
iops,KPI-431a8542-c468-3988-a508-3afd06a218da,data/IOPS/KPI-431a8542-c468-3988-a508-3afd06a218da.test.out,71544,71554,10,122,test,KPI-431a8542-c468-3988-a508-3afd06a218da,
iops,KPI-431a8542-c468-3988-a508-3afd06a218da,data/IOPS/KPI-431a8542-c468-3988-a508-3afd06a218da.test.out,71563,71570,7,123,test,KPI-431a8542-c468-3988-a508-3afd06a218da,
iops,KPI-431a8542-c468-3988-a508-3afd06a218da,data/IOPS/KPI-431a8542-c468-3988-a508-3afd06a218da.test.out,74540,74551,11,124,test,KPI-431a8542-c468-3988-a508-3afd06a218da,
iops,KPI-431a8542-c468-3988-a508-3afd06a218da,data/IOPS/KPI-431a8542-c468-3988-a508-3afd06a218da.test.out,74560,74569,9,125,test,KPI-431a8542-c468-3988-a508-3afd06a218da,
iops,KPI-431a8542-c468-3988-a508-3afd06a218da,data/IOPS/KPI-431a8542-c468-3988-a508-3afd06a218da.test.out,74609,74613,4,126,test,KPI-431a8542-c468-3988-a508-3afd06a218da,
iops,KPI-431a8542-c468-3988-a508-3afd06a218da,data/IOPS/KPI-431a8542-c468-3988-a508-3afd06a218da.test.out,74618,74628,10,127,test,KPI-431a8542-c468-3988-a508-3afd06a218da,
iops,KPI-431a8542-c468-3988-a508-3afd06a218da,data/IOPS/KPI-431a8542-c468-3988-a508-3afd06a218da.test.out,75695,75707,12,128,test,KPI-431a8542-c468-3988-a508-3afd06a218da,
iops,KPI-431a8542-c468-3988-a508-3afd06a218da,data/IOPS/KPI-431a8542-c468-3988-a508-3afd06a218da.test.out,76677,76686,9,129,test,KPI-431a8542-c468-3988-a508-3afd06a218da,
iops,KPI-431a8542-c468-3988-a508-3afd06a218da,data/IOPS/KPI-431a8542-c468-3988-a508-3afd06a218da.test.out,76978,76988,10,130,test,KPI-431a8542-c468-3988-a508-3afd06a218da,
iops,KPI-431a8542-c468-3988-a508-3afd06a218da,data/IOPS/KPI-431a8542-c468-3988-a508-3afd06a218da.test.out,78321,78332,11,131,test,KPI-431a8542-c468-3988-a508-3afd06a218da,
iops,KPI-431a8542-c468-3988-a508-3afd06a218da,data/IOPS/KPI-431a8542-c468-3988-a508-3afd06a218da.test.out,78382,78393,11,132,test,KPI-431a8542-c468-3988-a508-3afd06a218da,
iops,KPI-431a8542-c468-3988-a508-3afd06a218da,data/IOPS/KPI-431a8542-c468-3988-a508-3afd06a218da.test.out,78400,78429,29,133,test,KPI-431a8542-c468-3988-a508-3afd06a218da,
iops,KPI-431a8542-c468-3988-a508-3afd06a218da,data/IOPS/KPI-431a8542-c468-3988-a508-3afd06a218da.test.out,78439,78452,13,134,test,KPI-431a8542-c468-3988-a508-3afd06a218da,
iops,KPI-431a8542-c468-3988-a508-3afd06a218da,data/IOPS/KPI-431a8542-c468-3988-a508-3afd06a218da.test.out,78474,78478,4,135,test,KPI-431a8542-c468-3988-a508-3afd06a218da,
iops,KPI-431a8542-c468-3988-a508-3afd06a218da,data/IOPS/KPI-431a8542-c468-3988-a508-3afd06a218da.test.out,78745,78754,9,136,test,KPI-431a8542-c468-3988-a508-3afd06a218da,
iops,KPI-431a8542-c468-3988-a508-3afd06a218da,data/IOPS/KPI-431a8542-c468-3988-a508-3afd06a218da.test.out,78834,78844,10,137,test,KPI-431a8542-c468-3988-a508-3afd06a218da,
iops,KPI-431a8542-c468-3988-a508-3afd06a218da,data/IOPS/KPI-431a8542-c468-3988-a508-3afd06a218da.test.out,78849,78861,12,138,test,KPI-431a8542-c468-3988-a508-3afd06a218da,
iops,KPI-431a8542-c468-3988-a508-3afd06a218da,data/IOPS/KPI-431a8542-c468-3988-a508-3afd06a218da.test.out,80168,80189,21,139,test,KPI-431a8542-c468-3988-a508-3afd06a218da,
iops,KPI-431a8542-c468-3988-a508-3afd06a218da,data/IOPS/KPI-431a8542-c468-3988-a508-3afd06a218da.test.out,81249,81258,9,140,test,KPI-431a8542-c468-3988-a508-3afd06a218da,
iops,KPI-431a8542-c468-3988-a508-3afd06a218da,data/IOPS/KPI-431a8542-c468-3988-a508-3afd06a218da.test.out,81668,81868,200,141,test,KPI-431a8542-c468-3988-a508-3afd06a218da,
iops,KPI-431a8542-c468-3988-a508-3afd06a218da,data/IOPS/KPI-431a8542-c468-3988-a508-3afd06a218da.test.out,83672,83684,12,142,test,KPI-431a8542-c468-3988-a508-3afd06a218da,
iops,KPI-431a8542-c468-3988-a508-3afd06a218da,data/IOPS/KPI-431a8542-c468-3988-a508-3afd06a218da.test.out,83849,83857,8,143,test,KPI-431a8542-c468-3988-a508-3afd06a218da,
iops,KPI-431a8542-c468-3988-a508-3afd06a218da,data/IOPS/KPI-431a8542-c468-3988-a508-3afd06a218da.test.out,83909,83918,9,144,test,KPI-431a8542-c468-3988-a508-3afd06a218da,
iops,KPI-431a8542-c468-3988-a508-3afd06a218da,data/IOPS/KPI-431a8542-c468-3988-a508-3afd06a218da.test.out,83945,83955,10,145,test,KPI-431a8542-c468-3988-a508-3afd06a218da,
iops,KPI-431a8542-c468-3988-a508-3afd06a218da,data/IOPS/KPI-431a8542-c468-3988-a508-3afd06a218da.test.out,84134,84154,20,146,test,KPI-431a8542-c468-3988-a508-3afd06a218da,
iops,KPI-431a8542-c468-3988-a508-3afd06a218da,data/IOPS/KPI-431a8542-c468-3988-a508-3afd06a218da.test.out,84901,84907,6,147,test,KPI-431a8542-c468-3988-a508-3afd06a218da,
iops,KPI-431a8542-c468-3988-a508-3afd06a218da,data/IOPS/KPI-431a8542-c468-3988-a508-3afd06a218da.test.out,85056,85067,11,148,test,KPI-431a8542-c468-3988-a508-3afd06a218da,
iops,KPI-431a8542-c468-3988-a508-3afd06a218da,data/IOPS/KPI-431a8542-c468-3988-a508-3afd06a218da.test.out,85468,85477,9,149,test,KPI-431a8542-c468-3988-a508-3afd06a218da,
iops,KPI-431a8542-c468-3988-a508-3afd06a218da,data/IOPS/KPI-431a8542-c468-3988-a508-3afd06a218da.test.out,86458,86467,9,150,test,KPI-431a8542-c468-3988-a508-3afd06a218da,
iops,KPI-431a8542-c468-3988-a508-3afd06a218da,data/IOPS/KPI-431a8542-c468-3988-a508-3afd06a218da.test.out,86792,86813,21,151,test,KPI-431a8542-c468-3988-a508-3afd06a218da,
iops,KPI-431a8542-c468-3988-a508-3afd06a218da,data/IOPS/KPI-431a8542-c468-3988-a508-3afd06a218da.test.out,87256,87262,6,152,test,KPI-431a8542-c468-3988-a508-3afd06a218da,
iops,KPI-431a8542-c468-3988-a508-3afd06a218da,data/IOPS/KPI-431a8542-c468-3988-a508-3afd06a218da.test.out,87267,87270,3,153,test,KPI-431a8542-c468-3988-a508-3afd06a218da,
iops,KPI-431a8542-c468-3988-a508-3afd06a218da,data/IOPS/KPI-431a8542-c468-3988-a508-3afd06a218da.test.out,87391,87401,10,154,test,KPI-431a8542-c468-3988-a508-3afd06a218da,
iops,KPI-431a8542-c468-3988-a508-3afd06a218da,data/IOPS/KPI-431a8542-c468-3988-a508-3afd06a218da.test.out,87561,87571,10,155,test,KPI-431a8542-c468-3988-a508-3afd06a218da,
iops,KPI-431a8542-c468-3988-a508-3afd06a218da,data/IOPS/KPI-431a8542-c468-3988-a508-3afd06a218da.test.out,87689,87698,9,156,test,KPI-431a8542-c468-3988-a508-3afd06a218da,
iops,KPI-431a8542-c468-3988-a508-3afd06a218da,data/IOPS/KPI-431a8542-c468-3988-a508-3afd06a218da.test.out,87819,87829,10,157,test,KPI-431a8542-c468-3988-a508-3afd06a218da,
iops,KPI-431a8542-c468-3988-a508-3afd06a218da,data/IOPS/KPI-431a8542-c468-3988-a508-3afd06a218da.test.out,87868,87878,10,158,test,KPI-431a8542-c468-3988-a508-3afd06a218da,
iops,KPI-431a8542-c468-3988-a508-3afd06a218da,data/IOPS/KPI-431a8542-c468-3988-a508-3afd06a218da.test.out,88037,88046,9,159,test,KPI-431a8542-c468-3988-a508-3afd06a218da,
iops,KPI-431a8542-c468-3988-a508-3afd06a218da,data/IOPS/KPI-431a8542-c468-3988-a508-3afd06a218da.test.out,89533,89556,23,160,test,KPI-431a8542-c468-3988-a508-3afd06a218da,
iops,KPI-431a8542-c468-3988-a508-3afd06a218da,data/IOPS/KPI-431a8542-c468-3988-a508-3afd06a218da.test.out,90411,90423,12,161,test,KPI-431a8542-c468-3988-a508-3afd06a218da,
iops,KPI-431a8542-c468-3988-a508-3afd06a218da,data/IOPS/KPI-431a8542-c468-3988-a508-3afd06a218da.test.out,90471,90481,10,162,test,KPI-431a8542-c468-3988-a508-3afd06a218da,
iops,KPI-431a8542-c468-3988-a508-3afd06a218da,data/IOPS/KPI-431a8542-c468-3988-a508-3afd06a218da.test.out,93312,93321,9,163,test,KPI-431a8542-c468-3988-a508-3afd06a218da,
iops,KPI-431a8542-c468-3988-a508-3afd06a218da,data/IOPS/KPI-431a8542-c468-3988-a508-3afd06a218da.test.out,93343,93351,8,164,test,KPI-431a8542-c468-3988-a508-3afd06a218da,
iops,KPI-431a8542-c468-3988-a508-3afd06a218da,data/IOPS/KPI-431a8542-c468-3988-a508-3afd06a218da.test.out,93382,93389,7,165,test,KPI-431a8542-c468-3988-a508-3afd06a218da,
iops,KPI-431a8542-c468-3988-a508-3afd06a218da,data/IOPS/KPI-431a8542-c468-3988-a508-3afd06a218da.test.out,93418,93425,7,166,test,KPI-431a8542-c468-3988-a508-3afd06a218da,
iops,KPI-431a8542-c468-3988-a508-3afd06a218da,data/IOPS/KPI-431a8542-c468-3988-a508-3afd06a218da.test.out,93452,93464,12,167,test,KPI-431a8542-c468-3988-a508-3afd06a218da,
iops,KPI-431a8542-c468-3988-a508-3afd06a218da,data/IOPS/KPI-431a8542-c468-3988-a508-3afd06a218da.test.out,94730,94738,8,168,test,KPI-431a8542-c468-3988-a508-3afd06a218da,
iops,KPI-431a8542-c468-3988-a508-3afd06a218da,data/IOPS/KPI-431a8542-c468-3988-a508-3afd06a218da.test.out,96050,96059,9,169,test,KPI-431a8542-c468-3988-a508-3afd06a218da,
iops,KPI-431a8542-c468-3988-a508-3afd06a218da,data/IOPS/KPI-431a8542-c468-3988-a508-3afd06a218da.test.out,97242,97251,9,170,test,KPI-431a8542-c468-3988-a508-3afd06a218da,
iops,KPI-431a8542-c468-3988-a508-3afd06a218da,data/IOPS/KPI-431a8542-c468-3988-a508-3afd06a218da.test.out,97377,97389,12,171,test,KPI-431a8542-c468-3988-a508-3afd06a218da,
iops,KPI-431a8542-c468-3988-a508-3afd06a218da,data/IOPS/KPI-431a8542-c468-3988-a508-3afd06a218da.test.out,97394,97404,10,172,test,KPI-431a8542-c468-3988-a508-3afd06a218da,
iops,KPI-431a8542-c468-3988-a508-3afd06a218da,data/IOPS/KPI-431a8542-c468-3988-a508-3afd06a218da.test.out,97542,97551,9,173,test,KPI-431a8542-c468-3988-a508-3afd06a218da,
iops,KPI-431a8542-c468-3988-a508-3afd06a218da,data/IOPS/KPI-431a8542-c468-3988-a508-3afd06a218da.test.out,97635,97643,8,174,test,KPI-431a8542-c468-3988-a508-3afd06a218da,
iops,KPI-431a8542-c468-3988-a508-3afd06a218da,data/IOPS/KPI-431a8542-c468-3988-a508-3afd06a218da.test.out,97646,97654,8,175,test,KPI-431a8542-c468-3988-a508-3afd06a218da,
iops,KPI-431a8542-c468-3988-a508-3afd06a218da,data/IOPS/KPI-431a8542-c468-3988-a508-3afd06a218da.test.out,97685,97695,10,176,test,KPI-431a8542-c468-3988-a508-3afd06a218da,
iops,KPI-431a8542-c468-3988-a508-3afd06a218da,data/IOPS/KPI-431a8542-c468-3988-a508-3afd06a218da.test.out,97828,97836,8,177,test,KPI-431a8542-c468-3988-a508-3afd06a218da,
iops,KPI-431a8542-c468-3988-a508-3afd06a218da,data/IOPS/KPI-431a8542-c468-3988-a508-3afd06a218da.test.out,99066,99103,37,178,test,KPI-431a8542-c468-3988-a508-3afd06a218da,
iops,KPI-431a8542-c468-3988-a508-3afd06a218da,data/IOPS/KPI-431a8542-c468-3988-a508-3afd06a218da.test.out,99114,99122,8,179,test,KPI-431a8542-c468-3988-a508-3afd06a218da,
iops,KPI-431a8542-c468-3988-a508-3afd06a218da,data/IOPS/KPI-431a8542-c468-3988-a508-3afd06a218da.test.out,99902,99906,4,180,test,KPI-431a8542-c468-3988-a508-3afd06a218da,
iops,KPI-431a8542-c468-3988-a508-3afd06a218da,data/IOPS/KPI-431a8542-c468-3988-a508-3afd06a218da.test.out,100004,100015,11,181,test,KPI-431a8542-c468-3988-a508-3afd06a218da,
iops,KPI-431a8542-c468-3988-a508-3afd06a218da,data/IOPS/KPI-431a8542-c468-3988-a508-3afd06a218da.test.out,102611,102619,8,182,test,KPI-431a8542-c468-3988-a508-3afd06a218da,
iops,KPI-431a8542-c468-3988-a508-3afd06a218da,data/IOPS/KPI-431a8542-c468-3988-a508-3afd06a218da.test.out,102652,102661,9,183,test,KPI-431a8542-c468-3988-a508-3afd06a218da,
iops,KPI-431a8542-c468-3988-a508-3afd06a218da,data/IOPS/KPI-431a8542-c468-3988-a508-3afd06a218da.test.out,105054,105062,8,184,test,KPI-431a8542-c468-3988-a508-3afd06a218da,
iops,KPI-431a8542-c468-3988-a508-3afd06a218da,data/IOPS/KPI-431a8542-c468-3988-a508-3afd06a218da.test.out,105409,105423,14,185,test,KPI-431a8542-c468-3988-a508-3afd06a218da,
iops,KPI-431a8542-c468-3988-a508-3afd06a218da,data/IOPS/KPI-431a8542-c468-3988-a508-3afd06a218da.test.out,106268,106286,18,186,test,KPI-431a8542-c468-3988-a508-3afd06a218da,
iops,KPI-431a8542-c468-3988-a508-3afd06a218da,data/IOPS/KPI-431a8542-c468-3988-a508-3afd06a218da.test.out,106359,106368,9,187,test,KPI-431a8542-c468-3988-a508-3afd06a218da,
iops,KPI-431a8542-c468-3988-a508-3afd06a218da,data/IOPS/KPI-431a8542-c468-3988-a508-3afd06a218da.test.out,106433,106443,10,188,test,KPI-431a8542-c468-3988-a508-3afd06a218da,
iops,KPI-431a8542-c468-3988-a508-3afd06a218da,data/IOPS/KPI-431a8542-c468-3988-a508-3afd06a218da.test.out,106526,106577,51,189,test,KPI-431a8542-c468-3988-a508-3afd06a218da,
iops,KPI-431a8542-c468-3988-a508-3afd06a218da,data/IOPS/KPI-431a8542-c468-3988-a508-3afd06a218da.test.out,107344,108367,1023,190,test,KPI-431a8542-c468-3988-a508-3afd06a218da,
iops,KPI-431a8542-c468-3988-a508-3afd06a218da,data/IOPS/KPI-431a8542-c468-3988-a508-3afd06a218da.test.out,111176,111183,7,191,test,KPI-431a8542-c468-3988-a508-3afd06a218da,
iops,KPI-431a8542-c468-3988-a508-3afd06a218da,data/IOPS/KPI-431a8542-c468-3988-a508-3afd06a218da.test.out,111189,111199,10,192,test,KPI-431a8542-c468-3988-a508-3afd06a218da,
iops,KPI-4d2af31a-9916-3d9f-8a8e-8a268a48c095,data/IOPS/KPI-4d2af31a-9916-3d9f-8a8e-8a268a48c095.test.out,2871,2874,3,1,test,KPI-4d2af31a-9916-3d9f-8a8e-8a268a48c095,
iops,KPI-4d2af31a-9916-3d9f-8a8e-8a268a48c095,data/IOPS/KPI-4d2af31a-9916-3d9f-8a8e-8a268a48c095.test.out,11815,11818,3,2,test,KPI-4d2af31a-9916-3d9f-8a8e-8a268a48c095,
iops,KPI-4d2af31a-9916-3d9f-8a8e-8a268a48c095,data/IOPS/KPI-4d2af31a-9916-3d9f-8a8e-8a268a48c095.test.out,11824,11827,3,3,test,KPI-4d2af31a-9916-3d9f-8a8e-8a268a48c095,
iops,KPI-4d2af31a-9916-3d9f-8a8e-8a268a48c095,data/IOPS/KPI-4d2af31a-9916-3d9f-8a8e-8a268a48c095.test.out,39297,39325,28,4,test,KPI-4d2af31a-9916-3d9f-8a8e-8a268a48c095,
iops,KPI-4d2af31a-9916-3d9f-8a8e-8a268a48c095,data/IOPS/KPI-4d2af31a-9916-3d9f-8a8e-8a268a48c095.test.out,39326,39328,2,5,test,KPI-4d2af31a-9916-3d9f-8a8e-8a268a48c095,
iops,KPI-4d2af31a-9916-3d9f-8a8e-8a268a48c095,data/IOPS/KPI-4d2af31a-9916-3d9f-8a8e-8a268a48c095.test.out,39456,40315,859,6,test,KPI-4d2af31a-9916-3d9f-8a8e-8a268a48c095,
iops,KPI-4d2af31a-9916-3d9f-8a8e-8a268a48c095,data/IOPS/KPI-4d2af31a-9916-3d9f-8a8e-8a268a48c095.test.out,42193,42197,4,7,test,KPI-4d2af31a-9916-3d9f-8a8e-8a268a48c095,
iops,KPI-4d2af31a-9916-3d9f-8a8e-8a268a48c095,data/IOPS/KPI-4d2af31a-9916-3d9f-8a8e-8a268a48c095.test.out,44401,44405,4,8,test,KPI-4d2af31a-9916-3d9f-8a8e-8a268a48c095,
iops,KPI-4d2af31a-9916-3d9f-8a8e-8a268a48c095,data/IOPS/KPI-4d2af31a-9916-3d9f-8a8e-8a268a48c095.test.out,45241,45244,3,9,test,KPI-4d2af31a-9916-3d9f-8a8e-8a268a48c095,
iops,KPI-4d2af31a-9916-3d9f-8a8e-8a268a48c095,data/IOPS/KPI-4d2af31a-9916-3d9f-8a8e-8a268a48c095.test.out,52412,52450,38,10,test,KPI-4d2af31a-9916-3d9f-8a8e-8a268a48c095,
iops,KPI-4d2af31a-9916-3d9f-8a8e-8a268a48c095,data/IOPS/KPI-4d2af31a-9916-3d9f-8a8e-8a268a48c095.test.out,62600,62603,3,11,test,KPI-4d2af31a-9916-3d9f-8a8e-8a268a48c095,
iops,KPI-4d2af31a-9916-3d9f-8a8e-8a268a48c095,data/IOPS/KPI-4d2af31a-9916-3d9f-8a8e-8a268a48c095.test.out,63041,63044,3,12,test,KPI-4d2af31a-9916-3d9f-8a8e-8a268a48c095,
iops,KPI-4d2af31a-9916-3d9f-8a8e-8a268a48c095,data/IOPS/KPI-4d2af31a-9916-3d9f-8a8e-8a268a48c095.test.out,63120,63650,530,13,test,KPI-4d2af31a-9916-3d9f-8a8e-8a268a48c095,
iops,KPI-4d2af31a-9916-3d9f-8a8e-8a268a48c095,data/IOPS/KPI-4d2af31a-9916-3d9f-8a8e-8a268a48c095.test.out,68359,68363,4,14,test,KPI-4d2af31a-9916-3d9f-8a8e-8a268a48c095,
iops,KPI-4d2af31a-9916-3d9f-8a8e-8a268a48c095,data/IOPS/KPI-4d2af31a-9916-3d9f-8a8e-8a268a48c095.test.out,73833,73845,12,15,test,KPI-4d2af31a-9916-3d9f-8a8e-8a268a48c095,
iops,KPI-4d2af31a-9916-3d9f-8a8e-8a268a48c095,data/IOPS/KPI-4d2af31a-9916-3d9f-8a8e-8a268a48c095.test.out,77407,77416,9,16,test,KPI-4d2af31a-9916-3d9f-8a8e-8a268a48c095,
iops,KPI-4d2af31a-9916-3d9f-8a8e-8a268a48c095,data/IOPS/KPI-4d2af31a-9916-3d9f-8a8e-8a268a48c095.test.out,84492,84502,10,17,test,KPI-4d2af31a-9916-3d9f-8a8e-8a268a48c095,
iops,KPI-4d2af31a-9916-3d9f-8a8e-8a268a48c095,data/IOPS/KPI-4d2af31a-9916-3d9f-8a8e-8a268a48c095.test.out,84833,84853,20,18,test,KPI-4d2af31a-9916-3d9f-8a8e-8a268a48c095,
iops,KPI-4d2af31a-9916-3d9f-8a8e-8a268a48c095,data/IOPS/KPI-4d2af31a-9916-3d9f-8a8e-8a268a48c095.test.out,86163,86177,14,19,test,KPI-4d2af31a-9916-3d9f-8a8e-8a268a48c095,
iops,KPI-4d2af31a-9916-3d9f-8a8e-8a268a48c095,data/IOPS/KPI-4d2af31a-9916-3d9f-8a8e-8a268a48c095.test.out,87492,87503,11,20,test,KPI-4d2af31a-9916-3d9f-8a8e-8a268a48c095,
iops,KPI-4d2af31a-9916-3d9f-8a8e-8a268a48c095,data/IOPS/KPI-4d2af31a-9916-3d9f-8a8e-8a268a48c095.test.out,88061,88071,10,21,test,KPI-4d2af31a-9916-3d9f-8a8e-8a268a48c095,
iops,KPI-4d2af31a-9916-3d9f-8a8e-8a268a48c095,data/IOPS/KPI-4d2af31a-9916-3d9f-8a8e-8a268a48c095.test.out,106512,106579,67,22,test,KPI-4d2af31a-9916-3d9f-8a8e-8a268a48c095,
iops,KPI-4d2af31a-9916-3d9f-8a8e-8a268a48c095,data/IOPS/KPI-4d2af31a-9916-3d9f-8a8e-8a268a48c095.test.out,107284,108229,945,23,test,KPI-4d2af31a-9916-3d9f-8a8e-8a268a48c095,
iops,KPI-54350a12-7a9d-3ca8-b81f-f886b9d156fd,data/IOPS/KPI-54350a12-7a9d-3ca8-b81f-f886b9d156fd.test.out,590,621,31,1,test,KPI-54350a12-7a9d-3ca8-b81f-f886b9d156fd,
iops,KPI-54350a12-7a9d-3ca8-b81f-f886b9d156fd,data/IOPS/KPI-54350a12-7a9d-3ca8-b81f-f886b9d156fd.test.out,1321,1354,33,2,test,KPI-54350a12-7a9d-3ca8-b81f-f886b9d156fd,
iops,KPI-54350a12-7a9d-3ca8-b81f-f886b9d156fd,data/IOPS/KPI-54350a12-7a9d-3ca8-b81f-f886b9d156fd.test.out,1751,1759,8,3,test,KPI-54350a12-7a9d-3ca8-b81f-f886b9d156fd,
iops,KPI-54350a12-7a9d-3ca8-b81f-f886b9d156fd,data/IOPS/KPI-54350a12-7a9d-3ca8-b81f-f886b9d156fd.test.out,1763,1770,7,4,test,KPI-54350a12-7a9d-3ca8-b81f-f886b9d156fd,
iops,KPI-54350a12-7a9d-3ca8-b81f-f886b9d156fd,data/IOPS/KPI-54350a12-7a9d-3ca8-b81f-f886b9d156fd.test.out,3950,3957,7,5,test,KPI-54350a12-7a9d-3ca8-b81f-f886b9d156fd,
iops,KPI-54350a12-7a9d-3ca8-b81f-f886b9d156fd,data/IOPS/KPI-54350a12-7a9d-3ca8-b81f-f886b9d156fd.test.out,7567,7589,22,6,test,KPI-54350a12-7a9d-3ca8-b81f-f886b9d156fd,
iops,KPI-55f8b8b8-b659-38df-b3df-e4a5a8a54bc9,data/IOPS/KPI-55f8b8b8-b659-38df-b3df-e4a5a8a54bc9.test.out,2687,2689,2,1,test,KPI-55f8b8b8-b659-38df-b3df-e4a5a8a54bc9,
iops,KPI-55f8b8b8-b659-38df-b3df-e4a5a8a54bc9,data/IOPS/KPI-55f8b8b8-b659-38df-b3df-e4a5a8a54bc9.test.out,4686,5006,320,2,test,KPI-55f8b8b8-b659-38df-b3df-e4a5a8a54bc9,
iops,KPI-55f8b8b8-b659-38df-b3df-e4a5a8a54bc9,data/IOPS/KPI-55f8b8b8-b659-38df-b3df-e4a5a8a54bc9.test.out,8494,8497,3,3,test,KPI-55f8b8b8-b659-38df-b3df-e4a5a8a54bc9,
iops,KPI-55f8b8b8-b659-38df-b3df-e4a5a8a54bc9,data/IOPS/KPI-55f8b8b8-b659-38df-b3df-e4a5a8a54bc9.test.out,8627,8661,34,4,test,KPI-55f8b8b8-b659-38df-b3df-e4a5a8a54bc9,
iops,KPI-55f8b8b8-b659-38df-b3df-e4a5a8a54bc9,data/IOPS/KPI-55f8b8b8-b659-38df-b3df-e4a5a8a54bc9.test.out,9874,9906,32,5,test,KPI-55f8b8b8-b659-38df-b3df-e4a5a8a54bc9,
iops,KPI-55f8b8b8-b659-38df-b3df-e4a5a8a54bc9,data/IOPS/KPI-55f8b8b8-b659-38df-b3df-e4a5a8a54bc9.test.out,16144,16537,393,6,test,KPI-55f8b8b8-b659-38df-b3df-e4a5a8a54bc9,
iops,KPI-55f8b8b8-b659-38df-b3df-e4a5a8a54bc9,data/IOPS/KPI-55f8b8b8-b659-38df-b3df-e4a5a8a54bc9.test.out,17170,17173,3,7,test,KPI-55f8b8b8-b659-38df-b3df-e4a5a8a54bc9,
iops,KPI-55f8b8b8-b659-38df-b3df-e4a5a8a54bc9,data/IOPS/KPI-55f8b8b8-b659-38df-b3df-e4a5a8a54bc9.test.out,18246,18249,3,8,test,KPI-55f8b8b8-b659-38df-b3df-e4a5a8a54bc9,
iops,KPI-55f8b8b8-b659-38df-b3df-e4a5a8a54bc9,data/IOPS/KPI-55f8b8b8-b659-38df-b3df-e4a5a8a54bc9.test.out,18411,18414,3,9,test,KPI-55f8b8b8-b659-38df-b3df-e4a5a8a54bc9,
iops,KPI-55f8b8b8-b659-38df-b3df-e4a5a8a54bc9,data/IOPS/KPI-55f8b8b8-b659-38df-b3df-e4a5a8a54bc9.test.out,18557,18589,32,10,test,KPI-55f8b8b8-b659-38df-b3df-e4a5a8a54bc9,
iops,KPI-55f8b8b8-b659-38df-b3df-e4a5a8a54bc9,data/IOPS/KPI-55f8b8b8-b659-38df-b3df-e4a5a8a54bc9.test.out,19840,19912,72,11,test,KPI-55f8b8b8-b659-38df-b3df-e4a5a8a54bc9,
iops,KPI-55f8b8b8-b659-38df-b3df-e4a5a8a54bc9,data/IOPS/KPI-55f8b8b8-b659-38df-b3df-e4a5a8a54bc9.test.out,24296,24300,4,12,test,KPI-55f8b8b8-b659-38df-b3df-e4a5a8a54bc9,
iops,KPI-55f8b8b8-b659-38df-b3df-e4a5a8a54bc9,data/IOPS/KPI-55f8b8b8-b659-38df-b3df-e4a5a8a54bc9.test.out,24784,25223,439,13,test,KPI-55f8b8b8-b659-38df-b3df-e4a5a8a54bc9,
iops,KPI-55f8b8b8-b659-38df-b3df-e4a5a8a54bc9,data/IOPS/KPI-55f8b8b8-b659-38df-b3df-e4a5a8a54bc9.test.out,25571,25574,3,14,test,KPI-55f8b8b8-b659-38df-b3df-e4a5a8a54bc9,
iops,KPI-55f8b8b8-b659-38df-b3df-e4a5a8a54bc9,data/IOPS/KPI-55f8b8b8-b659-38df-b3df-e4a5a8a54bc9.test.out,25719,25750,31,15,test,KPI-55f8b8b8-b659-38df-b3df-e4a5a8a54bc9,
iops,KPI-55f8b8b8-b659-38df-b3df-e4a5a8a54bc9,data/IOPS/KPI-55f8b8b8-b659-38df-b3df-e4a5a8a54bc9.test.out,26843,26846,3,16,test,KPI-55f8b8b8-b659-38df-b3df-e4a5a8a54bc9,
iops,KPI-55f8b8b8-b659-38df-b3df-e4a5a8a54bc9,data/IOPS/KPI-55f8b8b8-b659-38df-b3df-e4a5a8a54bc9.test.out,28601,28604,3,17,test,KPI-55f8b8b8-b659-38df-b3df-e4a5a8a54bc9,
iops,KPI-55f8b8b8-b659-38df-b3df-e4a5a8a54bc9,data/IOPS/KPI-55f8b8b8-b659-38df-b3df-e4a5a8a54bc9.test.out,34424,34427,3,18,test,KPI-55f8b8b8-b659-38df-b3df-e4a5a8a54bc9,
iops,KPI-55f8b8b8-b659-38df-b3df-e4a5a8a54bc9,data/IOPS/KPI-55f8b8b8-b659-38df-b3df-e4a5a8a54bc9.test.out,35560,35563,3,19,test,KPI-55f8b8b8-b659-38df-b3df-e4a5a8a54bc9,
iops,KPI-55f8b8b8-b659-38df-b3df-e4a5a8a54bc9,data/IOPS/KPI-55f8b8b8-b659-38df-b3df-e4a5a8a54bc9.test.out,35780,35811,31,20,test,KPI-55f8b8b8-b659-38df-b3df-e4a5a8a54bc9,
iops,KPI-55f8b8b8-b659-38df-b3df-e4a5a8a54bc9,data/IOPS/KPI-55f8b8b8-b659-38df-b3df-e4a5a8a54bc9.test.out,35861,35864,3,21,test,KPI-55f8b8b8-b659-38df-b3df-e4a5a8a54bc9,
iops,KPI-55f8b8b8-b659-38df-b3df-e4a5a8a54bc9,data/IOPS/KPI-55f8b8b8-b659-38df-b3df-e4a5a8a54bc9.test.out,36304,36746,442,22,test,KPI-55f8b8b8-b659-38df-b3df-e4a5a8a54bc9,
iops,KPI-55f8b8b8-b659-38df-b3df-e4a5a8a54bc9,data/IOPS/KPI-55f8b8b8-b659-38df-b3df-e4a5a8a54bc9.test.out,37276,37279,3,23,test,KPI-55f8b8b8-b659-38df-b3df-e4a5a8a54bc9,
iops,KPI-55f8b8b8-b659-38df-b3df-e4a5a8a54bc9,data/IOPS/KPI-55f8b8b8-b659-38df-b3df-e4a5a8a54bc9.test.out,40246,40249,3,24,test,KPI-55f8b8b8-b659-38df-b3df-e4a5a8a54bc9,
iops,KPI-55f8b8b8-b659-38df-b3df-e4a5a8a54bc9,data/IOPS/KPI-55f8b8b8-b659-38df-b3df-e4a5a8a54bc9.test.out,44630,44645,15,25,test,KPI-55f8b8b8-b659-38df-b3df-e4a5a8a54bc9,
iops,KPI-55f8b8b8-b659-38df-b3df-e4a5a8a54bc9,data/IOPS/KPI-55f8b8b8-b659-38df-b3df-e4a5a8a54bc9.test.out,44690,44706,16,26,test,KPI-55f8b8b8-b659-38df-b3df-e4a5a8a54bc9,
iops,KPI-55f8b8b8-b659-38df-b3df-e4a5a8a54bc9,data/IOPS/KPI-55f8b8b8-b659-38df-b3df-e4a5a8a54bc9.test.out,44751,44757,6,27,test,KPI-55f8b8b8-b659-38df-b3df-e4a5a8a54bc9,
iops,KPI-55f8b8b8-b659-38df-b3df-e4a5a8a54bc9,data/IOPS/KPI-55f8b8b8-b659-38df-b3df-e4a5a8a54bc9.test.out,44944,45088,144,28,test,KPI-55f8b8b8-b659-38df-b3df-e4a5a8a54bc9,
iops,KPI-55f8b8b8-b659-38df-b3df-e4a5a8a54bc9,data/IOPS/KPI-55f8b8b8-b659-38df-b3df-e4a5a8a54bc9.test.out,45697,45701,4,29,test,KPI-55f8b8b8-b659-38df-b3df-e4a5a8a54bc9,
iops,KPI-55f8b8b8-b659-38df-b3df-e4a5a8a54bc9,data/IOPS/KPI-55f8b8b8-b659-38df-b3df-e4a5a8a54bc9.test.out,45850,45853,3,30,test,KPI-55f8b8b8-b659-38df-b3df-e4a5a8a54bc9,
iops,KPI-55f8b8b8-b659-38df-b3df-e4a5a8a54bc9,data/IOPS/KPI-55f8b8b8-b659-38df-b3df-e4a5a8a54bc9.test.out,45879,45912,33,31,test,KPI-55f8b8b8-b659-38df-b3df-e4a5a8a54bc9,
iops,KPI-55f8b8b8-b659-38df-b3df-e4a5a8a54bc9,data/IOPS/KPI-55f8b8b8-b659-38df-b3df-e4a5a8a54bc9.test.out,47377,47381,4,32,test,KPI-55f8b8b8-b659-38df-b3df-e4a5a8a54bc9,
iops,KPI-55f8b8b8-b659-38df-b3df-e4a5a8a54bc9,data/IOPS/KPI-55f8b8b8-b659-38df-b3df-e4a5a8a54bc9.test.out,55023,55444,421,33,test,KPI-55f8b8b8-b659-38df-b3df-e4a5a8a54bc9,
iops,KPI-55f8b8b8-b659-38df-b3df-e4a5a8a54bc9,data/IOPS/KPI-55f8b8b8-b659-38df-b3df-e4a5a8a54bc9.test.out,56176,56179,3,34,test,KPI-55f8b8b8-b659-38df-b3df-e4a5a8a54bc9,
iops,KPI-55f8b8b8-b659-38df-b3df-e4a5a8a54bc9,data/IOPS/KPI-55f8b8b8-b659-38df-b3df-e4a5a8a54bc9.test.out,57276,57279,3,35,test,KPI-55f8b8b8-b659-38df-b3df-e4a5a8a54bc9,
iops,KPI-55f8b8b8-b659-38df-b3df-e4a5a8a54bc9,data/IOPS/KPI-55f8b8b8-b659-38df-b3df-e4a5a8a54bc9.test.out,65097,65489,392,36,test,KPI-55f8b8b8-b659-38df-b3df-e4a5a8a54bc9,
iops,KPI-55f8b8b8-b659-38df-b3df-e4a5a8a54bc9,data/IOPS/KPI-55f8b8b8-b659-38df-b3df-e4a5a8a54bc9.test.out,68835,68838,3,37,test,KPI-55f8b8b8-b659-38df-b3df-e4a5a8a54bc9,
iops,KPI-55f8b8b8-b659-38df-b3df-e4a5a8a54bc9,data/IOPS/KPI-55f8b8b8-b659-38df-b3df-e4a5a8a54bc9.test.out,75997,76002,5,38,test,KPI-55f8b8b8-b659-38df-b3df-e4a5a8a54bc9,
iops,KPI-55f8b8b8-b659-38df-b3df-e4a5a8a54bc9,data/IOPS/KPI-55f8b8b8-b659-38df-b3df-e4a5a8a54bc9.test.out,76203,76206,3,39,test,KPI-55f8b8b8-b659-38df-b3df-e4a5a8a54bc9,
iops,KPI-55f8b8b8-b659-38df-b3df-e4a5a8a54bc9,data/IOPS/KPI-55f8b8b8-b659-38df-b3df-e4a5a8a54bc9.test.out,76233,76264,31,40,test,KPI-55f8b8b8-b659-38df-b3df-e4a5a8a54bc9,
iops,KPI-55f8b8b8-b659-38df-b3df-e4a5a8a54bc9,data/IOPS/KPI-55f8b8b8-b659-38df-b3df-e4a5a8a54bc9.test.out,81325,81332,7,41,test,KPI-55f8b8b8-b659-38df-b3df-e4a5a8a54bc9,
iops,KPI-55f8b8b8-b659-38df-b3df-e4a5a8a54bc9,data/IOPS/KPI-55f8b8b8-b659-38df-b3df-e4a5a8a54bc9.test.out,85912,85915,3,42,test,KPI-55f8b8b8-b659-38df-b3df-e4a5a8a54bc9,
iops,KPI-55f8b8b8-b659-38df-b3df-e4a5a8a54bc9,data/IOPS/KPI-55f8b8b8-b659-38df-b3df-e4a5a8a54bc9.test.out,85922,85953,31,43,test,KPI-55f8b8b8-b659-38df-b3df-e4a5a8a54bc9,
iops,KPI-55f8b8b8-b659-38df-b3df-e4a5a8a54bc9,data/IOPS/KPI-55f8b8b8-b659-38df-b3df-e4a5a8a54bc9.test.out,87602,87605,3,44,test,KPI-55f8b8b8-b659-38df-b3df-e4a5a8a54bc9,
iops,KPI-55f8b8b8-b659-38df-b3df-e4a5a8a54bc9,data/IOPS/KPI-55f8b8b8-b659-38df-b3df-e4a5a8a54bc9.test.out,88106,88514,408,45,test,KPI-55f8b8b8-b659-38df-b3df-e4a5a8a54bc9,
iops,KPI-55f8b8b8-b659-38df-b3df-e4a5a8a54bc9,data/IOPS/KPI-55f8b8b8-b659-38df-b3df-e4a5a8a54bc9.test.out,90497,90500,3,46,test,KPI-55f8b8b8-b659-38df-b3df-e4a5a8a54bc9,
iops,KPI-55f8b8b8-b659-38df-b3df-e4a5a8a54bc9,data/IOPS/KPI-55f8b8b8-b659-38df-b3df-e4a5a8a54bc9.test.out,94778,94781,3,47,test,KPI-55f8b8b8-b659-38df-b3df-e4a5a8a54bc9,
iops,KPI-55f8b8b8-b659-38df-b3df-e4a5a8a54bc9,data/IOPS/KPI-55f8b8b8-b659-38df-b3df-e4a5a8a54bc9.test.out,95305,95711,406,48,test,KPI-55f8b8b8-b659-38df-b3df-e4a5a8a54bc9,
iops,KPI-55f8b8b8-b659-38df-b3df-e4a5a8a54bc9,data/IOPS/KPI-55f8b8b8-b659-38df-b3df-e4a5a8a54bc9.test.out,95972,95975,3,49,test,KPI-55f8b8b8-b659-38df-b3df-e4a5a8a54bc9,
iops,KPI-55f8b8b8-b659-38df-b3df-e4a5a8a54bc9,data/IOPS/KPI-55f8b8b8-b659-38df-b3df-e4a5a8a54bc9.test.out,96175,96209,34,50,test,KPI-55f8b8b8-b659-38df-b3df-e4a5a8a54bc9,
iops,KPI-55f8b8b8-b659-38df-b3df-e4a5a8a54bc9,data/IOPS/KPI-55f8b8b8-b659-38df-b3df-e4a5a8a54bc9.test.out,96341,96344,3,51,test,KPI-55f8b8b8-b659-38df-b3df-e4a5a8a54bc9,
iops,KPI-55f8b8b8-b659-38df-b3df-e4a5a8a54bc9,data/IOPS/KPI-55f8b8b8-b659-38df-b3df-e4a5a8a54bc9.test.out,99138,99141,3,52,test,KPI-55f8b8b8-b659-38df-b3df-e4a5a8a54bc9,
iops,KPI-55f8b8b8-b659-38df-b3df-e4a5a8a54bc9,data/IOPS/KPI-55f8b8b8-b659-38df-b3df-e4a5a8a54bc9.test.out,99365,99368,3,53,test,KPI-55f8b8b8-b659-38df-b3df-e4a5a8a54bc9,
iops,KPI-55f8b8b8-b659-38df-b3df-e4a5a8a54bc9,data/IOPS/KPI-55f8b8b8-b659-38df-b3df-e4a5a8a54bc9.test.out,100436,100439,3,54,test,KPI-55f8b8b8-b659-38df-b3df-e4a5a8a54bc9,
iops,KPI-55f8b8b8-b659-38df-b3df-e4a5a8a54bc9,data/IOPS/KPI-55f8b8b8-b659-38df-b3df-e4a5a8a54bc9.test.out,105381,105763,382,55,test,KPI-55f8b8b8-b659-38df-b3df-e4a5a8a54bc9,
iops,KPI-55f8b8b8-b659-38df-b3df-e4a5a8a54bc9,data/IOPS/KPI-55f8b8b8-b659-38df-b3df-e4a5a8a54bc9.test.out,109257,109260,3,56,test,KPI-55f8b8b8-b659-38df-b3df-e4a5a8a54bc9,
iops,KPI-55f8b8b8-b659-38df-b3df-e4a5a8a54bc9,data/IOPS/KPI-55f8b8b8-b659-38df-b3df-e4a5a8a54bc9.test.out,111117,111559,442,57,test,KPI-55f8b8b8-b659-38df-b3df-e4a5a8a54bc9,
iops,KPI-55f8b8b8-b659-38df-b3df-e4a5a8a54bc9,data/IOPS/KPI-55f8b8b8-b659-38df-b3df-e4a5a8a54bc9.test.out,126316,126319,3,58,test,KPI-55f8b8b8-b659-38df-b3df-e4a5a8a54bc9,
iops,KPI-55f8b8b8-b659-38df-b3df-e4a5a8a54bc9,data/IOPS/KPI-55f8b8b8-b659-38df-b3df-e4a5a8a54bc9.test.out,126952,127394,442,59,test,KPI-55f8b8b8-b659-38df-b3df-e4a5a8a54bc9,
iops,KPI-55f8b8b8-b659-38df-b3df-e4a5a8a54bc9,data/IOPS/KPI-55f8b8b8-b659-38df-b3df-e4a5a8a54bc9.test.out,129264,129267,3,60,test,KPI-55f8b8b8-b659-38df-b3df-e4a5a8a54bc9,
iops,KPI-55f8b8b8-b659-38df-b3df-e4a5a8a54bc9,data/IOPS/KPI-55f8b8b8-b659-38df-b3df-e4a5a8a54bc9.test.out,130745,130748,3,61,test,KPI-55f8b8b8-b659-38df-b3df-e4a5a8a54bc9,
iops,KPI-55f8b8b8-b659-38df-b3df-e4a5a8a54bc9,data/IOPS/KPI-55f8b8b8-b659-38df-b3df-e4a5a8a54bc9.test.out,135144,135147,3,62,test,KPI-55f8b8b8-b659-38df-b3df-e4a5a8a54bc9,
iops,KPI-55f8b8b8-b659-38df-b3df-e4a5a8a54bc9,data/IOPS/KPI-55f8b8b8-b659-38df-b3df-e4a5a8a54bc9.test.out,135998,136034,36,63,test,KPI-55f8b8b8-b659-38df-b3df-e4a5a8a54bc9,
iops,KPI-55f8b8b8-b659-38df-b3df-e4a5a8a54bc9,data/IOPS/KPI-55f8b8b8-b659-38df-b3df-e4a5a8a54bc9.test.out,138098,138101,3,64,test,KPI-55f8b8b8-b659-38df-b3df-e4a5a8a54bc9,
iops,KPI-55f8b8b8-b659-38df-b3df-e4a5a8a54bc9,data/IOPS/KPI-55f8b8b8-b659-38df-b3df-e4a5a8a54bc9.test.out,139283,139286,3,65,test,KPI-55f8b8b8-b659-38df-b3df-e4a5a8a54bc9,
iops,KPI-55f8b8b8-b659-38df-b3df-e4a5a8a54bc9,data/IOPS/KPI-55f8b8b8-b659-38df-b3df-e4a5a8a54bc9.test.out,141352,141794,442,66,test,KPI-55f8b8b8-b659-38df-b3df-e4a5a8a54bc9,
iops,KPI-55f8b8b8-b659-38df-b3df-e4a5a8a54bc9,data/IOPS/KPI-55f8b8b8-b659-38df-b3df-e4a5a8a54bc9.test.out,145239,145242,3,67,test,KPI-55f8b8b8-b659-38df-b3df-e4a5a8a54bc9,
iops,KPI-55f8b8b8-b659-38df-b3df-e4a5a8a54bc9,data/IOPS/KPI-55f8b8b8-b659-38df-b3df-e4a5a8a54bc9.test.out,145690,145694,4,68,test,KPI-55f8b8b8-b659-38df-b3df-e4a5a8a54bc9,
iops,KPI-55f8b8b8-b659-38df-b3df-e4a5a8a54bc9,data/IOPS/KPI-55f8b8b8-b659-38df-b3df-e4a5a8a54bc9.test.out,145753,145756,3,69,test,KPI-55f8b8b8-b659-38df-b3df-e4a5a8a54bc9,
iops,KPI-55f8b8b8-b659-38df-b3df-e4a5a8a54bc9,data/IOPS/KPI-55f8b8b8-b659-38df-b3df-e4a5a8a54bc9.test.out,146508,146512,4,70,test,KPI-55f8b8b8-b659-38df-b3df-e4a5a8a54bc9,
iops,KPI-55f8b8b8-b659-38df-b3df-e4a5a8a54bc9,data/IOPS/KPI-55f8b8b8-b659-38df-b3df-e4a5a8a54bc9.test.out,147926,147929,3,71,test,KPI-55f8b8b8-b659-38df-b3df-e4a5a8a54bc9,
iops,KPI-55f8b8b8-b659-38df-b3df-e4a5a8a54bc9,data/IOPS/KPI-55f8b8b8-b659-38df-b3df-e4a5a8a54bc9.test.out,148552,148994,442,72,test,KPI-55f8b8b8-b659-38df-b3df-e4a5a8a54bc9,
iops,KPI-57051487-3a40-3828-9084-a12f7f23ee38,data/IOPS/KPI-57051487-3a40-3828-9084-a12f7f23ee38.test.out,95571,95580,9,1,test,KPI-57051487-3a40-3828-9084-a12f7f23ee38,
iops,KPI-57051487-3a40-3828-9084-a12f7f23ee38,data/IOPS/KPI-57051487-3a40-3828-9084-a12f7f23ee38.test.out,98043,98054,11,2,test,KPI-57051487-3a40-3828-9084-a12f7f23ee38,
iops,KPI-57051487-3a40-3828-9084-a12f7f23ee38,data/IOPS/KPI-57051487-3a40-3828-9084-a12f7f23ee38.test.out,99226,99230,4,3,test,KPI-57051487-3a40-3828-9084-a12f7f23ee38,
iops,KPI-57051487-3a40-3828-9084-a12f7f23ee38,data/IOPS/KPI-57051487-3a40-3828-9084-a12f7f23ee38.test.out,99243,99253,10,4,test,KPI-57051487-3a40-3828-9084-a12f7f23ee38,
iops,KPI-57051487-3a40-3828-9084-a12f7f23ee38,data/IOPS/KPI-57051487-3a40-3828-9084-a12f7f23ee38.test.out,99275,99287,12,5,test,KPI-57051487-3a40-3828-9084-a12f7f23ee38,
iops,KPI-6a757df4-95e5-3357-8406-165e2bd49360,data/IOPS/KPI-6a757df4-95e5-3357-8406-165e2bd49360.test.out,11765,11768,3,1,test,KPI-6a757df4-95e5-3357-8406-165e2bd49360,
iops,KPI-6a757df4-95e5-3357-8406-165e2bd49360,data/IOPS/KPI-6a757df4-95e5-3357-8406-165e2bd49360.test.out,11774,11777,3,2,test,KPI-6a757df4-95e5-3357-8406-165e2bd49360,
iops,KPI-6a757df4-95e5-3357-8406-165e2bd49360,data/IOPS/KPI-6a757df4-95e5-3357-8406-165e2bd49360.test.out,39393,40288,895,3,test,KPI-6a757df4-95e5-3357-8406-165e2bd49360,
iops,KPI-6a757df4-95e5-3357-8406-165e2bd49360,data/IOPS/KPI-6a757df4-95e5-3357-8406-165e2bd49360.test.out,62915,63438,523,4,test,KPI-6a757df4-95e5-3357-8406-165e2bd49360,
iops,KPI-6a757df4-95e5-3357-8406-165e2bd49360,data/IOPS/KPI-6a757df4-95e5-3357-8406-165e2bd49360.test.out,73230,73241,11,5,test,KPI-6a757df4-95e5-3357-8406-165e2bd49360,
iops,KPI-6a757df4-95e5-3357-8406-165e2bd49360,data/IOPS/KPI-6a757df4-95e5-3357-8406-165e2bd49360.test.out,74307,74333,26,6,test,KPI-6a757df4-95e5-3357-8406-165e2bd49360,
iops,KPI-6a757df4-95e5-3357-8406-165e2bd49360,data/IOPS/KPI-6a757df4-95e5-3357-8406-165e2bd49360.test.out,83788,83798,10,7,test,KPI-6a757df4-95e5-3357-8406-165e2bd49360,
iops,KPI-6a757df4-95e5-3357-8406-165e2bd49360,data/IOPS/KPI-6a757df4-95e5-3357-8406-165e2bd49360.test.out,84140,84160,20,8,test,KPI-6a757df4-95e5-3357-8406-165e2bd49360,
iops,KPI-6a757df4-95e5-3357-8406-165e2bd49360,data/IOPS/KPI-6a757df4-95e5-3357-8406-165e2bd49360.test.out,84877,84883,6,9,test,KPI-6a757df4-95e5-3357-8406-165e2bd49360,
iops,KPI-6a757df4-95e5-3357-8406-165e2bd49360,data/IOPS/KPI-6a757df4-95e5-3357-8406-165e2bd49360.test.out,86707,86719,12,10,test,KPI-6a757df4-95e5-3357-8406-165e2bd49360,
iops,KPI-6a757df4-95e5-3357-8406-165e2bd49360,data/IOPS/KPI-6a757df4-95e5-3357-8406-165e2bd49360.test.out,88945,88949,4,11,test,KPI-6a757df4-95e5-3357-8406-165e2bd49360,
iops,KPI-6a757df4-95e5-3357-8406-165e2bd49360,data/IOPS/KPI-6a757df4-95e5-3357-8406-165e2bd49360.test.out,105777,105844,67,12,test,KPI-6a757df4-95e5-3357-8406-165e2bd49360,
iops,KPI-6a757df4-95e5-3357-8406-165e2bd49360,data/IOPS/KPI-6a757df4-95e5-3357-8406-165e2bd49360.test.out,106590,107645,1055,13,test,KPI-6a757df4-95e5-3357-8406-165e2bd49360,
iops,KPI-6a757df4-95e5-3357-8406-165e2bd49360,data/IOPS/KPI-6a757df4-95e5-3357-8406-165e2bd49360.test.out,107807,107810,3,14,test,KPI-6a757df4-95e5-3357-8406-165e2bd49360,
iops,KPI-6d1114ae-be04-3c46-b5aa-be1a003a57cd,data/IOPS/KPI-6d1114ae-be04-3c46-b5aa-be1a003a57cd.test.out,5669,5673,4,1,test,KPI-6d1114ae-be04-3c46-b5aa-be1a003a57cd,
iops,KPI-6d1114ae-be04-3c46-b5aa-be1a003a57cd,data/IOPS/KPI-6d1114ae-be04-3c46-b5aa-be1a003a57cd.test.out,8632,8635,3,2,test,KPI-6d1114ae-be04-3c46-b5aa-be1a003a57cd,
iops,KPI-6d1114ae-be04-3c46-b5aa-be1a003a57cd,data/IOPS/KPI-6d1114ae-be04-3c46-b5aa-be1a003a57cd.test.out,9586,9622,36,3,test,KPI-6d1114ae-be04-3c46-b5aa-be1a003a57cd,
iops,KPI-6d1114ae-be04-3c46-b5aa-be1a003a57cd,data/IOPS/KPI-6d1114ae-be04-3c46-b5aa-be1a003a57cd.test.out,9743,9785,42,4,test,KPI-6d1114ae-be04-3c46-b5aa-be1a003a57cd,
iops,KPI-6d1114ae-be04-3c46-b5aa-be1a003a57cd,data/IOPS/KPI-6d1114ae-be04-3c46-b5aa-be1a003a57cd.test.out,9995,10027,32,5,test,KPI-6d1114ae-be04-3c46-b5aa-be1a003a57cd,
iops,KPI-6d1114ae-be04-3c46-b5aa-be1a003a57cd,data/IOPS/KPI-6d1114ae-be04-3c46-b5aa-be1a003a57cd.test.out,17213,17217,4,6,test,KPI-6d1114ae-be04-3c46-b5aa-be1a003a57cd,
iops,KPI-6d1114ae-be04-3c46-b5aa-be1a003a57cd,data/IOPS/KPI-6d1114ae-be04-3c46-b5aa-be1a003a57cd.test.out,18454,18457,3,7,test,KPI-6d1114ae-be04-3c46-b5aa-be1a003a57cd,
iops,KPI-6d1114ae-be04-3c46-b5aa-be1a003a57cd,data/IOPS/KPI-6d1114ae-be04-3c46-b5aa-be1a003a57cd.test.out,19671,19702,31,8,test,KPI-6d1114ae-be04-3c46-b5aa-be1a003a57cd,
iops,KPI-6d1114ae-be04-3c46-b5aa-be1a003a57cd,data/IOPS/KPI-6d1114ae-be04-3c46-b5aa-be1a003a57cd.test.out,24340,24343,3,9,test,KPI-6d1114ae-be04-3c46-b5aa-be1a003a57cd,
iops,KPI-6d1114ae-be04-3c46-b5aa-be1a003a57cd,data/IOPS/KPI-6d1114ae-be04-3c46-b5aa-be1a003a57cd.test.out,25763,25766,3,10,test,KPI-6d1114ae-be04-3c46-b5aa-be1a003a57cd,
iops,KPI-6d1114ae-be04-3c46-b5aa-be1a003a57cd,data/IOPS/KPI-6d1114ae-be04-3c46-b5aa-be1a003a57cd.test.out,26854,26857,3,11,test,KPI-6d1114ae-be04-3c46-b5aa-be1a003a57cd,
iops,KPI-6d1114ae-be04-3c46-b5aa-be1a003a57cd,data/IOPS/KPI-6d1114ae-be04-3c46-b5aa-be1a003a57cd.test.out,27065,27096,31,12,test,KPI-6d1114ae-be04-3c46-b5aa-be1a003a57cd,
iops,KPI-6d1114ae-be04-3c46-b5aa-be1a003a57cd,data/IOPS/KPI-6d1114ae-be04-3c46-b5aa-be1a003a57cd.test.out,28516,28519,3,13,test,KPI-6d1114ae-be04-3c46-b5aa-be1a003a57cd,
iops,KPI-6d1114ae-be04-3c46-b5aa-be1a003a57cd,data/IOPS/KPI-6d1114ae-be04-3c46-b5aa-be1a003a57cd.test.out,30109,30112,3,14,test,KPI-6d1114ae-be04-3c46-b5aa-be1a003a57cd,
iops,KPI-6d1114ae-be04-3c46-b5aa-be1a003a57cd,data/IOPS/KPI-6d1114ae-be04-3c46-b5aa-be1a003a57cd.test.out,34466,34469,3,15,test,KPI-6d1114ae-be04-3c46-b5aa-be1a003a57cd,
iops,KPI-6d1114ae-be04-3c46-b5aa-be1a003a57cd,data/IOPS/KPI-6d1114ae-be04-3c46-b5aa-be1a003a57cd.test.out,35903,35906,3,16,test,KPI-6d1114ae-be04-3c46-b5aa-be1a003a57cd,
iops,KPI-6d1114ae-be04-3c46-b5aa-be1a003a57cd,data/IOPS/KPI-6d1114ae-be04-3c46-b5aa-be1a003a57cd.test.out,37117,37149,32,17,test,KPI-6d1114ae-be04-3c46-b5aa-be1a003a57cd,
iops,KPI-6d1114ae-be04-3c46-b5aa-be1a003a57cd,data/IOPS/KPI-6d1114ae-be04-3c46-b5aa-be1a003a57cd.test.out,44636,44652,16,18,test,KPI-6d1114ae-be04-3c46-b5aa-be1a003a57cd,
iops,KPI-6d1114ae-be04-3c46-b5aa-be1a003a57cd,data/IOPS/KPI-6d1114ae-be04-3c46-b5aa-be1a003a57cd.test.out,44693,44710,17,19,test,KPI-6d1114ae-be04-3c46-b5aa-be1a003a57cd,
iops,KPI-6d1114ae-be04-3c46-b5aa-be1a003a57cd,data/IOPS/KPI-6d1114ae-be04-3c46-b5aa-be1a003a57cd.test.out,44816,44819,3,20,test,KPI-6d1114ae-be04-3c46-b5aa-be1a003a57cd,
iops,KPI-6d1114ae-be04-3c46-b5aa-be1a003a57cd,data/IOPS/KPI-6d1114ae-be04-3c46-b5aa-be1a003a57cd.test.out,47071,47103,32,21,test,KPI-6d1114ae-be04-3c46-b5aa-be1a003a57cd,
iops,KPI-6d1114ae-be04-3c46-b5aa-be1a003a57cd,data/IOPS/KPI-6d1114ae-be04-3c46-b5aa-be1a003a57cd.test.out,47229,47231,2,22,test,KPI-6d1114ae-be04-3c46-b5aa-be1a003a57cd,
iops,KPI-6d1114ae-be04-3c46-b5aa-be1a003a57cd,data/IOPS/KPI-6d1114ae-be04-3c46-b5aa-be1a003a57cd.test.out,48867,48870,3,23,test,KPI-6d1114ae-be04-3c46-b5aa-be1a003a57cd,
iops,KPI-6d1114ae-be04-3c46-b5aa-be1a003a57cd,data/IOPS/KPI-6d1114ae-be04-3c46-b5aa-be1a003a57cd.test.out,55947,55950,3,24,test,KPI-6d1114ae-be04-3c46-b5aa-be1a003a57cd,
iops,KPI-6d1114ae-be04-3c46-b5aa-be1a003a57cd,data/IOPS/KPI-6d1114ae-be04-3c46-b5aa-be1a003a57cd.test.out,62174,62178,4,25,test,KPI-6d1114ae-be04-3c46-b5aa-be1a003a57cd,
iops,KPI-6d1114ae-be04-3c46-b5aa-be1a003a57cd,data/IOPS/KPI-6d1114ae-be04-3c46-b5aa-be1a003a57cd.test.out,62188,62191,3,26,test,KPI-6d1114ae-be04-3c46-b5aa-be1a003a57cd,
iops,KPI-6d1114ae-be04-3c46-b5aa-be1a003a57cd,data/IOPS/KPI-6d1114ae-be04-3c46-b5aa-be1a003a57cd.test.out,65511,65543,32,27,test,KPI-6d1114ae-be04-3c46-b5aa-be1a003a57cd,
iops,KPI-6d1114ae-be04-3c46-b5aa-be1a003a57cd,data/IOPS/KPI-6d1114ae-be04-3c46-b5aa-be1a003a57cd.test.out,65931,65934,3,28,test,KPI-6d1114ae-be04-3c46-b5aa-be1a003a57cd,
iops,KPI-6d1114ae-be04-3c46-b5aa-be1a003a57cd,data/IOPS/KPI-6d1114ae-be04-3c46-b5aa-be1a003a57cd.test.out,77258,77290,32,29,test,KPI-6d1114ae-be04-3c46-b5aa-be1a003a57cd,
iops,KPI-6d1114ae-be04-3c46-b5aa-be1a003a57cd,data/IOPS/KPI-6d1114ae-be04-3c46-b5aa-be1a003a57cd.test.out,79067,79070,3,30,test,KPI-6d1114ae-be04-3c46-b5aa-be1a003a57cd,
iops,KPI-6d1114ae-be04-3c46-b5aa-be1a003a57cd,data/IOPS/KPI-6d1114ae-be04-3c46-b5aa-be1a003a57cd.test.out,80821,80828,7,31,test,KPI-6d1114ae-be04-3c46-b5aa-be1a003a57cd,
iops,KPI-6d1114ae-be04-3c46-b5aa-be1a003a57cd,data/IOPS/KPI-6d1114ae-be04-3c46-b5aa-be1a003a57cd.test.out,80834,80842,8,32,test,KPI-6d1114ae-be04-3c46-b5aa-be1a003a57cd,
iops,KPI-6d1114ae-be04-3c46-b5aa-be1a003a57cd,data/IOPS/KPI-6d1114ae-be04-3c46-b5aa-be1a003a57cd.test.out,80866,80873,7,33,test,KPI-6d1114ae-be04-3c46-b5aa-be1a003a57cd,
iops,KPI-6d1114ae-be04-3c46-b5aa-be1a003a57cd,data/IOPS/KPI-6d1114ae-be04-3c46-b5aa-be1a003a57cd.test.out,80885,80901,16,34,test,KPI-6d1114ae-be04-3c46-b5aa-be1a003a57cd,
iops,KPI-6d1114ae-be04-3c46-b5aa-be1a003a57cd,data/IOPS/KPI-6d1114ae-be04-3c46-b5aa-be1a003a57cd.test.out,82787,82997,210,35,test,KPI-6d1114ae-be04-3c46-b5aa-be1a003a57cd,
iops,KPI-6d1114ae-be04-3c46-b5aa-be1a003a57cd,data/IOPS/KPI-6d1114ae-be04-3c46-b5aa-be1a003a57cd.test.out,84612,84615,3,36,test,KPI-6d1114ae-be04-3c46-b5aa-be1a003a57cd,
iops,KPI-6d1114ae-be04-3c46-b5aa-be1a003a57cd,data/IOPS/KPI-6d1114ae-be04-3c46-b5aa-be1a003a57cd.test.out,86261,86293,32,37,test,KPI-6d1114ae-be04-3c46-b5aa-be1a003a57cd,
iops,KPI-6d1114ae-be04-3c46-b5aa-be1a003a57cd,data/IOPS/KPI-6d1114ae-be04-3c46-b5aa-be1a003a57cd.test.out,90518,90521,3,38,test,KPI-6d1114ae-be04-3c46-b5aa-be1a003a57cd,
iops,KPI-6d1114ae-be04-3c46-b5aa-be1a003a57cd,data/IOPS/KPI-6d1114ae-be04-3c46-b5aa-be1a003a57cd.test.out,94799,94802,3,39,test,KPI-6d1114ae-be04-3c46-b5aa-be1a003a57cd,
iops,KPI-6d1114ae-be04-3c46-b5aa-be1a003a57cd,data/IOPS/KPI-6d1114ae-be04-3c46-b5aa-be1a003a57cd.test.out,96362,96365,3,40,test,KPI-6d1114ae-be04-3c46-b5aa-be1a003a57cd,
iops,KPI-6d1114ae-be04-3c46-b5aa-be1a003a57cd,data/IOPS/KPI-6d1114ae-be04-3c46-b5aa-be1a003a57cd.test.out,96387,96396,9,41,test,KPI-6d1114ae-be04-3c46-b5aa-be1a003a57cd,
iops,KPI-6d1114ae-be04-3c46-b5aa-be1a003a57cd,data/IOPS/KPI-6d1114ae-be04-3c46-b5aa-be1a003a57cd.test.out,97412,97447,35,42,test,KPI-6d1114ae-be04-3c46-b5aa-be1a003a57cd,
iops,KPI-6d1114ae-be04-3c46-b5aa-be1a003a57cd,data/IOPS/KPI-6d1114ae-be04-3c46-b5aa-be1a003a57cd.test.out,97712,97715,3,43,test,KPI-6d1114ae-be04-3c46-b5aa-be1a003a57cd,
iops,KPI-6d1114ae-be04-3c46-b5aa-be1a003a57cd,data/IOPS/KPI-6d1114ae-be04-3c46-b5aa-be1a003a57cd.test.out,99160,99163,3,44,test,KPI-6d1114ae-be04-3c46-b5aa-be1a003a57cd,
iops,KPI-6d1114ae-be04-3c46-b5aa-be1a003a57cd,data/IOPS/KPI-6d1114ae-be04-3c46-b5aa-be1a003a57cd.test.out,99385,99388,3,45,test,KPI-6d1114ae-be04-3c46-b5aa-be1a003a57cd,
iops,KPI-6d1114ae-be04-3c46-b5aa-be1a003a57cd,data/IOPS/KPI-6d1114ae-be04-3c46-b5aa-be1a003a57cd.test.out,105092,105095,3,46,test,KPI-6d1114ae-be04-3c46-b5aa-be1a003a57cd,
iops,KPI-6d1114ae-be04-3c46-b5aa-be1a003a57cd,data/IOPS/KPI-6d1114ae-be04-3c46-b5aa-be1a003a57cd.test.out,106198,106201,3,47,test,KPI-6d1114ae-be04-3c46-b5aa-be1a003a57cd,
iops,KPI-6d1114ae-be04-3c46-b5aa-be1a003a57cd,data/IOPS/KPI-6d1114ae-be04-3c46-b5aa-be1a003a57cd.test.out,129291,129294,3,48,test,KPI-6d1114ae-be04-3c46-b5aa-be1a003a57cd,
iops,KPI-6d1114ae-be04-3c46-b5aa-be1a003a57cd,data/IOPS/KPI-6d1114ae-be04-3c46-b5aa-be1a003a57cd.test.out,130772,130775,3,49,test,KPI-6d1114ae-be04-3c46-b5aa-be1a003a57cd,
iops,KPI-6d1114ae-be04-3c46-b5aa-be1a003a57cd,data/IOPS/KPI-6d1114ae-be04-3c46-b5aa-be1a003a57cd.test.out,138125,138128,3,50,test,KPI-6d1114ae-be04-3c46-b5aa-be1a003a57cd,
iops,KPI-6d1114ae-be04-3c46-b5aa-be1a003a57cd,data/IOPS/KPI-6d1114ae-be04-3c46-b5aa-be1a003a57cd.test.out,145361,145364,3,51,test,KPI-6d1114ae-be04-3c46-b5aa-be1a003a57cd,
iops,KPI-6d1114ae-be04-3c46-b5aa-be1a003a57cd,data/IOPS/KPI-6d1114ae-be04-3c46-b5aa-be1a003a57cd.test.out,146531,146534,3,52,test,KPI-6d1114ae-be04-3c46-b5aa-be1a003a57cd,
iops,KPI-6d1114ae-be04-3c46-b5aa-be1a003a57cd,data/IOPS/KPI-6d1114ae-be04-3c46-b5aa-be1a003a57cd.test.out,147949,147952,3,53,test,KPI-6d1114ae-be04-3c46-b5aa-be1a003a57cd,
iops,KPI-6efa3a07-4544-34a0-b921-a155bd1a05e8,data/IOPS/KPI-6efa3a07-4544-34a0-b921-a155bd1a05e8.test.out,6748,6803,55,1,test,KPI-6efa3a07-4544-34a0-b921-a155bd1a05e8,
iops,KPI-6efa3a07-4544-34a0-b921-a155bd1a05e8,data/IOPS/KPI-6efa3a07-4544-34a0-b921-a155bd1a05e8.test.out,8560,8563,3,2,test,KPI-6efa3a07-4544-34a0-b921-a155bd1a05e8,
iops,KPI-6efa3a07-4544-34a0-b921-a155bd1a05e8,data/IOPS/KPI-6efa3a07-4544-34a0-b921-a155bd1a05e8.test.out,14238,14584,346,3,test,KPI-6efa3a07-4544-34a0-b921-a155bd1a05e8,
iops,KPI-6efa3a07-4544-34a0-b921-a155bd1a05e8,data/IOPS/KPI-6efa3a07-4544-34a0-b921-a155bd1a05e8.test.out,16561,17266,705,4,test,KPI-6efa3a07-4544-34a0-b921-a155bd1a05e8,
iops,KPI-6efa3a07-4544-34a0-b921-a155bd1a05e8,data/IOPS/KPI-6efa3a07-4544-34a0-b921-a155bd1a05e8.test.out,18081,18610,529,5,test,KPI-6efa3a07-4544-34a0-b921-a155bd1a05e8,
iops,KPI-6efa3a07-4544-34a0-b921-a155bd1a05e8,data/IOPS/KPI-6efa3a07-4544-34a0-b921-a155bd1a05e8.test.out,37231,37297,66,6,test,KPI-6efa3a07-4544-34a0-b921-a155bd1a05e8,
iops,KPI-6efa3a07-4544-34a0-b921-a155bd1a05e8,data/IOPS/KPI-6efa3a07-4544-34a0-b921-a155bd1a05e8.test.out,40528,40556,28,7,test,KPI-6efa3a07-4544-34a0-b921-a155bd1a05e8,
iops,KPI-6efa3a07-4544-34a0-b921-a155bd1a05e8,data/IOPS/KPI-6efa3a07-4544-34a0-b921-a155bd1a05e8.test.out,46313,46342,29,8,test,KPI-6efa3a07-4544-34a0-b921-a155bd1a05e8,
iops,KPI-6efa3a07-4544-34a0-b921-a155bd1a05e8,data/IOPS/KPI-6efa3a07-4544-34a0-b921-a155bd1a05e8.test.out,50539,50569,30,9,test,KPI-6efa3a07-4544-34a0-b921-a155bd1a05e8,
iops,KPI-6efa3a07-4544-34a0-b921-a155bd1a05e8,data/IOPS/KPI-6efa3a07-4544-34a0-b921-a155bd1a05e8.test.out,59429,59466,37,10,test,KPI-6efa3a07-4544-34a0-b921-a155bd1a05e8,
iops,KPI-6efa3a07-4544-34a0-b921-a155bd1a05e8,data/IOPS/KPI-6efa3a07-4544-34a0-b921-a155bd1a05e8.test.out,66247,66250,3,11,test,KPI-6efa3a07-4544-34a0-b921-a155bd1a05e8,
iops,KPI-6efa3a07-4544-34a0-b921-a155bd1a05e8,data/IOPS/KPI-6efa3a07-4544-34a0-b921-a155bd1a05e8.test.out,67212,67243,31,12,test,KPI-6efa3a07-4544-34a0-b921-a155bd1a05e8,
iops,KPI-6efa3a07-4544-34a0-b921-a155bd1a05e8,data/IOPS/KPI-6efa3a07-4544-34a0-b921-a155bd1a05e8.test.out,67524,67530,6,13,test,KPI-6efa3a07-4544-34a0-b921-a155bd1a05e8,
iops,KPI-6efa3a07-4544-34a0-b921-a155bd1a05e8,data/IOPS/KPI-6efa3a07-4544-34a0-b921-a155bd1a05e8.test.out,69266,69278,12,14,test,KPI-6efa3a07-4544-34a0-b921-a155bd1a05e8,
iops,KPI-6efa3a07-4544-34a0-b921-a155bd1a05e8,data/IOPS/KPI-6efa3a07-4544-34a0-b921-a155bd1a05e8.test.out,69392,69400,8,15,test,KPI-6efa3a07-4544-34a0-b921-a155bd1a05e8,
iops,KPI-6efa3a07-4544-34a0-b921-a155bd1a05e8,data/IOPS/KPI-6efa3a07-4544-34a0-b921-a155bd1a05e8.test.out,69424,69442,18,16,test,KPI-6efa3a07-4544-34a0-b921-a155bd1a05e8,
iops,KPI-6efa3a07-4544-34a0-b921-a155bd1a05e8,data/IOPS/KPI-6efa3a07-4544-34a0-b921-a155bd1a05e8.test.out,69510,69523,13,17,test,KPI-6efa3a07-4544-34a0-b921-a155bd1a05e8,
iops,KPI-6efa3a07-4544-34a0-b921-a155bd1a05e8,data/IOPS/KPI-6efa3a07-4544-34a0-b921-a155bd1a05e8.test.out,69747,69756,9,18,test,KPI-6efa3a07-4544-34a0-b921-a155bd1a05e8,
iops,KPI-6efa3a07-4544-34a0-b921-a155bd1a05e8,data/IOPS/KPI-6efa3a07-4544-34a0-b921-a155bd1a05e8.test.out,70710,70717,7,19,test,KPI-6efa3a07-4544-34a0-b921-a155bd1a05e8,
iops,KPI-6efa3a07-4544-34a0-b921-a155bd1a05e8,data/IOPS/KPI-6efa3a07-4544-34a0-b921-a155bd1a05e8.test.out,70908,70936,28,20,test,KPI-6efa3a07-4544-34a0-b921-a155bd1a05e8,
iops,KPI-6efa3a07-4544-34a0-b921-a155bd1a05e8,data/IOPS/KPI-6efa3a07-4544-34a0-b921-a155bd1a05e8.test.out,70966,70991,25,21,test,KPI-6efa3a07-4544-34a0-b921-a155bd1a05e8,
iops,KPI-6efa3a07-4544-34a0-b921-a155bd1a05e8,data/IOPS/KPI-6efa3a07-4544-34a0-b921-a155bd1a05e8.test.out,72144,72155,11,22,test,KPI-6efa3a07-4544-34a0-b921-a155bd1a05e8,
iops,KPI-6efa3a07-4544-34a0-b921-a155bd1a05e8,data/IOPS/KPI-6efa3a07-4544-34a0-b921-a155bd1a05e8.test.out,72387,72459,72,23,test,KPI-6efa3a07-4544-34a0-b921-a155bd1a05e8,
iops,KPI-6efa3a07-4544-34a0-b921-a155bd1a05e8,data/IOPS/KPI-6efa3a07-4544-34a0-b921-a155bd1a05e8.test.out,73511,73624,113,24,test,KPI-6efa3a07-4544-34a0-b921-a155bd1a05e8,
iops,KPI-6efa3a07-4544-34a0-b921-a155bd1a05e8,data/IOPS/KPI-6efa3a07-4544-34a0-b921-a155bd1a05e8.test.out,80880,80885,5,25,test,KPI-6efa3a07-4544-34a0-b921-a155bd1a05e8,
iops,KPI-6efa3a07-4544-34a0-b921-a155bd1a05e8,data/IOPS/KPI-6efa3a07-4544-34a0-b921-a155bd1a05e8.test.out,80892,80917,25,26,test,KPI-6efa3a07-4544-34a0-b921-a155bd1a05e8,
iops,KPI-6efa3a07-4544-34a0-b921-a155bd1a05e8,data/IOPS/KPI-6efa3a07-4544-34a0-b921-a155bd1a05e8.test.out,81020,81036,16,27,test,KPI-6efa3a07-4544-34a0-b921-a155bd1a05e8,
iops,KPI-6efa3a07-4544-34a0-b921-a155bd1a05e8,data/IOPS/KPI-6efa3a07-4544-34a0-b921-a155bd1a05e8.test.out,81980,81998,18,28,test,KPI-6efa3a07-4544-34a0-b921-a155bd1a05e8,
iops,KPI-6efa3a07-4544-34a0-b921-a155bd1a05e8,data/IOPS/KPI-6efa3a07-4544-34a0-b921-a155bd1a05e8.test.out,82159,82166,7,29,test,KPI-6efa3a07-4544-34a0-b921-a155bd1a05e8,
iops,KPI-6efa3a07-4544-34a0-b921-a155bd1a05e8,data/IOPS/KPI-6efa3a07-4544-34a0-b921-a155bd1a05e8.test.out,82176,82281,105,30,test,KPI-6efa3a07-4544-34a0-b921-a155bd1a05e8,
iops,KPI-6efa3a07-4544-34a0-b921-a155bd1a05e8,data/IOPS/KPI-6efa3a07-4544-34a0-b921-a155bd1a05e8.test.out,82392,82401,9,31,test,KPI-6efa3a07-4544-34a0-b921-a155bd1a05e8,
iops,KPI-6efa3a07-4544-34a0-b921-a155bd1a05e8,data/IOPS/KPI-6efa3a07-4544-34a0-b921-a155bd1a05e8.test.out,82449,82499,50,32,test,KPI-6efa3a07-4544-34a0-b921-a155bd1a05e8,
iops,KPI-6efa3a07-4544-34a0-b921-a155bd1a05e8,data/IOPS/KPI-6efa3a07-4544-34a0-b921-a155bd1a05e8.test.out,82588,82607,19,33,test,KPI-6efa3a07-4544-34a0-b921-a155bd1a05e8,
iops,KPI-6efa3a07-4544-34a0-b921-a155bd1a05e8,data/IOPS/KPI-6efa3a07-4544-34a0-b921-a155bd1a05e8.test.out,82719,82726,7,34,test,KPI-6efa3a07-4544-34a0-b921-a155bd1a05e8,
iops,KPI-6efa3a07-4544-34a0-b921-a155bd1a05e8,data/IOPS/KPI-6efa3a07-4544-34a0-b921-a155bd1a05e8.test.out,82740,82757,17,35,test,KPI-6efa3a07-4544-34a0-b921-a155bd1a05e8,
iops,KPI-6efa3a07-4544-34a0-b921-a155bd1a05e8,data/IOPS/KPI-6efa3a07-4544-34a0-b921-a155bd1a05e8.test.out,82841,82851,10,36,test,KPI-6efa3a07-4544-34a0-b921-a155bd1a05e8,
iops,KPI-6efa3a07-4544-34a0-b921-a155bd1a05e8,data/IOPS/KPI-6efa3a07-4544-34a0-b921-a155bd1a05e8.test.out,82940,82946,6,37,test,KPI-6efa3a07-4544-34a0-b921-a155bd1a05e8,
iops,KPI-6efa3a07-4544-34a0-b921-a155bd1a05e8,data/IOPS/KPI-6efa3a07-4544-34a0-b921-a155bd1a05e8.test.out,82957,82969,12,38,test,KPI-6efa3a07-4544-34a0-b921-a155bd1a05e8,
iops,KPI-6efa3a07-4544-34a0-b921-a155bd1a05e8,data/IOPS/KPI-6efa3a07-4544-34a0-b921-a155bd1a05e8.test.out,83071,83090,19,39,test,KPI-6efa3a07-4544-34a0-b921-a155bd1a05e8,
iops,KPI-6efa3a07-4544-34a0-b921-a155bd1a05e8,data/IOPS/KPI-6efa3a07-4544-34a0-b921-a155bd1a05e8.test.out,83170,83193,23,40,test,KPI-6efa3a07-4544-34a0-b921-a155bd1a05e8,
iops,KPI-6efa3a07-4544-34a0-b921-a155bd1a05e8,data/IOPS/KPI-6efa3a07-4544-34a0-b921-a155bd1a05e8.test.out,83321,83329,8,41,test,KPI-6efa3a07-4544-34a0-b921-a155bd1a05e8,
iops,KPI-6efa3a07-4544-34a0-b921-a155bd1a05e8,data/IOPS/KPI-6efa3a07-4544-34a0-b921-a155bd1a05e8.test.out,83375,83402,27,42,test,KPI-6efa3a07-4544-34a0-b921-a155bd1a05e8,
iops,KPI-6efa3a07-4544-34a0-b921-a155bd1a05e8,data/IOPS/KPI-6efa3a07-4544-34a0-b921-a155bd1a05e8.test.out,83420,83436,16,43,test,KPI-6efa3a07-4544-34a0-b921-a155bd1a05e8,
iops,KPI-6efa3a07-4544-34a0-b921-a155bd1a05e8,data/IOPS/KPI-6efa3a07-4544-34a0-b921-a155bd1a05e8.test.out,83551,83579,28,44,test,KPI-6efa3a07-4544-34a0-b921-a155bd1a05e8,
iops,KPI-6efa3a07-4544-34a0-b921-a155bd1a05e8,data/IOPS/KPI-6efa3a07-4544-34a0-b921-a155bd1a05e8.test.out,83648,83664,16,45,test,KPI-6efa3a07-4544-34a0-b921-a155bd1a05e8,
iops,KPI-6efa3a07-4544-34a0-b921-a155bd1a05e8,data/IOPS/KPI-6efa3a07-4544-34a0-b921-a155bd1a05e8.test.out,83781,83808,27,46,test,KPI-6efa3a07-4544-34a0-b921-a155bd1a05e8,
iops,KPI-6efa3a07-4544-34a0-b921-a155bd1a05e8,data/IOPS/KPI-6efa3a07-4544-34a0-b921-a155bd1a05e8.test.out,83881,83933,52,47,test,KPI-6efa3a07-4544-34a0-b921-a155bd1a05e8,
iops,KPI-6efa3a07-4544-34a0-b921-a155bd1a05e8,data/IOPS/KPI-6efa3a07-4544-34a0-b921-a155bd1a05e8.test.out,84140,84157,17,48,test,KPI-6efa3a07-4544-34a0-b921-a155bd1a05e8,
iops,KPI-6efa3a07-4544-34a0-b921-a155bd1a05e8,data/IOPS/KPI-6efa3a07-4544-34a0-b921-a155bd1a05e8.test.out,84169,84186,17,49,test,KPI-6efa3a07-4544-34a0-b921-a155bd1a05e8,
iops,KPI-6efa3a07-4544-34a0-b921-a155bd1a05e8,data/IOPS/KPI-6efa3a07-4544-34a0-b921-a155bd1a05e8.test.out,84260,84287,27,50,test,KPI-6efa3a07-4544-34a0-b921-a155bd1a05e8,
iops,KPI-6efa3a07-4544-34a0-b921-a155bd1a05e8,data/IOPS/KPI-6efa3a07-4544-34a0-b921-a155bd1a05e8.test.out,84380,84408,28,51,test,KPI-6efa3a07-4544-34a0-b921-a155bd1a05e8,
iops,KPI-6efa3a07-4544-34a0-b921-a155bd1a05e8,data/IOPS/KPI-6efa3a07-4544-34a0-b921-a155bd1a05e8.test.out,84497,84533,36,52,test,KPI-6efa3a07-4544-34a0-b921-a155bd1a05e8,
iops,KPI-6efa3a07-4544-34a0-b921-a155bd1a05e8,data/IOPS/KPI-6efa3a07-4544-34a0-b921-a155bd1a05e8.test.out,84641,84654,13,53,test,KPI-6efa3a07-4544-34a0-b921-a155bd1a05e8,
iops,KPI-6efa3a07-4544-34a0-b921-a155bd1a05e8,data/IOPS/KPI-6efa3a07-4544-34a0-b921-a155bd1a05e8.test.out,84760,84768,8,54,test,KPI-6efa3a07-4544-34a0-b921-a155bd1a05e8,
iops,KPI-6efa3a07-4544-34a0-b921-a155bd1a05e8,data/IOPS/KPI-6efa3a07-4544-34a0-b921-a155bd1a05e8.test.out,84786,84794,8,55,test,KPI-6efa3a07-4544-34a0-b921-a155bd1a05e8,
iops,KPI-6efa3a07-4544-34a0-b921-a155bd1a05e8,data/IOPS/KPI-6efa3a07-4544-34a0-b921-a155bd1a05e8.test.out,84802,84809,7,56,test,KPI-6efa3a07-4544-34a0-b921-a155bd1a05e8,
iops,KPI-6efa3a07-4544-34a0-b921-a155bd1a05e8,data/IOPS/KPI-6efa3a07-4544-34a0-b921-a155bd1a05e8.test.out,84823,84855,32,57,test,KPI-6efa3a07-4544-34a0-b921-a155bd1a05e8,
iops,KPI-6efa3a07-4544-34a0-b921-a155bd1a05e8,data/IOPS/KPI-6efa3a07-4544-34a0-b921-a155bd1a05e8.test.out,86042,86045,3,58,test,KPI-6efa3a07-4544-34a0-b921-a155bd1a05e8,
iops,KPI-6efa3a07-4544-34a0-b921-a155bd1a05e8,data/IOPS/KPI-6efa3a07-4544-34a0-b921-a155bd1a05e8.test.out,86062,86111,49,59,test,KPI-6efa3a07-4544-34a0-b921-a155bd1a05e8,
iops,KPI-6efa3a07-4544-34a0-b921-a155bd1a05e8,data/IOPS/KPI-6efa3a07-4544-34a0-b921-a155bd1a05e8.test.out,86431,86443,12,60,test,KPI-6efa3a07-4544-34a0-b921-a155bd1a05e8,
iops,KPI-6efa3a07-4544-34a0-b921-a155bd1a05e8,data/IOPS/KPI-6efa3a07-4544-34a0-b921-a155bd1a05e8.test.out,86522,86525,3,61,test,KPI-6efa3a07-4544-34a0-b921-a155bd1a05e8,
iops,KPI-6efa3a07-4544-34a0-b921-a155bd1a05e8,data/IOPS/KPI-6efa3a07-4544-34a0-b921-a155bd1a05e8.test.out,86534,86563,29,62,test,KPI-6efa3a07-4544-34a0-b921-a155bd1a05e8,
iops,KPI-6efa3a07-4544-34a0-b921-a155bd1a05e8,data/IOPS/KPI-6efa3a07-4544-34a0-b921-a155bd1a05e8.test.out,86760,86773,13,63,test,KPI-6efa3a07-4544-34a0-b921-a155bd1a05e8,
iops,KPI-6efa3a07-4544-34a0-b921-a155bd1a05e8,data/IOPS/KPI-6efa3a07-4544-34a0-b921-a155bd1a05e8.test.out,87511,87517,6,64,test,KPI-6efa3a07-4544-34a0-b921-a155bd1a05e8,
iops,KPI-6efa3a07-4544-34a0-b921-a155bd1a05e8,data/IOPS/KPI-6efa3a07-4544-34a0-b921-a155bd1a05e8.test.out,87542,87570,28,65,test,KPI-6efa3a07-4544-34a0-b921-a155bd1a05e8,
iops,KPI-6efa3a07-4544-34a0-b921-a155bd1a05e8,data/IOPS/KPI-6efa3a07-4544-34a0-b921-a155bd1a05e8.test.out,87602,87616,14,66,test,KPI-6efa3a07-4544-34a0-b921-a155bd1a05e8,
iops,KPI-6efa3a07-4544-34a0-b921-a155bd1a05e8,data/IOPS/KPI-6efa3a07-4544-34a0-b921-a155bd1a05e8.test.out,87662,87705,43,67,test,KPI-6efa3a07-4544-34a0-b921-a155bd1a05e8,
iops,KPI-6efa3a07-4544-34a0-b921-a155bd1a05e8,data/IOPS/KPI-6efa3a07-4544-34a0-b921-a155bd1a05e8.test.out,87722,87774,52,68,test,KPI-6efa3a07-4544-34a0-b921-a155bd1a05e8,
iops,KPI-6efa3a07-4544-34a0-b921-a155bd1a05e8,data/IOPS/KPI-6efa3a07-4544-34a0-b921-a155bd1a05e8.test.out,87783,87813,30,69,test,KPI-6efa3a07-4544-34a0-b921-a155bd1a05e8,
iops,KPI-6efa3a07-4544-34a0-b921-a155bd1a05e8,data/IOPS/KPI-6efa3a07-4544-34a0-b921-a155bd1a05e8.test.out,87868,87928,60,70,test,KPI-6efa3a07-4544-34a0-b921-a155bd1a05e8,
iops,KPI-6efa3a07-4544-34a0-b921-a155bd1a05e8,data/IOPS/KPI-6efa3a07-4544-34a0-b921-a155bd1a05e8.test.out,88050,88100,50,71,test,KPI-6efa3a07-4544-34a0-b921-a155bd1a05e8,
iops,KPI-6efa3a07-4544-34a0-b921-a155bd1a05e8,data/IOPS/KPI-6efa3a07-4544-34a0-b921-a155bd1a05e8.test.out,88116,88123,7,72,test,KPI-6efa3a07-4544-34a0-b921-a155bd1a05e8,
iops,KPI-6efa3a07-4544-34a0-b921-a155bd1a05e8,data/IOPS/KPI-6efa3a07-4544-34a0-b921-a155bd1a05e8.test.out,88131,88165,34,73,test,KPI-6efa3a07-4544-34a0-b921-a155bd1a05e8,
iops,KPI-6efa3a07-4544-34a0-b921-a155bd1a05e8,data/IOPS/KPI-6efa3a07-4544-34a0-b921-a155bd1a05e8.test.out,88198,88208,10,74,test,KPI-6efa3a07-4544-34a0-b921-a155bd1a05e8,
iops,KPI-6efa3a07-4544-34a0-b921-a155bd1a05e8,data/IOPS/KPI-6efa3a07-4544-34a0-b921-a155bd1a05e8.test.out,89639,89659,20,75,test,KPI-6efa3a07-4544-34a0-b921-a155bd1a05e8,
iops,KPI-6efa3a07-4544-34a0-b921-a155bd1a05e8,data/IOPS/KPI-6efa3a07-4544-34a0-b921-a155bd1a05e8.test.out,90977,91009,32,76,test,KPI-6efa3a07-4544-34a0-b921-a155bd1a05e8,
iops,KPI-6efa3a07-4544-34a0-b921-a155bd1a05e8,data/IOPS/KPI-6efa3a07-4544-34a0-b921-a155bd1a05e8.test.out,91081,91099,18,77,test,KPI-6efa3a07-4544-34a0-b921-a155bd1a05e8,
iops,KPI-6efa3a07-4544-34a0-b921-a155bd1a05e8,data/IOPS/KPI-6efa3a07-4544-34a0-b921-a155bd1a05e8.test.out,92132,92202,70,78,test,KPI-6efa3a07-4544-34a0-b921-a155bd1a05e8,
iops,KPI-6efa3a07-4544-34a0-b921-a155bd1a05e8,data/IOPS/KPI-6efa3a07-4544-34a0-b921-a155bd1a05e8.test.out,92313,92420,107,79,test,KPI-6efa3a07-4544-34a0-b921-a155bd1a05e8,
iops,KPI-6efa3a07-4544-34a0-b921-a155bd1a05e8,data/IOPS/KPI-6efa3a07-4544-34a0-b921-a155bd1a05e8.test.out,98664,98725,61,80,test,KPI-6efa3a07-4544-34a0-b921-a155bd1a05e8,
iops,KPI-6efa3a07-4544-34a0-b921-a155bd1a05e8,data/IOPS/KPI-6efa3a07-4544-34a0-b921-a155bd1a05e8.test.out,98847,98954,107,81,test,KPI-6efa3a07-4544-34a0-b921-a155bd1a05e8,
iops,KPI-6efa3a07-4544-34a0-b921-a155bd1a05e8,data/IOPS/KPI-6efa3a07-4544-34a0-b921-a155bd1a05e8.test.out,99085,99089,4,82,test,KPI-6efa3a07-4544-34a0-b921-a155bd1a05e8,
iops,KPI-6efa3a07-4544-34a0-b921-a155bd1a05e8,data/IOPS/KPI-6efa3a07-4544-34a0-b921-a155bd1a05e8.test.out,99096,99143,47,83,test,KPI-6efa3a07-4544-34a0-b921-a155bd1a05e8,
iops,KPI-6efa3a07-4544-34a0-b921-a155bd1a05e8,data/IOPS/KPI-6efa3a07-4544-34a0-b921-a155bd1a05e8.test.out,99170,99178,8,84,test,KPI-6efa3a07-4544-34a0-b921-a155bd1a05e8,
iops,KPI-6efa3a07-4544-34a0-b921-a155bd1a05e8,data/IOPS/KPI-6efa3a07-4544-34a0-b921-a155bd1a05e8.test.out,99722,99733,11,85,test,KPI-6efa3a07-4544-34a0-b921-a155bd1a05e8,
iops,KPI-6efa3a07-4544-34a0-b921-a155bd1a05e8,data/IOPS/KPI-6efa3a07-4544-34a0-b921-a155bd1a05e8.test.out,101186,101197,11,86,test,KPI-6efa3a07-4544-34a0-b921-a155bd1a05e8,
iops,KPI-6efa3a07-4544-34a0-b921-a155bd1a05e8,data/IOPS/KPI-6efa3a07-4544-34a0-b921-a155bd1a05e8.test.out,101520,101555,35,87,test,KPI-6efa3a07-4544-34a0-b921-a155bd1a05e8,
iops,KPI-6efa3a07-4544-34a0-b921-a155bd1a05e8,data/IOPS/KPI-6efa3a07-4544-34a0-b921-a155bd1a05e8.test.out,102613,102623,10,88,test,KPI-6efa3a07-4544-34a0-b921-a155bd1a05e8,
iops,KPI-6efa3a07-4544-34a0-b921-a155bd1a05e8,data/IOPS/KPI-6efa3a07-4544-34a0-b921-a155bd1a05e8.test.out,102745,102805,60,89,test,KPI-6efa3a07-4544-34a0-b921-a155bd1a05e8,
iops,KPI-6efa3a07-4544-34a0-b921-a155bd1a05e8,data/IOPS/KPI-6efa3a07-4544-34a0-b921-a155bd1a05e8.test.out,102927,103035,108,90,test,KPI-6efa3a07-4544-34a0-b921-a155bd1a05e8,
iops,KPI-6efa3a07-4544-34a0-b921-a155bd1a05e8,data/IOPS/KPI-6efa3a07-4544-34a0-b921-a155bd1a05e8.test.out,104038,104048,10,91,test,KPI-6efa3a07-4544-34a0-b921-a155bd1a05e8,
iops,KPI-6efa3a07-4544-34a0-b921-a155bd1a05e8,data/IOPS/KPI-6efa3a07-4544-34a0-b921-a155bd1a05e8.test.out,104880,104886,6,92,test,KPI-6efa3a07-4544-34a0-b921-a155bd1a05e8,
iops,KPI-6efa3a07-4544-34a0-b921-a155bd1a05e8,data/IOPS/KPI-6efa3a07-4544-34a0-b921-a155bd1a05e8.test.out,105478,105500,22,93,test,KPI-6efa3a07-4544-34a0-b921-a155bd1a05e8,
iops,KPI-6efa3a07-4544-34a0-b921-a155bd1a05e8,data/IOPS/KPI-6efa3a07-4544-34a0-b921-a155bd1a05e8.test.out,106425,106478,53,94,test,KPI-6efa3a07-4544-34a0-b921-a155bd1a05e8,
iops,KPI-6efa3a07-4544-34a0-b921-a155bd1a05e8,data/IOPS/KPI-6efa3a07-4544-34a0-b921-a155bd1a05e8.test.out,106920,106936,16,95,test,KPI-6efa3a07-4544-34a0-b921-a155bd1a05e8,
iops,KPI-6efa3a07-4544-34a0-b921-a155bd1a05e8,data/IOPS/KPI-6efa3a07-4544-34a0-b921-a155bd1a05e8.test.out,107016,107046,30,96,test,KPI-6efa3a07-4544-34a0-b921-a155bd1a05e8,
iops,KPI-6efa3a07-4544-34a0-b921-a155bd1a05e8,data/IOPS/KPI-6efa3a07-4544-34a0-b921-a155bd1a05e8.test.out,108359,108385,26,97,test,KPI-6efa3a07-4544-34a0-b921-a155bd1a05e8,
iops,KPI-6efa3a07-4544-34a0-b921-a155bd1a05e8,data/IOPS/KPI-6efa3a07-4544-34a0-b921-a155bd1a05e8.test.out,108940,109001,61,98,test,KPI-6efa3a07-4544-34a0-b921-a155bd1a05e8,
iops,KPI-6efa3a07-4544-34a0-b921-a155bd1a05e8,data/IOPS/KPI-6efa3a07-4544-34a0-b921-a155bd1a05e8.test.out,109119,109190,71,99,test,KPI-6efa3a07-4544-34a0-b921-a155bd1a05e8,
iops,KPI-6efa3a07-4544-34a0-b921-a155bd1a05e8,data/IOPS/KPI-6efa3a07-4544-34a0-b921-a155bd1a05e8.test.out,109346,109384,38,100,test,KPI-6efa3a07-4544-34a0-b921-a155bd1a05e8,
iops,KPI-6efa3a07-4544-34a0-b921-a155bd1a05e8,data/IOPS/KPI-6efa3a07-4544-34a0-b921-a155bd1a05e8.test.out,111103,111132,29,101,test,KPI-6efa3a07-4544-34a0-b921-a155bd1a05e8,
iops,KPI-6efa3a07-4544-34a0-b921-a155bd1a05e8,data/IOPS/KPI-6efa3a07-4544-34a0-b921-a155bd1a05e8.test.out,112293,112355,62,102,test,KPI-6efa3a07-4544-34a0-b921-a155bd1a05e8,
iops,KPI-6efa3a07-4544-34a0-b921-a155bd1a05e8,data/IOPS/KPI-6efa3a07-4544-34a0-b921-a155bd1a05e8.test.out,112471,112555,84,103,test,KPI-6efa3a07-4544-34a0-b921-a155bd1a05e8,
iops,KPI-6efa3a07-4544-34a0-b921-a155bd1a05e8,data/IOPS/KPI-6efa3a07-4544-34a0-b921-a155bd1a05e8.test.out,112679,112682,3,104,test,KPI-6efa3a07-4544-34a0-b921-a155bd1a05e8,
iops,KPI-6efa3a07-4544-34a0-b921-a155bd1a05e8,data/IOPS/KPI-6efa3a07-4544-34a0-b921-a155bd1a05e8.test.out,117104,117134,30,105,test,KPI-6efa3a07-4544-34a0-b921-a155bd1a05e8,
iops,KPI-6efa3a07-4544-34a0-b921-a155bd1a05e8,data/IOPS/KPI-6efa3a07-4544-34a0-b921-a155bd1a05e8.test.out,118758,118819,61,106,test,KPI-6efa3a07-4544-34a0-b921-a155bd1a05e8,
iops,KPI-6efa3a07-4544-34a0-b921-a155bd1a05e8,data/IOPS/KPI-6efa3a07-4544-34a0-b921-a155bd1a05e8.test.out,118939,119014,75,107,test,KPI-6efa3a07-4544-34a0-b921-a155bd1a05e8,
iops,KPI-6efa3a07-4544-34a0-b921-a155bd1a05e8,data/IOPS/KPI-6efa3a07-4544-34a0-b921-a155bd1a05e8.test.out,121362,121393,31,108,test,KPI-6efa3a07-4544-34a0-b921-a155bd1a05e8,
iops,KPI-6efa3a07-4544-34a0-b921-a155bd1a05e8,data/IOPS/KPI-6efa3a07-4544-34a0-b921-a155bd1a05e8.test.out,123720,123791,71,109,test,KPI-6efa3a07-4544-34a0-b921-a155bd1a05e8,
iops,KPI-6efa3a07-4544-34a0-b921-a155bd1a05e8,data/IOPS/KPI-6efa3a07-4544-34a0-b921-a155bd1a05e8.test.out,123905,123980,75,110,test,KPI-6efa3a07-4544-34a0-b921-a155bd1a05e8,
iops,KPI-6efa3a07-4544-34a0-b921-a155bd1a05e8,data/IOPS/KPI-6efa3a07-4544-34a0-b921-a155bd1a05e8.test.out,127221,127251,30,111,test,KPI-6efa3a07-4544-34a0-b921-a155bd1a05e8,
iops,KPI-6efa3a07-4544-34a0-b921-a155bd1a05e8,data/IOPS/KPI-6efa3a07-4544-34a0-b921-a155bd1a05e8.test.out,128560,128622,62,112,test,KPI-6efa3a07-4544-34a0-b921-a155bd1a05e8,
iops,KPI-6efa3a07-4544-34a0-b921-a155bd1a05e8,data/IOPS/KPI-6efa3a07-4544-34a0-b921-a155bd1a05e8.test.out,128740,128809,69,113,test,KPI-6efa3a07-4544-34a0-b921-a155bd1a05e8,
iops,KPI-6efa3a07-4544-34a0-b921-a155bd1a05e8,data/IOPS/KPI-6efa3a07-4544-34a0-b921-a155bd1a05e8.test.out,129614,129628,14,114,test,KPI-6efa3a07-4544-34a0-b921-a155bd1a05e8,
iops,KPI-6efa3a07-4544-34a0-b921-a155bd1a05e8,data/IOPS/KPI-6efa3a07-4544-34a0-b921-a155bd1a05e8.test.out,131683,131713,30,115,test,KPI-6efa3a07-4544-34a0-b921-a155bd1a05e8,
iops,KPI-6efa3a07-4544-34a0-b921-a155bd1a05e8,data/IOPS/KPI-6efa3a07-4544-34a0-b921-a155bd1a05e8.test.out,133189,133254,65,116,test,KPI-6efa3a07-4544-34a0-b921-a155bd1a05e8,
iops,KPI-6efa3a07-4544-34a0-b921-a155bd1a05e8,data/IOPS/KPI-6efa3a07-4544-34a0-b921-a155bd1a05e8.test.out,133374,133454,80,117,test,KPI-6efa3a07-4544-34a0-b921-a155bd1a05e8,
iops,KPI-6efa3a07-4544-34a0-b921-a155bd1a05e8,data/IOPS/KPI-6efa3a07-4544-34a0-b921-a155bd1a05e8.test.out,135009,135023,14,118,test,KPI-6efa3a07-4544-34a0-b921-a155bd1a05e8,
iops,KPI-6efa3a07-4544-34a0-b921-a155bd1a05e8,data/IOPS/KPI-6efa3a07-4544-34a0-b921-a155bd1a05e8.test.out,141146,141160,14,119,test,KPI-6efa3a07-4544-34a0-b921-a155bd1a05e8,
iops,KPI-7103fa0f-cac4-314f-addc-866190247439,data/IOPS/KPI-7103fa0f-cac4-314f-addc-866190247439.test.out,31306,31309,3,1,test,KPI-7103fa0f-cac4-314f-addc-866190247439,
iops,KPI-7103fa0f-cac4-314f-addc-866190247439,data/IOPS/KPI-7103fa0f-cac4-314f-addc-866190247439.test.out,31324,31327,3,2,test,KPI-7103fa0f-cac4-314f-addc-866190247439,
iops,KPI-7103fa0f-cac4-314f-addc-866190247439,data/IOPS/KPI-7103fa0f-cac4-314f-addc-866190247439.test.out,31358,31361,3,3,test,KPI-7103fa0f-cac4-314f-addc-866190247439,
iops,KPI-7103fa0f-cac4-314f-addc-866190247439,data/IOPS/KPI-7103fa0f-cac4-314f-addc-866190247439.test.out,31375,31378,3,4,test,KPI-7103fa0f-cac4-314f-addc-866190247439,
iops,KPI-7103fa0f-cac4-314f-addc-866190247439,data/IOPS/KPI-7103fa0f-cac4-314f-addc-866190247439.test.out,31391,31394,3,5,test,KPI-7103fa0f-cac4-314f-addc-866190247439,
iops,KPI-7103fa0f-cac4-314f-addc-866190247439,data/IOPS/KPI-7103fa0f-cac4-314f-addc-866190247439.test.out,31592,31595,3,6,test,KPI-7103fa0f-cac4-314f-addc-866190247439,
iops,KPI-7103fa0f-cac4-314f-addc-866190247439,data/IOPS/KPI-7103fa0f-cac4-314f-addc-866190247439.test.out,63140,63143,3,7,test,KPI-7103fa0f-cac4-314f-addc-866190247439,
iops,KPI-7103fa0f-cac4-314f-addc-866190247439,data/IOPS/KPI-7103fa0f-cac4-314f-addc-866190247439.test.out,75782,75785,3,8,test,KPI-7103fa0f-cac4-314f-addc-866190247439,
iops,KPI-7103fa0f-cac4-314f-addc-866190247439,data/IOPS/KPI-7103fa0f-cac4-314f-addc-866190247439.test.out,84225,84227,2,9,test,KPI-7103fa0f-cac4-314f-addc-866190247439,
iops,KPI-7103fa0f-cac4-314f-addc-866190247439,data/IOPS/KPI-7103fa0f-cac4-314f-addc-866190247439.test.out,84302,84306,4,10,test,KPI-7103fa0f-cac4-314f-addc-866190247439,
iops,KPI-7103fa0f-cac4-314f-addc-866190247439,data/IOPS/KPI-7103fa0f-cac4-314f-addc-866190247439.test.out,84434,84438,4,11,test,KPI-7103fa0f-cac4-314f-addc-866190247439,
iops,KPI-7103fa0f-cac4-314f-addc-866190247439,data/IOPS/KPI-7103fa0f-cac4-314f-addc-866190247439.test.out,99885,99888,3,12,test,KPI-7103fa0f-cac4-314f-addc-866190247439,
iops,KPI-7103fa0f-cac4-314f-addc-866190247439,data/IOPS/KPI-7103fa0f-cac4-314f-addc-866190247439.test.out,102655,102658,3,13,test,KPI-7103fa0f-cac4-314f-addc-866190247439,
iops,KPI-7103fa0f-cac4-314f-addc-866190247439,data/IOPS/KPI-7103fa0f-cac4-314f-addc-866190247439.test.out,102675,102678,3,14,test,KPI-7103fa0f-cac4-314f-addc-866190247439,
iops,KPI-7103fa0f-cac4-314f-addc-866190247439,data/IOPS/KPI-7103fa0f-cac4-314f-addc-866190247439.test.out,102690,102693,3,15,test,KPI-7103fa0f-cac4-314f-addc-866190247439,
iops,KPI-7103fa0f-cac4-314f-addc-866190247439,data/IOPS/KPI-7103fa0f-cac4-314f-addc-866190247439.test.out,102699,102706,7,16,test,KPI-7103fa0f-cac4-314f-addc-866190247439,
iops,KPI-7103fa0f-cac4-314f-addc-866190247439,data/IOPS/KPI-7103fa0f-cac4-314f-addc-866190247439.test.out,102731,102734,3,17,test,KPI-7103fa0f-cac4-314f-addc-866190247439,
iops,KPI-7103fa0f-cac4-314f-addc-866190247439,data/IOPS/KPI-7103fa0f-cac4-314f-addc-866190247439.test.out,102740,102743,3,18,test,KPI-7103fa0f-cac4-314f-addc-866190247439,
iops,KPI-7103fa0f-cac4-314f-addc-866190247439,data/IOPS/KPI-7103fa0f-cac4-314f-addc-866190247439.test.out,102745,102748,3,19,test,KPI-7103fa0f-cac4-314f-addc-866190247439,
iops,KPI-7103fa0f-cac4-314f-addc-866190247439,data/IOPS/KPI-7103fa0f-cac4-314f-addc-866190247439.test.out,102799,102802,3,20,test,KPI-7103fa0f-cac4-314f-addc-866190247439,
iops,KPI-7103fa0f-cac4-314f-addc-866190247439,data/IOPS/KPI-7103fa0f-cac4-314f-addc-866190247439.test.out,102829,102832,3,21,test,KPI-7103fa0f-cac4-314f-addc-866190247439,
iops,KPI-847e8ecc-f8d2-3a93-9107-f367a0aab37d,data/IOPS/KPI-847e8ecc-f8d2-3a93-9107-f367a0aab37d.test.out,3582,3610,28,1,test,KPI-847e8ecc-f8d2-3a93-9107-f367a0aab37d,
iops,KPI-847e8ecc-f8d2-3a93-9107-f367a0aab37d,data/IOPS/KPI-847e8ecc-f8d2-3a93-9107-f367a0aab37d.test.out,3656,3676,20,2,test,KPI-847e8ecc-f8d2-3a93-9107-f367a0aab37d,
iops,KPI-847e8ecc-f8d2-3a93-9107-f367a0aab37d,data/IOPS/KPI-847e8ecc-f8d2-3a93-9107-f367a0aab37d.test.out,7952,7956,4,3,test,KPI-847e8ecc-f8d2-3a93-9107-f367a0aab37d,
iops,KPI-847e8ecc-f8d2-3a93-9107-f367a0aab37d,data/IOPS/KPI-847e8ecc-f8d2-3a93-9107-f367a0aab37d.test.out,12703,12707,4,4,test,KPI-847e8ecc-f8d2-3a93-9107-f367a0aab37d,
iops,KPI-847e8ecc-f8d2-3a93-9107-f367a0aab37d,data/IOPS/KPI-847e8ecc-f8d2-3a93-9107-f367a0aab37d.test.out,13553,13576,23,5,test,KPI-847e8ecc-f8d2-3a93-9107-f367a0aab37d,
iops,KPI-847e8ecc-f8d2-3a93-9107-f367a0aab37d,data/IOPS/KPI-847e8ecc-f8d2-3a93-9107-f367a0aab37d.test.out,13621,13643,22,6,test,KPI-847e8ecc-f8d2-3a93-9107-f367a0aab37d,
iops,KPI-847e8ecc-f8d2-3a93-9107-f367a0aab37d,data/IOPS/KPI-847e8ecc-f8d2-3a93-9107-f367a0aab37d.test.out,17289,17295,6,7,test,KPI-847e8ecc-f8d2-3a93-9107-f367a0aab37d,
iops,KPI-847e8ecc-f8d2-3a93-9107-f367a0aab37d,data/IOPS/KPI-847e8ecc-f8d2-3a93-9107-f367a0aab37d.test.out,21841,21845,4,8,test,KPI-847e8ecc-f8d2-3a93-9107-f367a0aab37d,
iops,KPI-847e8ecc-f8d2-3a93-9107-f367a0aab37d,data/IOPS/KPI-847e8ecc-f8d2-3a93-9107-f367a0aab37d.test.out,23613,23648,35,9,test,KPI-847e8ecc-f8d2-3a93-9107-f367a0aab37d,
iops,KPI-847e8ecc-f8d2-3a93-9107-f367a0aab37d,data/IOPS/KPI-847e8ecc-f8d2-3a93-9107-f367a0aab37d.test.out,23703,23724,21,10,test,KPI-847e8ecc-f8d2-3a93-9107-f367a0aab37d,
iops,KPI-847e8ecc-f8d2-3a93-9107-f367a0aab37d,data/IOPS/KPI-847e8ecc-f8d2-3a93-9107-f367a0aab37d.test.out,26673,26677,4,11,test,KPI-847e8ecc-f8d2-3a93-9107-f367a0aab37d,
iops,KPI-847e8ecc-f8d2-3a93-9107-f367a0aab37d,data/IOPS/KPI-847e8ecc-f8d2-3a93-9107-f367a0aab37d.test.out,27121,27124,3,12,test,KPI-847e8ecc-f8d2-3a93-9107-f367a0aab37d,
iops,KPI-847e8ecc-f8d2-3a93-9107-f367a0aab37d,data/IOPS/KPI-847e8ecc-f8d2-3a93-9107-f367a0aab37d.test.out,33091,33095,4,13,test,KPI-847e8ecc-f8d2-3a93-9107-f367a0aab37d,
iops,KPI-847e8ecc-f8d2-3a93-9107-f367a0aab37d,data/IOPS/KPI-847e8ecc-f8d2-3a93-9107-f367a0aab37d.test.out,33687,33710,23,14,test,KPI-847e8ecc-f8d2-3a93-9107-f367a0aab37d,
iops,KPI-847e8ecc-f8d2-3a93-9107-f367a0aab37d,data/IOPS/KPI-847e8ecc-f8d2-3a93-9107-f367a0aab37d.test.out,33742,33763,21,15,test,KPI-847e8ecc-f8d2-3a93-9107-f367a0aab37d,
iops,KPI-847e8ecc-f8d2-3a93-9107-f367a0aab37d,data/IOPS/KPI-847e8ecc-f8d2-3a93-9107-f367a0aab37d.test.out,39672,39676,4,16,test,KPI-847e8ecc-f8d2-3a93-9107-f367a0aab37d,
iops,KPI-847e8ecc-f8d2-3a93-9107-f367a0aab37d,data/IOPS/KPI-847e8ecc-f8d2-3a93-9107-f367a0aab37d.test.out,43780,43788,8,17,test,KPI-847e8ecc-f8d2-3a93-9107-f367a0aab37d,
iops,KPI-847e8ecc-f8d2-3a93-9107-f367a0aab37d,data/IOPS/KPI-847e8ecc-f8d2-3a93-9107-f367a0aab37d.test.out,43804,43831,27,18,test,KPI-847e8ecc-f8d2-3a93-9107-f367a0aab37d,
iops,KPI-847e8ecc-f8d2-3a93-9107-f367a0aab37d,data/IOPS/KPI-847e8ecc-f8d2-3a93-9107-f367a0aab37d.test.out,43876,43897,21,19,test,KPI-847e8ecc-f8d2-3a93-9107-f367a0aab37d,
iops,KPI-847e8ecc-f8d2-3a93-9107-f367a0aab37d,data/IOPS/KPI-847e8ecc-f8d2-3a93-9107-f367a0aab37d.test.out,47206,47209,3,20,test,KPI-847e8ecc-f8d2-3a93-9107-f367a0aab37d,
iops,KPI-847e8ecc-f8d2-3a93-9107-f367a0aab37d,data/IOPS/KPI-847e8ecc-f8d2-3a93-9107-f367a0aab37d.test.out,53879,53908,29,21,test,KPI-847e8ecc-f8d2-3a93-9107-f367a0aab37d,
iops,KPI-847e8ecc-f8d2-3a93-9107-f367a0aab37d,data/IOPS/KPI-847e8ecc-f8d2-3a93-9107-f367a0aab37d.test.out,53950,53971,21,22,test,KPI-847e8ecc-f8d2-3a93-9107-f367a0aab37d,
iops,KPI-847e8ecc-f8d2-3a93-9107-f367a0aab37d,data/IOPS/KPI-847e8ecc-f8d2-3a93-9107-f367a0aab37d.test.out,54735,54739,4,23,test,KPI-847e8ecc-f8d2-3a93-9107-f367a0aab37d,
iops,KPI-847e8ecc-f8d2-3a93-9107-f367a0aab37d,data/IOPS/KPI-847e8ecc-f8d2-3a93-9107-f367a0aab37d.test.out,62179,62182,3,24,test,KPI-847e8ecc-f8d2-3a93-9107-f367a0aab37d,
iops,KPI-847e8ecc-f8d2-3a93-9107-f367a0aab37d,data/IOPS/KPI-847e8ecc-f8d2-3a93-9107-f367a0aab37d.test.out,62191,62195,4,25,test,KPI-847e8ecc-f8d2-3a93-9107-f367a0aab37d,
iops,KPI-847e8ecc-f8d2-3a93-9107-f367a0aab37d,data/IOPS/KPI-847e8ecc-f8d2-3a93-9107-f367a0aab37d.test.out,62286,62289,3,26,test,KPI-847e8ecc-f8d2-3a93-9107-f367a0aab37d,
iops,KPI-847e8ecc-f8d2-3a93-9107-f367a0aab37d,data/IOPS/KPI-847e8ecc-f8d2-3a93-9107-f367a0aab37d.test.out,63938,63985,47,27,test,KPI-847e8ecc-f8d2-3a93-9107-f367a0aab37d,
iops,KPI-847e8ecc-f8d2-3a93-9107-f367a0aab37d,data/IOPS/KPI-847e8ecc-f8d2-3a93-9107-f367a0aab37d.test.out,64046,64068,22,28,test,KPI-847e8ecc-f8d2-3a93-9107-f367a0aab37d,
iops,KPI-847e8ecc-f8d2-3a93-9107-f367a0aab37d,data/IOPS/KPI-847e8ecc-f8d2-3a93-9107-f367a0aab37d.test.out,70247,70251,4,29,test,KPI-847e8ecc-f8d2-3a93-9107-f367a0aab37d,
iops,KPI-847e8ecc-f8d2-3a93-9107-f367a0aab37d,data/IOPS/KPI-847e8ecc-f8d2-3a93-9107-f367a0aab37d.test.out,74065,74071,6,30,test,KPI-847e8ecc-f8d2-3a93-9107-f367a0aab37d,
iops,KPI-847e8ecc-f8d2-3a93-9107-f367a0aab37d,data/IOPS/KPI-847e8ecc-f8d2-3a93-9107-f367a0aab37d.test.out,74169,74189,20,31,test,KPI-847e8ecc-f8d2-3a93-9107-f367a0aab37d,
iops,KPI-847e8ecc-f8d2-3a93-9107-f367a0aab37d,data/IOPS/KPI-847e8ecc-f8d2-3a93-9107-f367a0aab37d.test.out,78279,78283,4,32,test,KPI-847e8ecc-f8d2-3a93-9107-f367a0aab37d,
iops,KPI-847e8ecc-f8d2-3a93-9107-f367a0aab37d,data/IOPS/KPI-847e8ecc-f8d2-3a93-9107-f367a0aab37d.test.out,80830,80838,8,33,test,KPI-847e8ecc-f8d2-3a93-9107-f367a0aab37d,
iops,KPI-847e8ecc-f8d2-3a93-9107-f367a0aab37d,data/IOPS/KPI-847e8ecc-f8d2-3a93-9107-f367a0aab37d.test.out,80844,80848,4,34,test,KPI-847e8ecc-f8d2-3a93-9107-f367a0aab37d,
iops,KPI-847e8ecc-f8d2-3a93-9107-f367a0aab37d,data/IOPS/KPI-847e8ecc-f8d2-3a93-9107-f367a0aab37d.test.out,80875,80878,3,35,test,KPI-847e8ecc-f8d2-3a93-9107-f367a0aab37d,
iops,KPI-847e8ecc-f8d2-3a93-9107-f367a0aab37d,data/IOPS/KPI-847e8ecc-f8d2-3a93-9107-f367a0aab37d.test.out,80894,80904,10,36,test,KPI-847e8ecc-f8d2-3a93-9107-f367a0aab37d,
iops,KPI-847e8ecc-f8d2-3a93-9107-f367a0aab37d,data/IOPS/KPI-847e8ecc-f8d2-3a93-9107-f367a0aab37d.test.out,84038,84066,28,37,test,KPI-847e8ecc-f8d2-3a93-9107-f367a0aab37d,
iops,KPI-847e8ecc-f8d2-3a93-9107-f367a0aab37d,data/IOPS/KPI-847e8ecc-f8d2-3a93-9107-f367a0aab37d.test.out,84137,84157,20,38,test,KPI-847e8ecc-f8d2-3a93-9107-f367a0aab37d,
iops,KPI-847e8ecc-f8d2-3a93-9107-f367a0aab37d,data/IOPS/KPI-847e8ecc-f8d2-3a93-9107-f367a0aab37d.test.out,85639,85642,3,39,test,KPI-847e8ecc-f8d2-3a93-9107-f367a0aab37d,
iops,KPI-847e8ecc-f8d2-3a93-9107-f367a0aab37d,data/IOPS/KPI-847e8ecc-f8d2-3a93-9107-f367a0aab37d.test.out,93309,93314,5,40,test,KPI-847e8ecc-f8d2-3a93-9107-f367a0aab37d,
iops,KPI-847e8ecc-f8d2-3a93-9107-f367a0aab37d,data/IOPS/KPI-847e8ecc-f8d2-3a93-9107-f367a0aab37d.test.out,94185,94219,34,41,test,KPI-847e8ecc-f8d2-3a93-9107-f367a0aab37d,
iops,KPI-847e8ecc-f8d2-3a93-9107-f367a0aab37d,data/IOPS/KPI-847e8ecc-f8d2-3a93-9107-f367a0aab37d.test.out,94287,94307,20,42,test,KPI-847e8ecc-f8d2-3a93-9107-f367a0aab37d,
iops,KPI-847e8ecc-f8d2-3a93-9107-f367a0aab37d,data/IOPS/KPI-847e8ecc-f8d2-3a93-9107-f367a0aab37d.test.out,94390,94416,26,43,test,KPI-847e8ecc-f8d2-3a93-9107-f367a0aab37d,
iops,KPI-847e8ecc-f8d2-3a93-9107-f367a0aab37d,data/IOPS/KPI-847e8ecc-f8d2-3a93-9107-f367a0aab37d.test.out,100939,100943,4,44,test,KPI-847e8ecc-f8d2-3a93-9107-f367a0aab37d,
iops,KPI-847e8ecc-f8d2-3a93-9107-f367a0aab37d,data/IOPS/KPI-847e8ecc-f8d2-3a93-9107-f367a0aab37d.test.out,104270,104298,28,45,test,KPI-847e8ecc-f8d2-3a93-9107-f367a0aab37d,
iops,KPI-847e8ecc-f8d2-3a93-9107-f367a0aab37d,data/IOPS/KPI-847e8ecc-f8d2-3a93-9107-f367a0aab37d.test.out,104358,104378,20,46,test,KPI-847e8ecc-f8d2-3a93-9107-f367a0aab37d,
iops,KPI-847e8ecc-f8d2-3a93-9107-f367a0aab37d,data/IOPS/KPI-847e8ecc-f8d2-3a93-9107-f367a0aab37d.test.out,108804,108808,4,47,test,KPI-847e8ecc-f8d2-3a93-9107-f367a0aab37d,
iops,KPI-847e8ecc-f8d2-3a93-9107-f367a0aab37d,data/IOPS/KPI-847e8ecc-f8d2-3a93-9107-f367a0aab37d.test.out,116377,116383,6,48,test,KPI-847e8ecc-f8d2-3a93-9107-f367a0aab37d,
iops,KPI-847e8ecc-f8d2-3a93-9107-f367a0aab37d,data/IOPS/KPI-847e8ecc-f8d2-3a93-9107-f367a0aab37d.test.out,123745,123749,4,49,test,KPI-847e8ecc-f8d2-3a93-9107-f367a0aab37d,
iops,KPI-847e8ecc-f8d2-3a93-9107-f367a0aab37d,data/IOPS/KPI-847e8ecc-f8d2-3a93-9107-f367a0aab37d.test.out,131315,131318,3,50,test,KPI-847e8ecc-f8d2-3a93-9107-f367a0aab37d,
iops,KPI-847e8ecc-f8d2-3a93-9107-f367a0aab37d,data/IOPS/KPI-847e8ecc-f8d2-3a93-9107-f367a0aab37d.test.out,134480,134515,35,51,test,KPI-847e8ecc-f8d2-3a93-9107-f367a0aab37d,
iops,KPI-847e8ecc-f8d2-3a93-9107-f367a0aab37d,data/IOPS/KPI-847e8ecc-f8d2-3a93-9107-f367a0aab37d.test.out,134618,134639,21,52,test,KPI-847e8ecc-f8d2-3a93-9107-f367a0aab37d,
iops,KPI-847e8ecc-f8d2-3a93-9107-f367a0aab37d,data/IOPS/KPI-847e8ecc-f8d2-3a93-9107-f367a0aab37d.test.out,137834,137838,4,53,test,KPI-847e8ecc-f8d2-3a93-9107-f367a0aab37d,
iops,KPI-847e8ecc-f8d2-3a93-9107-f367a0aab37d,data/IOPS/KPI-847e8ecc-f8d2-3a93-9107-f367a0aab37d.test.out,144536,144559,23,54,test,KPI-847e8ecc-f8d2-3a93-9107-f367a0aab37d,
iops,KPI-847e8ecc-f8d2-3a93-9107-f367a0aab37d,data/IOPS/KPI-847e8ecc-f8d2-3a93-9107-f367a0aab37d.test.out,144641,144662,21,55,test,KPI-847e8ecc-f8d2-3a93-9107-f367a0aab37d,
iops,KPI-847e8ecc-f8d2-3a93-9107-f367a0aab37d,data/IOPS/KPI-847e8ecc-f8d2-3a93-9107-f367a0aab37d.test.out,145071,145075,4,56,test,KPI-847e8ecc-f8d2-3a93-9107-f367a0aab37d,
iops,KPI-8723f0fb-eaef-32e6-b372-6034c9c04b80,data/IOPS/KPI-8723f0fb-eaef-32e6-b372-6034c9c04b80.test.out,5678,5681,3,1,test,KPI-8723f0fb-eaef-32e6-b372-6034c9c04b80,
iops,KPI-8723f0fb-eaef-32e6-b372-6034c9c04b80,data/IOPS/KPI-8723f0fb-eaef-32e6-b372-6034c9c04b80.test.out,8640,8643,3,2,test,KPI-8723f0fb-eaef-32e6-b372-6034c9c04b80,
iops,KPI-8723f0fb-eaef-32e6-b372-6034c9c04b80,data/IOPS/KPI-8723f0fb-eaef-32e6-b372-6034c9c04b80.test.out,9588,9616,28,3,test,KPI-8723f0fb-eaef-32e6-b372-6034c9c04b80,
iops,KPI-8723f0fb-eaef-32e6-b372-6034c9c04b80,data/IOPS/KPI-8723f0fb-eaef-32e6-b372-6034c9c04b80.test.out,9742,9773,31,4,test,KPI-8723f0fb-eaef-32e6-b372-6034c9c04b80,
iops,KPI-8723f0fb-eaef-32e6-b372-6034c9c04b80,data/IOPS/KPI-8723f0fb-eaef-32e6-b372-6034c9c04b80.test.out,9790,9793,3,5,test,KPI-8723f0fb-eaef-32e6-b372-6034c9c04b80,
iops,KPI-8723f0fb-eaef-32e6-b372-6034c9c04b80,data/IOPS/KPI-8723f0fb-eaef-32e6-b372-6034c9c04b80.test.out,9994,10026,32,6,test,KPI-8723f0fb-eaef-32e6-b372-6034c9c04b80,
iops,KPI-8723f0fb-eaef-32e6-b372-6034c9c04b80,data/IOPS/KPI-8723f0fb-eaef-32e6-b372-6034c9c04b80.test.out,15603,15606,3,7,test,KPI-8723f0fb-eaef-32e6-b372-6034c9c04b80,
iops,KPI-8723f0fb-eaef-32e6-b372-6034c9c04b80,data/IOPS/KPI-8723f0fb-eaef-32e6-b372-6034c9c04b80.test.out,17221,17224,3,8,test,KPI-8723f0fb-eaef-32e6-b372-6034c9c04b80,
iops,KPI-8723f0fb-eaef-32e6-b372-6034c9c04b80,data/IOPS/KPI-8723f0fb-eaef-32e6-b372-6034c9c04b80.test.out,18681,18702,21,9,test,KPI-8723f0fb-eaef-32e6-b372-6034c9c04b80,
iops,KPI-8723f0fb-eaef-32e6-b372-6034c9c04b80,data/IOPS/KPI-8723f0fb-eaef-32e6-b372-6034c9c04b80.test.out,19669,19701,32,10,test,KPI-8723f0fb-eaef-32e6-b372-6034c9c04b80,
iops,KPI-8723f0fb-eaef-32e6-b372-6034c9c04b80,data/IOPS/KPI-8723f0fb-eaef-32e6-b372-6034c9c04b80.test.out,24349,24352,3,11,test,KPI-8723f0fb-eaef-32e6-b372-6034c9c04b80,
iops,KPI-8723f0fb-eaef-32e6-b372-6034c9c04b80,data/IOPS/KPI-8723f0fb-eaef-32e6-b372-6034c9c04b80.test.out,26852,26855,3,12,test,KPI-8723f0fb-eaef-32e6-b372-6034c9c04b80,
iops,KPI-8723f0fb-eaef-32e6-b372-6034c9c04b80,data/IOPS/KPI-8723f0fb-eaef-32e6-b372-6034c9c04b80.test.out,27063,27094,31,13,test,KPI-8723f0fb-eaef-32e6-b372-6034c9c04b80,
iops,KPI-8723f0fb-eaef-32e6-b372-6034c9c04b80,data/IOPS/KPI-8723f0fb-eaef-32e6-b372-6034c9c04b80.test.out,28150,28152,2,14,test,KPI-8723f0fb-eaef-32e6-b372-6034c9c04b80,
iops,KPI-8723f0fb-eaef-32e6-b372-6034c9c04b80,data/IOPS/KPI-8723f0fb-eaef-32e6-b372-6034c9c04b80.test.out,28517,28520,3,15,test,KPI-8723f0fb-eaef-32e6-b372-6034c9c04b80,
iops,KPI-8723f0fb-eaef-32e6-b372-6034c9c04b80,data/IOPS/KPI-8723f0fb-eaef-32e6-b372-6034c9c04b80.test.out,34466,34469,3,16,test,KPI-8723f0fb-eaef-32e6-b372-6034c9c04b80,
iops,KPI-8723f0fb-eaef-32e6-b372-6034c9c04b80,data/IOPS/KPI-8723f0fb-eaef-32e6-b372-6034c9c04b80.test.out,35903,35906,3,17,test,KPI-8723f0fb-eaef-32e6-b372-6034c9c04b80,
iops,KPI-8723f0fb-eaef-32e6-b372-6034c9c04b80,data/IOPS/KPI-8723f0fb-eaef-32e6-b372-6034c9c04b80.test.out,37108,37140,32,18,test,KPI-8723f0fb-eaef-32e6-b372-6034c9c04b80,
iops,KPI-8723f0fb-eaef-32e6-b372-6034c9c04b80,data/IOPS/KPI-8723f0fb-eaef-32e6-b372-6034c9c04b80.test.out,37317,37320,3,19,test,KPI-8723f0fb-eaef-32e6-b372-6034c9c04b80,
iops,KPI-8723f0fb-eaef-32e6-b372-6034c9c04b80,data/IOPS/KPI-8723f0fb-eaef-32e6-b372-6034c9c04b80.test.out,40287,40290,3,20,test,KPI-8723f0fb-eaef-32e6-b372-6034c9c04b80,
iops,KPI-8723f0fb-eaef-32e6-b372-6034c9c04b80,data/IOPS/KPI-8723f0fb-eaef-32e6-b372-6034c9c04b80.test.out,44627,44643,16,21,test,KPI-8723f0fb-eaef-32e6-b372-6034c9c04b80,
iops,KPI-8723f0fb-eaef-32e6-b372-6034c9c04b80,data/IOPS/KPI-8723f0fb-eaef-32e6-b372-6034c9c04b80.test.out,44684,44702,18,22,test,KPI-8723f0fb-eaef-32e6-b372-6034c9c04b80,
iops,KPI-8723f0fb-eaef-32e6-b372-6034c9c04b80,data/IOPS/KPI-8723f0fb-eaef-32e6-b372-6034c9c04b80.test.out,44822,44826,4,23,test,KPI-8723f0fb-eaef-32e6-b372-6034c9c04b80,
iops,KPI-8723f0fb-eaef-32e6-b372-6034c9c04b80,data/IOPS/KPI-8723f0fb-eaef-32e6-b372-6034c9c04b80.test.out,45890,45893,3,24,test,KPI-8723f0fb-eaef-32e6-b372-6034c9c04b80,
iops,KPI-8723f0fb-eaef-32e6-b372-6034c9c04b80,data/IOPS/KPI-8723f0fb-eaef-32e6-b372-6034c9c04b80.test.out,47062,47094,32,25,test,KPI-8723f0fb-eaef-32e6-b372-6034c9c04b80,
iops,KPI-8723f0fb-eaef-32e6-b372-6034c9c04b80,data/IOPS/KPI-8723f0fb-eaef-32e6-b372-6034c9c04b80.test.out,48873,48876,3,26,test,KPI-8723f0fb-eaef-32e6-b372-6034c9c04b80,
iops,KPI-8723f0fb-eaef-32e6-b372-6034c9c04b80,data/IOPS/KPI-8723f0fb-eaef-32e6-b372-6034c9c04b80.test.out,52486,52492,6,27,test,KPI-8723f0fb-eaef-32e6-b372-6034c9c04b80,
iops,KPI-8723f0fb-eaef-32e6-b372-6034c9c04b80,data/IOPS/KPI-8723f0fb-eaef-32e6-b372-6034c9c04b80.test.out,56212,56215,3,28,test,KPI-8723f0fb-eaef-32e6-b372-6034c9c04b80,
iops,KPI-8723f0fb-eaef-32e6-b372-6034c9c04b80,data/IOPS/KPI-8723f0fb-eaef-32e6-b372-6034c9c04b80.test.out,57315,57318,3,29,test,KPI-8723f0fb-eaef-32e6-b372-6034c9c04b80,
iops,KPI-8723f0fb-eaef-32e6-b372-6034c9c04b80,data/IOPS/KPI-8723f0fb-eaef-32e6-b372-6034c9c04b80.test.out,58740,58743,3,30,test,KPI-8723f0fb-eaef-32e6-b372-6034c9c04b80,
iops,KPI-8723f0fb-eaef-32e6-b372-6034c9c04b80,data/IOPS/KPI-8723f0fb-eaef-32e6-b372-6034c9c04b80.test.out,60210,60213,3,31,test,KPI-8723f0fb-eaef-32e6-b372-6034c9c04b80,
iops,KPI-8723f0fb-eaef-32e6-b372-6034c9c04b80,data/IOPS/KPI-8723f0fb-eaef-32e6-b372-6034c9c04b80.test.out,62171,62175,4,32,test,KPI-8723f0fb-eaef-32e6-b372-6034c9c04b80,
iops,KPI-8723f0fb-eaef-32e6-b372-6034c9c04b80,data/IOPS/KPI-8723f0fb-eaef-32e6-b372-6034c9c04b80.test.out,62185,62188,3,33,test,KPI-8723f0fb-eaef-32e6-b372-6034c9c04b80,
iops,KPI-8723f0fb-eaef-32e6-b372-6034c9c04b80,data/IOPS/KPI-8723f0fb-eaef-32e6-b372-6034c9c04b80.test.out,64697,64700,3,34,test,KPI-8723f0fb-eaef-32e6-b372-6034c9c04b80,
iops,KPI-8723f0fb-eaef-32e6-b372-6034c9c04b80,data/IOPS/KPI-8723f0fb-eaef-32e6-b372-6034c9c04b80.test.out,65507,65540,33,35,test,KPI-8723f0fb-eaef-32e6-b372-6034c9c04b80,
iops,KPI-8723f0fb-eaef-32e6-b372-6034c9c04b80,data/IOPS/KPI-8723f0fb-eaef-32e6-b372-6034c9c04b80.test.out,74777,74780,3,36,test,KPI-8723f0fb-eaef-32e6-b372-6034c9c04b80,
iops,KPI-8723f0fb-eaef-32e6-b372-6034c9c04b80,data/IOPS/KPI-8723f0fb-eaef-32e6-b372-6034c9c04b80.test.out,77255,77286,31,37,test,KPI-8723f0fb-eaef-32e6-b372-6034c9c04b80,
iops,KPI-8723f0fb-eaef-32e6-b372-6034c9c04b80,data/IOPS/KPI-8723f0fb-eaef-32e6-b372-6034c9c04b80.test.out,79073,79076,3,38,test,KPI-8723f0fb-eaef-32e6-b372-6034c9c04b80,
iops,KPI-8723f0fb-eaef-32e6-b372-6034c9c04b80,data/IOPS/KPI-8723f0fb-eaef-32e6-b372-6034c9c04b80.test.out,80827,80835,8,39,test,KPI-8723f0fb-eaef-32e6-b372-6034c9c04b80,
iops,KPI-8723f0fb-eaef-32e6-b372-6034c9c04b80,data/IOPS/KPI-8723f0fb-eaef-32e6-b372-6034c9c04b80.test.out,80841,80850,9,40,test,KPI-8723f0fb-eaef-32e6-b372-6034c9c04b80,
iops,KPI-8723f0fb-eaef-32e6-b372-6034c9c04b80,data/IOPS/KPI-8723f0fb-eaef-32e6-b372-6034c9c04b80.test.out,80873,80880,7,41,test,KPI-8723f0fb-eaef-32e6-b372-6034c9c04b80,
iops,KPI-8723f0fb-eaef-32e6-b372-6034c9c04b80,data/IOPS/KPI-8723f0fb-eaef-32e6-b372-6034c9c04b80.test.out,80890,80906,16,42,test,KPI-8723f0fb-eaef-32e6-b372-6034c9c04b80,
iops,KPI-8723f0fb-eaef-32e6-b372-6034c9c04b80,data/IOPS/KPI-8723f0fb-eaef-32e6-b372-6034c9c04b80.test.out,84629,84632,3,43,test,KPI-8723f0fb-eaef-32e6-b372-6034c9c04b80,
iops,KPI-8723f0fb-eaef-32e6-b372-6034c9c04b80,data/IOPS/KPI-8723f0fb-eaef-32e6-b372-6034c9c04b80.test.out,86248,86251,3,44,test,KPI-8723f0fb-eaef-32e6-b372-6034c9c04b80,
iops,KPI-8723f0fb-eaef-32e6-b372-6034c9c04b80,data/IOPS/KPI-8723f0fb-eaef-32e6-b372-6034c9c04b80.test.out,86268,86300,32,45,test,KPI-8723f0fb-eaef-32e6-b372-6034c9c04b80,
iops,KPI-8723f0fb-eaef-32e6-b372-6034c9c04b80,data/IOPS/KPI-8723f0fb-eaef-32e6-b372-6034c9c04b80.test.out,87637,87640,3,46,test,KPI-8723f0fb-eaef-32e6-b372-6034c9c04b80,
iops,KPI-8723f0fb-eaef-32e6-b372-6034c9c04b80,data/IOPS/KPI-8723f0fb-eaef-32e6-b372-6034c9c04b80.test.out,90533,90536,3,47,test,KPI-8723f0fb-eaef-32e6-b372-6034c9c04b80,
iops,KPI-8723f0fb-eaef-32e6-b372-6034c9c04b80,data/IOPS/KPI-8723f0fb-eaef-32e6-b372-6034c9c04b80.test.out,96393,96402,9,48,test,KPI-8723f0fb-eaef-32e6-b372-6034c9c04b80,
iops,KPI-8723f0fb-eaef-32e6-b372-6034c9c04b80,data/IOPS/KPI-8723f0fb-eaef-32e6-b372-6034c9c04b80.test.out,97726,97729,3,49,test,KPI-8723f0fb-eaef-32e6-b372-6034c9c04b80,
iops,KPI-8723f0fb-eaef-32e6-b372-6034c9c04b80,data/IOPS/KPI-8723f0fb-eaef-32e6-b372-6034c9c04b80.test.out,99175,99178,3,50,test,KPI-8723f0fb-eaef-32e6-b372-6034c9c04b80,
iops,KPI-8723f0fb-eaef-32e6-b372-6034c9c04b80,data/IOPS/KPI-8723f0fb-eaef-32e6-b372-6034c9c04b80.test.out,100473,100476,3,51,test,KPI-8723f0fb-eaef-32e6-b372-6034c9c04b80,
iops,KPI-8723f0fb-eaef-32e6-b372-6034c9c04b80,data/IOPS/KPI-8723f0fb-eaef-32e6-b372-6034c9c04b80.test.out,104327,104334,7,52,test,KPI-8723f0fb-eaef-32e6-b372-6034c9c04b80,
iops,KPI-8723f0fb-eaef-32e6-b372-6034c9c04b80,data/IOPS/KPI-8723f0fb-eaef-32e6-b372-6034c9c04b80.test.out,105379,105596,217,53,test,KPI-8723f0fb-eaef-32e6-b372-6034c9c04b80,
iops,KPI-8723f0fb-eaef-32e6-b372-6034c9c04b80,data/IOPS/KPI-8723f0fb-eaef-32e6-b372-6034c9c04b80.test.out,126344,126347,3,54,test,KPI-8723f0fb-eaef-32e6-b372-6034c9c04b80,
iops,KPI-8723f0fb-eaef-32e6-b372-6034c9c04b80,data/IOPS/KPI-8723f0fb-eaef-32e6-b372-6034c9c04b80.test.out,127377,127391,14,55,test,KPI-8723f0fb-eaef-32e6-b372-6034c9c04b80,
iops,KPI-8723f0fb-eaef-32e6-b372-6034c9c04b80,data/IOPS/KPI-8723f0fb-eaef-32e6-b372-6034c9c04b80.test.out,134999,135023,24,56,test,KPI-8723f0fb-eaef-32e6-b372-6034c9c04b80,
iops,KPI-8723f0fb-eaef-32e6-b372-6034c9c04b80,data/IOPS/KPI-8723f0fb-eaef-32e6-b372-6034c9c04b80.test.out,136079,136084,5,57,test,KPI-8723f0fb-eaef-32e6-b372-6034c9c04b80,
iops,KPI-8723f0fb-eaef-32e6-b372-6034c9c04b80,data/IOPS/KPI-8723f0fb-eaef-32e6-b372-6034c9c04b80.test.out,138129,138132,3,58,test,KPI-8723f0fb-eaef-32e6-b372-6034c9c04b80,
iops,KPI-8723f0fb-eaef-32e6-b372-6034c9c04b80,data/IOPS/KPI-8723f0fb-eaef-32e6-b372-6034c9c04b80.test.out,139312,139315,3,59,test,KPI-8723f0fb-eaef-32e6-b372-6034c9c04b80,
iops,KPI-8723f0fb-eaef-32e6-b372-6034c9c04b80,data/IOPS/KPI-8723f0fb-eaef-32e6-b372-6034c9c04b80.test.out,141044,141047,3,60,test,KPI-8723f0fb-eaef-32e6-b372-6034c9c04b80,
iops,KPI-8723f0fb-eaef-32e6-b372-6034c9c04b80,data/IOPS/KPI-8723f0fb-eaef-32e6-b372-6034c9c04b80.test.out,143167,143174,7,61,test,KPI-8723f0fb-eaef-32e6-b372-6034c9c04b80,
iops,KPI-8723f0fb-eaef-32e6-b372-6034c9c04b80,data/IOPS/KPI-8723f0fb-eaef-32e6-b372-6034c9c04b80.test.out,145367,145371,4,62,test,KPI-8723f0fb-eaef-32e6-b372-6034c9c04b80,
iops,KPI-9c639a46-34c8-39bc-aaf0-9144b37adfc8,data/IOPS/KPI-9c639a46-34c8-39bc-aaf0-9144b37adfc8.test.out,5353,5365,12,1,test,KPI-9c639a46-34c8-39bc-aaf0-9144b37adfc8,
iops,KPI-9c639a46-34c8-39bc-aaf0-9144b37adfc8,data/IOPS/KPI-9c639a46-34c8-39bc-aaf0-9144b37adfc8.test.out,5444,5486,42,2,test,KPI-9c639a46-34c8-39bc-aaf0-9144b37adfc8,
iops,KPI-9c639a46-34c8-39bc-aaf0-9144b37adfc8,data/IOPS/KPI-9c639a46-34c8-39bc-aaf0-9144b37adfc8.test.out,7659,7672,13,3,test,KPI-9c639a46-34c8-39bc-aaf0-9144b37adfc8,
iops,KPI-9c639a46-34c8-39bc-aaf0-9144b37adfc8,data/IOPS/KPI-9c639a46-34c8-39bc-aaf0-9144b37adfc8.test.out,15431,15439,8,4,test,KPI-9c639a46-34c8-39bc-aaf0-9144b37adfc8,
iops,KPI-9c639a46-34c8-39bc-aaf0-9144b37adfc8,data/IOPS/KPI-9c639a46-34c8-39bc-aaf0-9144b37adfc8.test.out,15520,15565,45,5,test,KPI-9c639a46-34c8-39bc-aaf0-9144b37adfc8,
iops,KPI-9c639a46-34c8-39bc-aaf0-9144b37adfc8,data/IOPS/KPI-9c639a46-34c8-39bc-aaf0-9144b37adfc8.test.out,16992,17029,37,6,test,KPI-9c639a46-34c8-39bc-aaf0-9144b37adfc8,
iops,KPI-9c639a46-34c8-39bc-aaf0-9144b37adfc8,data/IOPS/KPI-9c639a46-34c8-39bc-aaf0-9144b37adfc8.test.out,20077,20080,3,7,test,KPI-9c639a46-34c8-39bc-aaf0-9144b37adfc8,
iops,KPI-9c639a46-34c8-39bc-aaf0-9144b37adfc8,data/IOPS/KPI-9c639a46-34c8-39bc-aaf0-9144b37adfc8.test.out,25617,25652,35,8,test,KPI-9c639a46-34c8-39bc-aaf0-9144b37adfc8,
iops,KPI-9c639a46-34c8-39bc-aaf0-9144b37adfc8,data/IOPS/KPI-9c639a46-34c8-39bc-aaf0-9144b37adfc8.test.out,25978,25998,20,9,test,KPI-9c639a46-34c8-39bc-aaf0-9144b37adfc8,
iops,KPI-9c639a46-34c8-39bc-aaf0-9144b37adfc8,data/IOPS/KPI-9c639a46-34c8-39bc-aaf0-9144b37adfc8.test.out,27420,27423,3,10,test,KPI-9c639a46-34c8-39bc-aaf0-9144b37adfc8,
iops,KPI-9c639a46-34c8-39bc-aaf0-9144b37adfc8,data/IOPS/KPI-9c639a46-34c8-39bc-aaf0-9144b37adfc8.test.out,35044,35060,16,11,test,KPI-9c639a46-34c8-39bc-aaf0-9144b37adfc8,
iops,KPI-9c639a46-34c8-39bc-aaf0-9144b37adfc8,data/IOPS/KPI-9c639a46-34c8-39bc-aaf0-9144b37adfc8.test.out,35648,35656,8,12,test,KPI-9c639a46-34c8-39bc-aaf0-9144b37adfc8,
iops,KPI-9c639a46-34c8-39bc-aaf0-9144b37adfc8,data/IOPS/KPI-9c639a46-34c8-39bc-aaf0-9144b37adfc8.test.out,35735,35769,34,13,test,KPI-9c639a46-34c8-39bc-aaf0-9144b37adfc8,
iops,KPI-9c639a46-34c8-39bc-aaf0-9144b37adfc8,data/IOPS/KPI-9c639a46-34c8-39bc-aaf0-9144b37adfc8.test.out,38690,38693,3,14,test,KPI-9c639a46-34c8-39bc-aaf0-9144b37adfc8,
iops,KPI-9c639a46-34c8-39bc-aaf0-9144b37adfc8,data/IOPS/KPI-9c639a46-34c8-39bc-aaf0-9144b37adfc8.test.out,42130,42142,12,15,test,KPI-9c639a46-34c8-39bc-aaf0-9144b37adfc8,
iops,KPI-9c639a46-34c8-39bc-aaf0-9144b37adfc8,data/IOPS/KPI-9c639a46-34c8-39bc-aaf0-9144b37adfc8.test.out,43306,43344,38,16,test,KPI-9c639a46-34c8-39bc-aaf0-9144b37adfc8,
iops,KPI-9c639a46-34c8-39bc-aaf0-9144b37adfc8,data/IOPS/KPI-9c639a46-34c8-39bc-aaf0-9144b37adfc8.test.out,43379,43382,3,17,test,KPI-9c639a46-34c8-39bc-aaf0-9144b37adfc8,
iops,KPI-9c639a46-34c8-39bc-aaf0-9144b37adfc8,data/IOPS/KPI-9c639a46-34c8-39bc-aaf0-9144b37adfc8.test.out,45652,45662,10,18,test,KPI-9c639a46-34c8-39bc-aaf0-9144b37adfc8,
iops,KPI-9c639a46-34c8-39bc-aaf0-9144b37adfc8,data/IOPS/KPI-9c639a46-34c8-39bc-aaf0-9144b37adfc8.test.out,45742,45780,38,19,test,KPI-9c639a46-34c8-39bc-aaf0-9144b37adfc8,
iops,KPI-9c639a46-34c8-39bc-aaf0-9144b37adfc8,data/IOPS/KPI-9c639a46-34c8-39bc-aaf0-9144b37adfc8.test.out,46167,46170,3,20,test,KPI-9c639a46-34c8-39bc-aaf0-9144b37adfc8,
iops,KPI-9c639a46-34c8-39bc-aaf0-9144b37adfc8,data/IOPS/KPI-9c639a46-34c8-39bc-aaf0-9144b37adfc8.test.out,47757,47760,3,21,test,KPI-9c639a46-34c8-39bc-aaf0-9144b37adfc8,
iops,KPI-9c639a46-34c8-39bc-aaf0-9144b37adfc8,data/IOPS/KPI-9c639a46-34c8-39bc-aaf0-9144b37adfc8.test.out,50080,50083,3,22,test,KPI-9c639a46-34c8-39bc-aaf0-9144b37adfc8,
iops,KPI-9c639a46-34c8-39bc-aaf0-9144b37adfc8,data/IOPS/KPI-9c639a46-34c8-39bc-aaf0-9144b37adfc8.test.out,51610,51613,3,23,test,KPI-9c639a46-34c8-39bc-aaf0-9144b37adfc8,
iops,KPI-9c639a46-34c8-39bc-aaf0-9144b37adfc8,data/IOPS/KPI-9c639a46-34c8-39bc-aaf0-9144b37adfc8.test.out,52283,52303,20,24,test,KPI-9c639a46-34c8-39bc-aaf0-9144b37adfc8,
iops,KPI-9c639a46-34c8-39bc-aaf0-9144b37adfc8,data/IOPS/KPI-9c639a46-34c8-39bc-aaf0-9144b37adfc8.test.out,52308,52311,3,25,test,KPI-9c639a46-34c8-39bc-aaf0-9144b37adfc8,
iops,KPI-9c639a46-34c8-39bc-aaf0-9144b37adfc8,data/IOPS/KPI-9c639a46-34c8-39bc-aaf0-9144b37adfc8.test.out,53190,53193,3,26,test,KPI-9c639a46-34c8-39bc-aaf0-9144b37adfc8,
iops,KPI-9c639a46-34c8-39bc-aaf0-9144b37adfc8,data/IOPS/KPI-9c639a46-34c8-39bc-aaf0-9144b37adfc8.test.out,55763,55767,4,27,test,KPI-9c639a46-34c8-39bc-aaf0-9144b37adfc8,
iops,KPI-9c639a46-34c8-39bc-aaf0-9144b37adfc8,data/IOPS/KPI-9c639a46-34c8-39bc-aaf0-9144b37adfc8.test.out,55788,55796,8,28,test,KPI-9c639a46-34c8-39bc-aaf0-9144b37adfc8,
iops,KPI-9c639a46-34c8-39bc-aaf0-9144b37adfc8,data/IOPS/KPI-9c639a46-34c8-39bc-aaf0-9144b37adfc8.test.out,55878,55917,39,29,test,KPI-9c639a46-34c8-39bc-aaf0-9144b37adfc8,
iops,KPI-9c639a46-34c8-39bc-aaf0-9144b37adfc8,data/IOPS/KPI-9c639a46-34c8-39bc-aaf0-9144b37adfc8.test.out,56845,57046,201,30,test,KPI-9c639a46-34c8-39bc-aaf0-9144b37adfc8,
iops,KPI-9c639a46-34c8-39bc-aaf0-9144b37adfc8,data/IOPS/KPI-9c639a46-34c8-39bc-aaf0-9144b37adfc8.test.out,61087,61104,17,31,test,KPI-9c639a46-34c8-39bc-aaf0-9144b37adfc8,
iops,KPI-9c639a46-34c8-39bc-aaf0-9144b37adfc8,data/IOPS/KPI-9c639a46-34c8-39bc-aaf0-9144b37adfc8.test.out,63186,63189,3,32,test,KPI-9c639a46-34c8-39bc-aaf0-9144b37adfc8,
iops,KPI-9c639a46-34c8-39bc-aaf0-9144b37adfc8,data/IOPS/KPI-9c639a46-34c8-39bc-aaf0-9144b37adfc8.test.out,64525,64528,3,33,test,KPI-9c639a46-34c8-39bc-aaf0-9144b37adfc8,
iops,KPI-9c639a46-34c8-39bc-aaf0-9144b37adfc8,data/IOPS/KPI-9c639a46-34c8-39bc-aaf0-9144b37adfc8.test.out,65861,65870,9,34,test,KPI-9c639a46-34c8-39bc-aaf0-9144b37adfc8,
iops,KPI-9c639a46-34c8-39bc-aaf0-9144b37adfc8,data/IOPS/KPI-9c639a46-34c8-39bc-aaf0-9144b37adfc8.test.out,65950,65975,25,35,test,KPI-9c639a46-34c8-39bc-aaf0-9144b37adfc8,
iops,KPI-9c639a46-34c8-39bc-aaf0-9144b37adfc8,data/IOPS/KPI-9c639a46-34c8-39bc-aaf0-9144b37adfc8.test.out,66564,66567,3,36,test,KPI-9c639a46-34c8-39bc-aaf0-9144b37adfc8,
iops,KPI-9c639a46-34c8-39bc-aaf0-9144b37adfc8,data/IOPS/KPI-9c639a46-34c8-39bc-aaf0-9144b37adfc8.test.out,66697,66700,3,37,test,KPI-9c639a46-34c8-39bc-aaf0-9144b37adfc8,
iops,KPI-9c639a46-34c8-39bc-aaf0-9144b37adfc8,data/IOPS/KPI-9c639a46-34c8-39bc-aaf0-9144b37adfc8.test.out,68105,68108,3,38,test,KPI-9c639a46-34c8-39bc-aaf0-9144b37adfc8,
iops,KPI-9c639a46-34c8-39bc-aaf0-9144b37adfc8,data/IOPS/KPI-9c639a46-34c8-39bc-aaf0-9144b37adfc8.test.out,70334,70345,11,39,test,KPI-9c639a46-34c8-39bc-aaf0-9144b37adfc8,
iops,KPI-9c639a46-34c8-39bc-aaf0-9144b37adfc8,data/IOPS/KPI-9c639a46-34c8-39bc-aaf0-9144b37adfc8.test.out,75879,75882,3,40,test,KPI-9c639a46-34c8-39bc-aaf0-9144b37adfc8,
iops,KPI-9c639a46-34c8-39bc-aaf0-9144b37adfc8,data/IOPS/KPI-9c639a46-34c8-39bc-aaf0-9144b37adfc8.test.out,77504,77507,3,41,test,KPI-9c639a46-34c8-39bc-aaf0-9144b37adfc8,
iops,KPI-9c639a46-34c8-39bc-aaf0-9144b37adfc8,data/IOPS/KPI-9c639a46-34c8-39bc-aaf0-9144b37adfc8.test.out,79172,79184,12,42,test,KPI-9c639a46-34c8-39bc-aaf0-9144b37adfc8,
iops,KPI-9c639a46-34c8-39bc-aaf0-9144b37adfc8,data/IOPS/KPI-9c639a46-34c8-39bc-aaf0-9144b37adfc8.test.out,80813,80816,3,43,test,KPI-9c639a46-34c8-39bc-aaf0-9144b37adfc8,
iops,KPI-9c639a46-34c8-39bc-aaf0-9144b37adfc8,data/IOPS/KPI-9c639a46-34c8-39bc-aaf0-9144b37adfc8.test.out,82311,82314,3,44,test,KPI-9c639a46-34c8-39bc-aaf0-9144b37adfc8,
iops,KPI-9c639a46-34c8-39bc-aaf0-9144b37adfc8,data/IOPS/KPI-9c639a46-34c8-39bc-aaf0-9144b37adfc8.test.out,83638,83641,3,45,test,KPI-9c639a46-34c8-39bc-aaf0-9144b37adfc8,
iops,KPI-9c639a46-34c8-39bc-aaf0-9144b37adfc8,data/IOPS/KPI-9c639a46-34c8-39bc-aaf0-9144b37adfc8.test.out,83993,83996,3,46,test,KPI-9c639a46-34c8-39bc-aaf0-9144b37adfc8,
iops,KPI-9c639a46-34c8-39bc-aaf0-9144b37adfc8,data/IOPS/KPI-9c639a46-34c8-39bc-aaf0-9144b37adfc8.test.out,86348,86351,3,47,test,KPI-9c639a46-34c8-39bc-aaf0-9144b37adfc8,
iops,KPI-9c639a46-34c8-39bc-aaf0-9144b37adfc8,data/IOPS/KPI-9c639a46-34c8-39bc-aaf0-9144b37adfc8.test.out,86808,86811,3,48,test,KPI-9c639a46-34c8-39bc-aaf0-9144b37adfc8,
iops,KPI-9c639a46-34c8-39bc-aaf0-9144b37adfc8,data/IOPS/KPI-9c639a46-34c8-39bc-aaf0-9144b37adfc8.test.out,87600,87613,13,49,test,KPI-9c639a46-34c8-39bc-aaf0-9144b37adfc8,
iops,KPI-9c639a46-34c8-39bc-aaf0-9144b37adfc8,data/IOPS/KPI-9c639a46-34c8-39bc-aaf0-9144b37adfc8.test.out,90785,90788,3,50,test,KPI-9c639a46-34c8-39bc-aaf0-9144b37adfc8,
iops,KPI-9c639a46-34c8-39bc-aaf0-9144b37adfc8,data/IOPS/KPI-9c639a46-34c8-39bc-aaf0-9144b37adfc8.test.out,90928,90931,3,51,test,KPI-9c639a46-34c8-39bc-aaf0-9144b37adfc8,
iops,KPI-9c639a46-34c8-39bc-aaf0-9144b37adfc8,data/IOPS/KPI-9c639a46-34c8-39bc-aaf0-9144b37adfc8.test.out,94911,94914,3,52,test,KPI-9c639a46-34c8-39bc-aaf0-9144b37adfc8,
iops,KPI-9c639a46-34c8-39bc-aaf0-9144b37adfc8,data/IOPS/KPI-9c639a46-34c8-39bc-aaf0-9144b37adfc8.test.out,96125,96133,8,53,test,KPI-9c639a46-34c8-39bc-aaf0-9144b37adfc8,
iops,KPI-9c639a46-34c8-39bc-aaf0-9144b37adfc8,data/IOPS/KPI-9c639a46-34c8-39bc-aaf0-9144b37adfc8.test.out,96181,96208,27,54,test,KPI-9c639a46-34c8-39bc-aaf0-9144b37adfc8,
iops,KPI-9c639a46-34c8-39bc-aaf0-9144b37adfc8,data/IOPS/KPI-9c639a46-34c8-39bc-aaf0-9144b37adfc8.test.out,96214,96240,26,55,test,KPI-9c639a46-34c8-39bc-aaf0-9144b37adfc8,
iops,KPI-9c639a46-34c8-39bc-aaf0-9144b37adfc8,data/IOPS/KPI-9c639a46-34c8-39bc-aaf0-9144b37adfc8.test.out,96247,96263,16,56,test,KPI-9c639a46-34c8-39bc-aaf0-9144b37adfc8,
iops,KPI-9c639a46-34c8-39bc-aaf0-9144b37adfc8,data/IOPS/KPI-9c639a46-34c8-39bc-aaf0-9144b37adfc8.test.out,104825,104828,3,57,test,KPI-9c639a46-34c8-39bc-aaf0-9144b37adfc8,
iops,KPI-9c639a46-34c8-39bc-aaf0-9144b37adfc8,data/IOPS/KPI-9c639a46-34c8-39bc-aaf0-9144b37adfc8.test.out,104842,104845,3,58,test,KPI-9c639a46-34c8-39bc-aaf0-9144b37adfc8,
iops,KPI-9c639a46-34c8-39bc-aaf0-9144b37adfc8,data/IOPS/KPI-9c639a46-34c8-39bc-aaf0-9144b37adfc8.test.out,104853,104857,4,59,test,KPI-9c639a46-34c8-39bc-aaf0-9144b37adfc8,
iops,KPI-9c639a46-34c8-39bc-aaf0-9144b37adfc8,data/IOPS/KPI-9c639a46-34c8-39bc-aaf0-9144b37adfc8.test.out,104861,104865,4,60,test,KPI-9c639a46-34c8-39bc-aaf0-9144b37adfc8,
iops,KPI-9c639a46-34c8-39bc-aaf0-9144b37adfc8,data/IOPS/KPI-9c639a46-34c8-39bc-aaf0-9144b37adfc8.test.out,104869,104873,4,61,test,KPI-9c639a46-34c8-39bc-aaf0-9144b37adfc8,
iops,KPI-9c639a46-34c8-39bc-aaf0-9144b37adfc8,data/IOPS/KPI-9c639a46-34c8-39bc-aaf0-9144b37adfc8.test.out,104887,104891,4,62,test,KPI-9c639a46-34c8-39bc-aaf0-9144b37adfc8,
iops,KPI-9c639a46-34c8-39bc-aaf0-9144b37adfc8,data/IOPS/KPI-9c639a46-34c8-39bc-aaf0-9144b37adfc8.test.out,104903,104917,14,63,test,KPI-9c639a46-34c8-39bc-aaf0-9144b37adfc8,
iops,KPI-9c639a46-34c8-39bc-aaf0-9144b37adfc8,data/IOPS/KPI-9c639a46-34c8-39bc-aaf0-9144b37adfc8.test.out,104945,104948,3,64,test,KPI-9c639a46-34c8-39bc-aaf0-9144b37adfc8,
iops,KPI-9c639a46-34c8-39bc-aaf0-9144b37adfc8,data/IOPS/KPI-9c639a46-34c8-39bc-aaf0-9144b37adfc8.test.out,104957,104960,3,65,test,KPI-9c639a46-34c8-39bc-aaf0-9144b37adfc8,
iops,KPI-9c639a46-34c8-39bc-aaf0-9144b37adfc8,data/IOPS/KPI-9c639a46-34c8-39bc-aaf0-9144b37adfc8.test.out,104969,104972,3,66,test,KPI-9c639a46-34c8-39bc-aaf0-9144b37adfc8,
iops,KPI-9c639a46-34c8-39bc-aaf0-9144b37adfc8,data/IOPS/KPI-9c639a46-34c8-39bc-aaf0-9144b37adfc8.test.out,104998,105001,3,67,test,KPI-9c639a46-34c8-39bc-aaf0-9144b37adfc8,
iops,KPI-9c639a46-34c8-39bc-aaf0-9144b37adfc8,data/IOPS/KPI-9c639a46-34c8-39bc-aaf0-9144b37adfc8.test.out,105056,105059,3,68,test,KPI-9c639a46-34c8-39bc-aaf0-9144b37adfc8,
iops,KPI-9c639a46-34c8-39bc-aaf0-9144b37adfc8,data/IOPS/KPI-9c639a46-34c8-39bc-aaf0-9144b37adfc8.test.out,105071,105074,3,69,test,KPI-9c639a46-34c8-39bc-aaf0-9144b37adfc8,
iops,KPI-9c639a46-34c8-39bc-aaf0-9144b37adfc8,data/IOPS/KPI-9c639a46-34c8-39bc-aaf0-9144b37adfc8.test.out,105081,105084,3,70,test,KPI-9c639a46-34c8-39bc-aaf0-9144b37adfc8,
iops,KPI-9c639a46-34c8-39bc-aaf0-9144b37adfc8,data/IOPS/KPI-9c639a46-34c8-39bc-aaf0-9144b37adfc8.test.out,105112,105115,3,71,test,KPI-9c639a46-34c8-39bc-aaf0-9144b37adfc8,
iops,KPI-9c639a46-34c8-39bc-aaf0-9144b37adfc8,data/IOPS/KPI-9c639a46-34c8-39bc-aaf0-9144b37adfc8.test.out,105176,105179,3,72,test,KPI-9c639a46-34c8-39bc-aaf0-9144b37adfc8,
iops,KPI-9c639a46-34c8-39bc-aaf0-9144b37adfc8,data/IOPS/KPI-9c639a46-34c8-39bc-aaf0-9144b37adfc8.test.out,105207,105210,3,73,test,KPI-9c639a46-34c8-39bc-aaf0-9144b37adfc8,
iops,KPI-9c639a46-34c8-39bc-aaf0-9144b37adfc8,data/IOPS/KPI-9c639a46-34c8-39bc-aaf0-9144b37adfc8.test.out,105214,105217,3,74,test,KPI-9c639a46-34c8-39bc-aaf0-9144b37adfc8,
iops,KPI-9c639a46-34c8-39bc-aaf0-9144b37adfc8,data/IOPS/KPI-9c639a46-34c8-39bc-aaf0-9144b37adfc8.test.out,105253,105256,3,75,test,KPI-9c639a46-34c8-39bc-aaf0-9144b37adfc8,
iops,KPI-9c639a46-34c8-39bc-aaf0-9144b37adfc8,data/IOPS/KPI-9c639a46-34c8-39bc-aaf0-9144b37adfc8.test.out,105283,105286,3,76,test,KPI-9c639a46-34c8-39bc-aaf0-9144b37adfc8,
iops,KPI-9c639a46-34c8-39bc-aaf0-9144b37adfc8,data/IOPS/KPI-9c639a46-34c8-39bc-aaf0-9144b37adfc8.test.out,105287,105290,3,77,test,KPI-9c639a46-34c8-39bc-aaf0-9144b37adfc8,
iops,KPI-9c639a46-34c8-39bc-aaf0-9144b37adfc8,data/IOPS/KPI-9c639a46-34c8-39bc-aaf0-9144b37adfc8.test.out,106236,106261,25,78,test,KPI-9c639a46-34c8-39bc-aaf0-9144b37adfc8,
iops,KPI-9c639a46-34c8-39bc-aaf0-9144b37adfc8,data/IOPS/KPI-9c639a46-34c8-39bc-aaf0-9144b37adfc8.test.out,106267,106271,4,79,test,KPI-9c639a46-34c8-39bc-aaf0-9144b37adfc8,
iops,KPI-a07ac296-de40-3a7c-8df3-91f642cc14d0,data/IOPS/KPI-a07ac296-de40-3a7c-8df3-91f642cc14d0.test.out,2453,2456,3,1,test,KPI-a07ac296-de40-3a7c-8df3-91f642cc14d0,
iops,KPI-a07ac296-de40-3a7c-8df3-91f642cc14d0,data/IOPS/KPI-a07ac296-de40-3a7c-8df3-91f642cc14d0.test.out,6791,6807,16,2,test,KPI-a07ac296-de40-3a7c-8df3-91f642cc14d0,
iops,KPI-a07ac296-de40-3a7c-8df3-91f642cc14d0,data/IOPS/KPI-a07ac296-de40-3a7c-8df3-91f642cc14d0.test.out,6849,6868,19,3,test,KPI-a07ac296-de40-3a7c-8df3-91f642cc14d0,
iops,KPI-a07ac296-de40-3a7c-8df3-91f642cc14d0,data/IOPS/KPI-a07ac296-de40-3a7c-8df3-91f642cc14d0.test.out,6981,6985,4,4,test,KPI-a07ac296-de40-3a7c-8df3-91f642cc14d0,
iops,KPI-a07ac296-de40-3a7c-8df3-91f642cc14d0,data/IOPS/KPI-a07ac296-de40-3a7c-8df3-91f642cc14d0.test.out,8055,8058,3,5,test,KPI-a07ac296-de40-3a7c-8df3-91f642cc14d0,
iops,KPI-a07ac296-de40-3a7c-8df3-91f642cc14d0,data/IOPS/KPI-a07ac296-de40-3a7c-8df3-91f642cc14d0.test.out,9226,9258,32,6,test,KPI-a07ac296-de40-3a7c-8df3-91f642cc14d0,
iops,KPI-a07ac296-de40-3a7c-8df3-91f642cc14d0,data/IOPS/KPI-a07ac296-de40-3a7c-8df3-91f642cc14d0.test.out,11037,11040,3,7,test,KPI-a07ac296-de40-3a7c-8df3-91f642cc14d0,
iops,KPI-a07ac296-de40-3a7c-8df3-91f642cc14d0,data/IOPS/KPI-a07ac296-de40-3a7c-8df3-91f642cc14d0.test.out,13677,13752,75,8,test,KPI-a07ac296-de40-3a7c-8df3-91f642cc14d0,
iops,KPI-a07ac296-de40-3a7c-8df3-91f642cc14d0,data/IOPS/KPI-a07ac296-de40-3a7c-8df3-91f642cc14d0.test.out,16263,16277,14,9,test,KPI-a07ac296-de40-3a7c-8df3-91f642cc14d0,
iops,KPI-a07ac296-de40-3a7c-8df3-91f642cc14d0,data/IOPS/KPI-a07ac296-de40-3a7c-8df3-91f642cc14d0.test.out,17193,17624,431,10,test,KPI-a07ac296-de40-3a7c-8df3-91f642cc14d0,
iops,KPI-a07ac296-de40-3a7c-8df3-91f642cc14d0,data/IOPS/KPI-a07ac296-de40-3a7c-8df3-91f642cc14d0.test.out,18119,18122,3,11,test,KPI-a07ac296-de40-3a7c-8df3-91f642cc14d0,
iops,KPI-a07ac296-de40-3a7c-8df3-91f642cc14d0,data/IOPS/KPI-a07ac296-de40-3a7c-8df3-91f642cc14d0.test.out,18163,18200,37,12,test,KPI-a07ac296-de40-3a7c-8df3-91f642cc14d0,
iops,KPI-a07ac296-de40-3a7c-8df3-91f642cc14d0,data/IOPS/KPI-a07ac296-de40-3a7c-8df3-91f642cc14d0.test.out,18378,18381,3,13,test,KPI-a07ac296-de40-3a7c-8df3-91f642cc14d0,
iops,KPI-a07ac296-de40-3a7c-8df3-91f642cc14d0,data/IOPS/KPI-a07ac296-de40-3a7c-8df3-91f642cc14d0.test.out,19481,19484,3,14,test,KPI-a07ac296-de40-3a7c-8df3-91f642cc14d0,
iops,KPI-a07ac296-de40-3a7c-8df3-91f642cc14d0,data/IOPS/KPI-a07ac296-de40-3a7c-8df3-91f642cc14d0.test.out,20909,20912,3,15,test,KPI-a07ac296-de40-3a7c-8df3-91f642cc14d0,
iops,KPI-a07ac296-de40-3a7c-8df3-91f642cc14d0,data/IOPS/KPI-a07ac296-de40-3a7c-8df3-91f642cc14d0.test.out,22377,22380,3,16,test,KPI-a07ac296-de40-3a7c-8df3-91f642cc14d0,
iops,KPI-a07ac296-de40-3a7c-8df3-91f642cc14d0,data/IOPS/KPI-a07ac296-de40-3a7c-8df3-91f642cc14d0.test.out,26863,26866,3,17,test,KPI-a07ac296-de40-3a7c-8df3-91f642cc14d0,
iops,KPI-a07ac296-de40-3a7c-8df3-91f642cc14d0,data/IOPS/KPI-a07ac296-de40-3a7c-8df3-91f642cc14d0.test.out,28101,28104,3,18,test,KPI-a07ac296-de40-3a7c-8df3-91f642cc14d0,
iops,KPI-a07ac296-de40-3a7c-8df3-91f642cc14d0,data/IOPS/KPI-a07ac296-de40-3a7c-8df3-91f642cc14d0.test.out,29315,29333,18,19,test,KPI-a07ac296-de40-3a7c-8df3-91f642cc14d0,
iops,KPI-a07ac296-de40-3a7c-8df3-91f642cc14d0,data/IOPS/KPI-a07ac296-de40-3a7c-8df3-91f642cc14d0.test.out,31045,31048,3,20,test,KPI-a07ac296-de40-3a7c-8df3-91f642cc14d0,
iops,KPI-a07ac296-de40-3a7c-8df3-91f642cc14d0,data/IOPS/KPI-a07ac296-de40-3a7c-8df3-91f642cc14d0.test.out,36942,36945,3,21,test,KPI-a07ac296-de40-3a7c-8df3-91f642cc14d0,
iops,KPI-a07ac296-de40-3a7c-8df3-91f642cc14d0,data/IOPS/KPI-a07ac296-de40-3a7c-8df3-91f642cc14d0.test.out,37194,37202,8,22,test,KPI-a07ac296-de40-3a7c-8df3-91f642cc14d0,
iops,KPI-a07ac296-de40-3a7c-8df3-91f642cc14d0,data/IOPS/KPI-a07ac296-de40-3a7c-8df3-91f642cc14d0.test.out,38414,38417,3,23,test,KPI-a07ac296-de40-3a7c-8df3-91f642cc14d0,
iops,KPI-a07ac296-de40-3a7c-8df3-91f642cc14d0,data/IOPS/KPI-a07ac296-de40-3a7c-8df3-91f642cc14d0.test.out,39419,39452,33,24,test,KPI-a07ac296-de40-3a7c-8df3-91f642cc14d0,
iops,KPI-a07ac296-de40-3a7c-8df3-91f642cc14d0,data/IOPS/KPI-a07ac296-de40-3a7c-8df3-91f642cc14d0.test.out,45128,45138,10,25,test,KPI-a07ac296-de40-3a7c-8df3-91f642cc14d0,
iops,KPI-a07ac296-de40-3a7c-8df3-91f642cc14d0,data/IOPS/KPI-a07ac296-de40-3a7c-8df3-91f642cc14d0.test.out,46821,46824,3,26,test,KPI-a07ac296-de40-3a7c-8df3-91f642cc14d0,
iops,KPI-a07ac296-de40-3a7c-8df3-91f642cc14d0,data/IOPS/KPI-a07ac296-de40-3a7c-8df3-91f642cc14d0.test.out,48429,48432,3,27,test,KPI-a07ac296-de40-3a7c-8df3-91f642cc14d0,
iops,KPI-a07ac296-de40-3a7c-8df3-91f642cc14d0,data/IOPS/KPI-a07ac296-de40-3a7c-8df3-91f642cc14d0.test.out,48446,48477,31,28,test,KPI-a07ac296-de40-3a7c-8df3-91f642cc14d0,
iops,KPI-a07ac296-de40-3a7c-8df3-91f642cc14d0,data/IOPS/KPI-a07ac296-de40-3a7c-8df3-91f642cc14d0.test.out,49790,49794,4,29,test,KPI-a07ac296-de40-3a7c-8df3-91f642cc14d0,
iops,KPI-a07ac296-de40-3a7c-8df3-91f642cc14d0,data/IOPS/KPI-a07ac296-de40-3a7c-8df3-91f642cc14d0.test.out,49818,49822,4,30,test,KPI-a07ac296-de40-3a7c-8df3-91f642cc14d0,
iops,KPI-a07ac296-de40-3a7c-8df3-91f642cc14d0,data/IOPS/KPI-a07ac296-de40-3a7c-8df3-91f642cc14d0.test.out,52713,52716,3,31,test,KPI-a07ac296-de40-3a7c-8df3-91f642cc14d0,
iops,KPI-a07ac296-de40-3a7c-8df3-91f642cc14d0,data/IOPS/KPI-a07ac296-de40-3a7c-8df3-91f642cc14d0.test.out,56993,56996,3,32,test,KPI-a07ac296-de40-3a7c-8df3-91f642cc14d0,
iops,KPI-a07ac296-de40-3a7c-8df3-91f642cc14d0,data/IOPS/KPI-a07ac296-de40-3a7c-8df3-91f642cc14d0.test.out,58556,58559,3,33,test,KPI-a07ac296-de40-3a7c-8df3-91f642cc14d0,
iops,KPI-a07ac296-de40-3a7c-8df3-91f642cc14d0,data/IOPS/KPI-a07ac296-de40-3a7c-8df3-91f642cc14d0.test.out,59595,59629,34,34,test,KPI-a07ac296-de40-3a7c-8df3-91f642cc14d0,
iops,KPI-a07ac296-de40-3a7c-8df3-91f642cc14d0,data/IOPS/KPI-a07ac296-de40-3a7c-8df3-91f642cc14d0.test.out,61355,61451,96,35,test,KPI-a07ac296-de40-3a7c-8df3-91f642cc14d0,
iops,KPI-a07ac296-de40-3a7c-8df3-91f642cc14d0,data/IOPS/KPI-a07ac296-de40-3a7c-8df3-91f642cc14d0.test.out,64045,64123,78,36,test,KPI-a07ac296-de40-3a7c-8df3-91f642cc14d0,
iops,KPI-a07ac296-de40-3a7c-8df3-91f642cc14d0,data/IOPS/KPI-a07ac296-de40-3a7c-8df3-91f642cc14d0.test.out,66212,66217,5,37,test,KPI-a07ac296-de40-3a7c-8df3-91f642cc14d0,
iops,KPI-a07ac296-de40-3a7c-8df3-91f642cc14d0,data/IOPS/KPI-a07ac296-de40-3a7c-8df3-91f642cc14d0.test.out,67360,67363,3,38,test,KPI-a07ac296-de40-3a7c-8df3-91f642cc14d0,
iops,KPI-a07ac296-de40-3a7c-8df3-91f642cc14d0,data/IOPS/KPI-a07ac296-de40-3a7c-8df3-91f642cc14d0.test.out,67560,67992,432,39,test,KPI-a07ac296-de40-3a7c-8df3-91f642cc14d0,
iops,KPI-a07ac296-de40-3a7c-8df3-91f642cc14d0,data/IOPS/KPI-a07ac296-de40-3a7c-8df3-91f642cc14d0.test.out,71246,71324,78,40,test,KPI-a07ac296-de40-3a7c-8df3-91f642cc14d0,
iops,KPI-a07ac296-de40-3a7c-8df3-91f642cc14d0,data/IOPS/KPI-a07ac296-de40-3a7c-8df3-91f642cc14d0.test.out,71473,71476,3,41,test,KPI-a07ac296-de40-3a7c-8df3-91f642cc14d0,
iops,KPI-a07ac296-de40-3a7c-8df3-91f642cc14d0,data/IOPS/KPI-a07ac296-de40-3a7c-8df3-91f642cc14d0.test.out,73302,73733,431,42,test,KPI-a07ac296-de40-3a7c-8df3-91f642cc14d0,
iops,KPI-a07ac296-de40-3a7c-8df3-91f642cc14d0,data/IOPS/KPI-a07ac296-de40-3a7c-8df3-91f642cc14d0.test.out,80261,80267,6,43,test,KPI-a07ac296-de40-3a7c-8df3-91f642cc14d0,
iops,KPI-a07ac296-de40-3a7c-8df3-91f642cc14d0,data/IOPS/KPI-a07ac296-de40-3a7c-8df3-91f642cc14d0.test.out,80351,80357,6,44,test,KPI-a07ac296-de40-3a7c-8df3-91f642cc14d0,
iops,KPI-a07ac296-de40-3a7c-8df3-91f642cc14d0,data/IOPS/KPI-a07ac296-de40-3a7c-8df3-91f642cc14d0.test.out,86411,86420,9,45,test,KPI-a07ac296-de40-3a7c-8df3-91f642cc14d0,
iops,KPI-a07ac296-de40-3a7c-8df3-91f642cc14d0,data/IOPS/KPI-a07ac296-de40-3a7c-8df3-91f642cc14d0.test.out,88538,88541,3,46,test,KPI-a07ac296-de40-3a7c-8df3-91f642cc14d0,
iops,KPI-a07ac296-de40-3a7c-8df3-91f642cc14d0,data/IOPS/KPI-a07ac296-de40-3a7c-8df3-91f642cc14d0.test.out,91489,91492,3,47,test,KPI-a07ac296-de40-3a7c-8df3-91f642cc14d0,
iops,KPI-a07ac296-de40-3a7c-8df3-91f642cc14d0,data/IOPS/KPI-a07ac296-de40-3a7c-8df3-91f642cc14d0.test.out,92801,92831,30,48,test,KPI-a07ac296-de40-3a7c-8df3-91f642cc14d0,
iops,KPI-a07ac296-de40-3a7c-8df3-91f642cc14d0,data/IOPS/KPI-a07ac296-de40-3a7c-8df3-91f642cc14d0.test.out,92965,92968,3,49,test,KPI-a07ac296-de40-3a7c-8df3-91f642cc14d0,
iops,KPI-a07ac296-de40-3a7c-8df3-91f642cc14d0,data/IOPS/KPI-a07ac296-de40-3a7c-8df3-91f642cc14d0.test.out,94263,94336,73,50,test,KPI-a07ac296-de40-3a7c-8df3-91f642cc14d0,
iops,KPI-a07ac296-de40-3a7c-8df3-91f642cc14d0,data/IOPS/KPI-a07ac296-de40-3a7c-8df3-91f642cc14d0.test.out,97367,97371,4,51,test,KPI-a07ac296-de40-3a7c-8df3-91f642cc14d0,
iops,KPI-a07ac296-de40-3a7c-8df3-91f642cc14d0,data/IOPS/KPI-a07ac296-de40-3a7c-8df3-91f642cc14d0.test.out,98366,98377,11,52,test,KPI-a07ac296-de40-3a7c-8df3-91f642cc14d0,
iops,KPI-a07ac296-de40-3a7c-8df3-91f642cc14d0,data/IOPS/KPI-a07ac296-de40-3a7c-8df3-91f642cc14d0.test.out,99235,99238,3,53,test,KPI-a07ac296-de40-3a7c-8df3-91f642cc14d0,
iops,KPI-a07ac296-de40-3a7c-8df3-91f642cc14d0,data/IOPS/KPI-a07ac296-de40-3a7c-8df3-91f642cc14d0.test.out,100318,100321,3,54,test,KPI-a07ac296-de40-3a7c-8df3-91f642cc14d0,
iops,KPI-a07ac296-de40-3a7c-8df3-91f642cc14d0,data/IOPS/KPI-a07ac296-de40-3a7c-8df3-91f642cc14d0.test.out,101506,101509,3,55,test,KPI-a07ac296-de40-3a7c-8df3-91f642cc14d0,
iops,KPI-a07ac296-de40-3a7c-8df3-91f642cc14d0,data/IOPS/KPI-a07ac296-de40-3a7c-8df3-91f642cc14d0.test.out,102548,102552,4,56,test,KPI-a07ac296-de40-3a7c-8df3-91f642cc14d0,
iops,KPI-a07ac296-de40-3a7c-8df3-91f642cc14d0,data/IOPS/KPI-a07ac296-de40-3a7c-8df3-91f642cc14d0.test.out,103234,103237,3,57,test,KPI-a07ac296-de40-3a7c-8df3-91f642cc14d0,
iops,KPI-a07ac296-de40-3a7c-8df3-91f642cc14d0,data/IOPS/KPI-a07ac296-de40-3a7c-8df3-91f642cc14d0.test.out,103792,103802,10,58,test,KPI-a07ac296-de40-3a7c-8df3-91f642cc14d0,
iops,KPI-a07ac296-de40-3a7c-8df3-91f642cc14d0,data/IOPS/KPI-a07ac296-de40-3a7c-8df3-91f642cc14d0.test.out,103828,103836,8,59,test,KPI-a07ac296-de40-3a7c-8df3-91f642cc14d0,
iops,KPI-a07ac296-de40-3a7c-8df3-91f642cc14d0,data/IOPS/KPI-a07ac296-de40-3a7c-8df3-91f642cc14d0.test.out,104341,104416,75,60,test,KPI-a07ac296-de40-3a7c-8df3-91f642cc14d0,
iops,KPI-a07ac296-de40-3a7c-8df3-91f642cc14d0,data/IOPS/KPI-a07ac296-de40-3a7c-8df3-91f642cc14d0.test.out,106732,106742,10,61,test,KPI-a07ac296-de40-3a7c-8df3-91f642cc14d0,
iops,KPI-a07ac296-de40-3a7c-8df3-91f642cc14d0,data/IOPS/KPI-a07ac296-de40-3a7c-8df3-91f642cc14d0.test.out,107461,107464,3,62,test,KPI-a07ac296-de40-3a7c-8df3-91f642cc14d0,
iops,KPI-a07ac296-de40-3a7c-8df3-91f642cc14d0,data/IOPS/KPI-a07ac296-de40-3a7c-8df3-91f642cc14d0.test.out,108159,108171,12,63,test,KPI-a07ac296-de40-3a7c-8df3-91f642cc14d0,
iops,KPI-a07ac296-de40-3a7c-8df3-91f642cc14d0,data/IOPS/KPI-a07ac296-de40-3a7c-8df3-91f642cc14d0.test.out,108727,108730,3,64,test,KPI-a07ac296-de40-3a7c-8df3-91f642cc14d0,
iops,KPI-a07ac296-de40-3a7c-8df3-91f642cc14d0,data/IOPS/KPI-a07ac296-de40-3a7c-8df3-91f642cc14d0.test.out,109574,109577,3,65,test,KPI-a07ac296-de40-3a7c-8df3-91f642cc14d0,
iops,KPI-a07ac296-de40-3a7c-8df3-91f642cc14d0,data/IOPS/KPI-a07ac296-de40-3a7c-8df3-91f642cc14d0.test.out,110145,110148,3,66,test,KPI-a07ac296-de40-3a7c-8df3-91f642cc14d0,
iops,KPI-a07ac296-de40-3a7c-8df3-91f642cc14d0,data/IOPS/KPI-a07ac296-de40-3a7c-8df3-91f642cc14d0.test.out,111029,111039,10,67,test,KPI-a07ac296-de40-3a7c-8df3-91f642cc14d0,
iops,KPI-a07ac296-de40-3a7c-8df3-91f642cc14d0,data/IOPS/KPI-a07ac296-de40-3a7c-8df3-91f642cc14d0.test.out,111066,111074,8,68,test,KPI-a07ac296-de40-3a7c-8df3-91f642cc14d0,
iops,KPI-a8c06b47-cc41-3738-9110-12df0ee4c721,data/IOPS/KPI-a8c06b47-cc41-3738-9110-12df0ee4c721.test.out,41,49,8,1,test,KPI-a8c06b47-cc41-3738-9110-12df0ee4c721,
iops,KPI-a8c06b47-cc41-3738-9110-12df0ee4c721,data/IOPS/KPI-a8c06b47-cc41-3738-9110-12df0ee4c721.test.out,620,625,5,2,test,KPI-a8c06b47-cc41-3738-9110-12df0ee4c721,
iops,KPI-a8c06b47-cc41-3738-9110-12df0ee4c721,data/IOPS/KPI-a8c06b47-cc41-3738-9110-12df0ee4c721.test.out,1189,1193,4,3,test,KPI-a8c06b47-cc41-3738-9110-12df0ee4c721,
iops,KPI-a8c06b47-cc41-3738-9110-12df0ee4c721,data/IOPS/KPI-a8c06b47-cc41-3738-9110-12df0ee4c721.test.out,1985,2003,18,4,test,KPI-a8c06b47-cc41-3738-9110-12df0ee4c721,
iops,KPI-a8c06b47-cc41-3738-9110-12df0ee4c721,data/IOPS/KPI-a8c06b47-cc41-3738-9110-12df0ee4c721.test.out,2326,2330,4,5,test,KPI-a8c06b47-cc41-3738-9110-12df0ee4c721,
iops,KPI-a8c06b47-cc41-3738-9110-12df0ee4c721,data/IOPS/KPI-a8c06b47-cc41-3738-9110-12df0ee4c721.test.out,2904,2907,3,6,test,KPI-a8c06b47-cc41-3738-9110-12df0ee4c721,
iops,KPI-a8c06b47-cc41-3738-9110-12df0ee4c721,data/IOPS/KPI-a8c06b47-cc41-3738-9110-12df0ee4c721.test.out,3462,3470,8,7,test,KPI-a8c06b47-cc41-3738-9110-12df0ee4c721,
iops,KPI-a8c06b47-cc41-3738-9110-12df0ee4c721,data/IOPS/KPI-a8c06b47-cc41-3738-9110-12df0ee4c721.test.out,3732,3735,3,8,test,KPI-a8c06b47-cc41-3738-9110-12df0ee4c721,
iops,KPI-a8c06b47-cc41-3738-9110-12df0ee4c721,data/IOPS/KPI-a8c06b47-cc41-3738-9110-12df0ee4c721.test.out,4038,4041,3,9,test,KPI-a8c06b47-cc41-3738-9110-12df0ee4c721,
iops,KPI-a8c06b47-cc41-3738-9110-12df0ee4c721,data/IOPS/KPI-a8c06b47-cc41-3738-9110-12df0ee4c721.test.out,5420,5491,71,10,test,KPI-a8c06b47-cc41-3738-9110-12df0ee4c721,
iops,KPI-ab216663-dcc2-3a24-b1ee-2c3e550e06c9,data/IOPS/KPI-ab216663-dcc2-3a24-b1ee-2c3e550e06c9.test.out,223,240,17,1,test,KPI-ab216663-dcc2-3a24-b1ee-2c3e550e06c9,
iops,KPI-ab216663-dcc2-3a24-b1ee-2c3e550e06c9,data/IOPS/KPI-ab216663-dcc2-3a24-b1ee-2c3e550e06c9.test.out,778,788,10,2,test,KPI-ab216663-dcc2-3a24-b1ee-2c3e550e06c9,
iops,KPI-ab216663-dcc2-3a24-b1ee-2c3e550e06c9,data/IOPS/KPI-ab216663-dcc2-3a24-b1ee-2c3e550e06c9.test.out,813,830,17,3,test,KPI-ab216663-dcc2-3a24-b1ee-2c3e550e06c9,
iops,KPI-ab216663-dcc2-3a24-b1ee-2c3e550e06c9,data/IOPS/KPI-ab216663-dcc2-3a24-b1ee-2c3e550e06c9.test.out,1709,1724,15,4,test,KPI-ab216663-dcc2-3a24-b1ee-2c3e550e06c9,
iops,KPI-ab216663-dcc2-3a24-b1ee-2c3e550e06c9,data/IOPS/KPI-ab216663-dcc2-3a24-b1ee-2c3e550e06c9.test.out,1768,1783,15,5,test,KPI-ab216663-dcc2-3a24-b1ee-2c3e550e06c9,
iops,KPI-ab216663-dcc2-3a24-b1ee-2c3e550e06c9,data/IOPS/KPI-ab216663-dcc2-3a24-b1ee-2c3e550e06c9.test.out,2306,2318,12,6,test,KPI-ab216663-dcc2-3a24-b1ee-2c3e550e06c9,
iops,KPI-ab216663-dcc2-3a24-b1ee-2c3e550e06c9,data/IOPS/KPI-ab216663-dcc2-3a24-b1ee-2c3e550e06c9.test.out,4038,4061,23,7,test,KPI-ab216663-dcc2-3a24-b1ee-2c3e550e06c9,
iops,KPI-ab216663-dcc2-3a24-b1ee-2c3e550e06c9,data/IOPS/KPI-ab216663-dcc2-3a24-b1ee-2c3e550e06c9.test.out,4640,4649,9,8,test,KPI-ab216663-dcc2-3a24-b1ee-2c3e550e06c9,
iops,KPI-ab216663-dcc2-3a24-b1ee-2c3e550e06c9,data/IOPS/KPI-ab216663-dcc2-3a24-b1ee-2c3e550e06c9.test.out,6395,6403,8,9,test,KPI-ab216663-dcc2-3a24-b1ee-2c3e550e06c9,
iops,KPI-ab216663-dcc2-3a24-b1ee-2c3e550e06c9,data/IOPS/KPI-ab216663-dcc2-3a24-b1ee-2c3e550e06c9.test.out,6466,6490,24,10,test,KPI-ab216663-dcc2-3a24-b1ee-2c3e550e06c9,
iops,KPI-ab216663-dcc2-3a24-b1ee-2c3e550e06c9,data/IOPS/KPI-ab216663-dcc2-3a24-b1ee-2c3e550e06c9.test.out,8382,8393,11,11,test,KPI-ab216663-dcc2-3a24-b1ee-2c3e550e06c9,
iops,KPI-ab216663-dcc2-3a24-b1ee-2c3e550e06c9,data/IOPS/KPI-ab216663-dcc2-3a24-b1ee-2c3e550e06c9.test.out,9093,9095,2,12,test,KPI-ab216663-dcc2-3a24-b1ee-2c3e550e06c9,
iops,KPI-ab216663-dcc2-3a24-b1ee-2c3e550e06c9,data/IOPS/KPI-ab216663-dcc2-3a24-b1ee-2c3e550e06c9.test.out,9416,9427,11,13,test,KPI-ab216663-dcc2-3a24-b1ee-2c3e550e06c9,
iops,KPI-ab216663-dcc2-3a24-b1ee-2c3e550e06c9,data/IOPS/KPI-ab216663-dcc2-3a24-b1ee-2c3e550e06c9.test.out,10418,10431,13,14,test,KPI-ab216663-dcc2-3a24-b1ee-2c3e550e06c9,
iops,KPI-adb2fde9-8589-3f5b-a410-5fe14386c7af,data/IOPS/KPI-adb2fde9-8589-3f5b-a410-5fe14386c7af.test.out,284,288,4,1,test,KPI-adb2fde9-8589-3f5b-a410-5fe14386c7af,
iops,KPI-adb2fde9-8589-3f5b-a410-5fe14386c7af,data/IOPS/KPI-adb2fde9-8589-3f5b-a410-5fe14386c7af.test.out,3715,3738,23,2,test,KPI-adb2fde9-8589-3f5b-a410-5fe14386c7af,
iops,KPI-adb2fde9-8589-3f5b-a410-5fe14386c7af,data/IOPS/KPI-adb2fde9-8589-3f5b-a410-5fe14386c7af.test.out,8198,8201,3,3,test,KPI-adb2fde9-8589-3f5b-a410-5fe14386c7af,
iops,KPI-adb2fde9-8589-3f5b-a410-5fe14386c7af,data/IOPS/KPI-adb2fde9-8589-3f5b-a410-5fe14386c7af.test.out,13681,13705,24,4,test,KPI-adb2fde9-8589-3f5b-a410-5fe14386c7af,
iops,KPI-adb2fde9-8589-3f5b-a410-5fe14386c7af,data/IOPS/KPI-adb2fde9-8589-3f5b-a410-5fe14386c7af.test.out,15837,15840,3,5,test,KPI-adb2fde9-8589-3f5b-a410-5fe14386c7af,
iops,KPI-adb2fde9-8589-3f5b-a410-5fe14386c7af,data/IOPS/KPI-adb2fde9-8589-3f5b-a410-5fe14386c7af.test.out,21158,21161,3,6,test,KPI-adb2fde9-8589-3f5b-a410-5fe14386c7af,
iops,KPI-adb2fde9-8589-3f5b-a410-5fe14386c7af,data/IOPS/KPI-adb2fde9-8589-3f5b-a410-5fe14386c7af.test.out,23259,23263,4,7,test,KPI-adb2fde9-8589-3f5b-a410-5fe14386c7af,
iops,KPI-adb2fde9-8589-3f5b-a410-5fe14386c7af,data/IOPS/KPI-adb2fde9-8589-3f5b-a410-5fe14386c7af.test.out,23761,23788,27,8,test,KPI-adb2fde9-8589-3f5b-a410-5fe14386c7af,
iops,KPI-adb2fde9-8589-3f5b-a410-5fe14386c7af,data/IOPS/KPI-adb2fde9-8589-3f5b-a410-5fe14386c7af.test.out,23861,23864,3,9,test,KPI-adb2fde9-8589-3f5b-a410-5fe14386c7af,
iops,KPI-adb2fde9-8589-3f5b-a410-5fe14386c7af,data/IOPS/KPI-adb2fde9-8589-3f5b-a410-5fe14386c7af.test.out,24397,24400,3,10,test,KPI-adb2fde9-8589-3f5b-a410-5fe14386c7af,
iops,KPI-adb2fde9-8589-3f5b-a410-5fe14386c7af,data/IOPS/KPI-adb2fde9-8589-3f5b-a410-5fe14386c7af.test.out,26075,26080,5,11,test,KPI-adb2fde9-8589-3f5b-a410-5fe14386c7af,
iops,KPI-adb2fde9-8589-3f5b-a410-5fe14386c7af,data/IOPS/KPI-adb2fde9-8589-3f5b-a410-5fe14386c7af.test.out,26197,26200,3,12,test,KPI-adb2fde9-8589-3f5b-a410-5fe14386c7af,
iops,KPI-adb2fde9-8589-3f5b-a410-5fe14386c7af,data/IOPS/KPI-adb2fde9-8589-3f5b-a410-5fe14386c7af.test.out,26976,26980,4,13,test,KPI-adb2fde9-8589-3f5b-a410-5fe14386c7af,
iops,KPI-adb2fde9-8589-3f5b-a410-5fe14386c7af,data/IOPS/KPI-adb2fde9-8589-3f5b-a410-5fe14386c7af.test.out,33802,33827,25,14,test,KPI-adb2fde9-8589-3f5b-a410-5fe14386c7af,
iops,KPI-adb2fde9-8589-3f5b-a410-5fe14386c7af,data/IOPS/KPI-adb2fde9-8589-3f5b-a410-5fe14386c7af.test.out,34115,34118,3,15,test,KPI-adb2fde9-8589-3f5b-a410-5fe14386c7af,
iops,KPI-adb2fde9-8589-3f5b-a410-5fe14386c7af,data/IOPS/KPI-adb2fde9-8589-3f5b-a410-5fe14386c7af.test.out,34295,34298,3,16,test,KPI-adb2fde9-8589-3f5b-a410-5fe14386c7af,
iops,KPI-adb2fde9-8589-3f5b-a410-5fe14386c7af,data/IOPS/KPI-adb2fde9-8589-3f5b-a410-5fe14386c7af.test.out,34835,34839,4,17,test,KPI-adb2fde9-8589-3f5b-a410-5fe14386c7af,
iops,KPI-adb2fde9-8589-3f5b-a410-5fe14386c7af,data/IOPS/KPI-adb2fde9-8589-3f5b-a410-5fe14386c7af.test.out,35435,35438,3,18,test,KPI-adb2fde9-8589-3f5b-a410-5fe14386c7af,
iops,KPI-adb2fde9-8589-3f5b-a410-5fe14386c7af,data/IOPS/KPI-adb2fde9-8589-3f5b-a410-5fe14386c7af.test.out,35915,35918,3,19,test,KPI-adb2fde9-8589-3f5b-a410-5fe14386c7af,
iops,KPI-adb2fde9-8589-3f5b-a410-5fe14386c7af,data/IOPS/KPI-adb2fde9-8589-3f5b-a410-5fe14386c7af.test.out,37657,37660,3,20,test,KPI-adb2fde9-8589-3f5b-a410-5fe14386c7af,
iops,KPI-adb2fde9-8589-3f5b-a410-5fe14386c7af,data/IOPS/KPI-adb2fde9-8589-3f5b-a410-5fe14386c7af.test.out,38667,38671,4,21,test,KPI-adb2fde9-8589-3f5b-a410-5fe14386c7af,
iops,KPI-adb2fde9-8589-3f5b-a410-5fe14386c7af,data/IOPS/KPI-adb2fde9-8589-3f5b-a410-5fe14386c7af.test.out,38676,38679,3,22,test,KPI-adb2fde9-8589-3f5b-a410-5fe14386c7af,
iops,KPI-adb2fde9-8589-3f5b-a410-5fe14386c7af,data/IOPS/KPI-adb2fde9-8589-3f5b-a410-5fe14386c7af.test.out,39037,39040,3,23,test,KPI-adb2fde9-8589-3f5b-a410-5fe14386c7af,
iops,KPI-adb2fde9-8589-3f5b-a410-5fe14386c7af,data/IOPS/KPI-adb2fde9-8589-3f5b-a410-5fe14386c7af.test.out,43934,43959,25,24,test,KPI-adb2fde9-8589-3f5b-a410-5fe14386c7af,
iops,KPI-adb2fde9-8589-3f5b-a410-5fe14386c7af,data/IOPS/KPI-adb2fde9-8589-3f5b-a410-5fe14386c7af.test.out,44616,44619,3,25,test,KPI-adb2fde9-8589-3f5b-a410-5fe14386c7af,
iops,KPI-adb2fde9-8589-3f5b-a410-5fe14386c7af,data/IOPS/KPI-adb2fde9-8589-3f5b-a410-5fe14386c7af.test.out,44796,44799,3,26,test,KPI-adb2fde9-8589-3f5b-a410-5fe14386c7af,
iops,KPI-adb2fde9-8589-3f5b-a410-5fe14386c7af,data/IOPS/KPI-adb2fde9-8589-3f5b-a410-5fe14386c7af.test.out,45996,45999,3,27,test,KPI-adb2fde9-8589-3f5b-a410-5fe14386c7af,
iops,KPI-adb2fde9-8589-3f5b-a410-5fe14386c7af,data/IOPS/KPI-adb2fde9-8589-3f5b-a410-5fe14386c7af.test.out,47556,47559,3,28,test,KPI-adb2fde9-8589-3f5b-a410-5fe14386c7af,
iops,KPI-adb2fde9-8589-3f5b-a410-5fe14386c7af,data/IOPS/KPI-adb2fde9-8589-3f5b-a410-5fe14386c7af.test.out,47603,47605,2,29,test,KPI-adb2fde9-8589-3f5b-a410-5fe14386c7af,
iops,KPI-adb2fde9-8589-3f5b-a410-5fe14386c7af,data/IOPS/KPI-adb2fde9-8589-3f5b-a410-5fe14386c7af.test.out,48817,48820,3,30,test,KPI-adb2fde9-8589-3f5b-a410-5fe14386c7af,
iops,KPI-adb2fde9-8589-3f5b-a410-5fe14386c7af,data/IOPS/KPI-adb2fde9-8589-3f5b-a410-5fe14386c7af.test.out,54011,54035,24,31,test,KPI-adb2fde9-8589-3f5b-a410-5fe14386c7af,
iops,KPI-adb2fde9-8589-3f5b-a410-5fe14386c7af,data/IOPS/KPI-adb2fde9-8589-3f5b-a410-5fe14386c7af.test.out,56422,56429,7,32,test,KPI-adb2fde9-8589-3f5b-a410-5fe14386c7af,
iops,KPI-adb2fde9-8589-3f5b-a410-5fe14386c7af,data/IOPS/KPI-adb2fde9-8589-3f5b-a410-5fe14386c7af.test.out,64110,64135,25,33,test,KPI-adb2fde9-8589-3f5b-a410-5fe14386c7af,
iops,KPI-adb2fde9-8589-3f5b-a410-5fe14386c7af,data/IOPS/KPI-adb2fde9-8589-3f5b-a410-5fe14386c7af.test.out,65796,65799,3,34,test,KPI-adb2fde9-8589-3f5b-a410-5fe14386c7af,
iops,KPI-adb2fde9-8589-3f5b-a410-5fe14386c7af,data/IOPS/KPI-adb2fde9-8589-3f5b-a410-5fe14386c7af.test.out,72092,72095,3,35,test,KPI-adb2fde9-8589-3f5b-a410-5fe14386c7af,
iops,KPI-adb2fde9-8589-3f5b-a410-5fe14386c7af,data/IOPS/KPI-adb2fde9-8589-3f5b-a410-5fe14386c7af.test.out,74228,74252,24,36,test,KPI-adb2fde9-8589-3f5b-a410-5fe14386c7af,
iops,KPI-adb2fde9-8589-3f5b-a410-5fe14386c7af,data/IOPS/KPI-adb2fde9-8589-3f5b-a410-5fe14386c7af.test.out,74497,74500,3,37,test,KPI-adb2fde9-8589-3f5b-a410-5fe14386c7af,
iops,KPI-adb2fde9-8589-3f5b-a410-5fe14386c7af,data/IOPS/KPI-adb2fde9-8589-3f5b-a410-5fe14386c7af.test.out,80612,80616,4,38,test,KPI-adb2fde9-8589-3f5b-a410-5fe14386c7af,
iops,KPI-adb2fde9-8589-3f5b-a410-5fe14386c7af,data/IOPS/KPI-adb2fde9-8589-3f5b-a410-5fe14386c7af.test.out,80651,80654,3,39,test,KPI-adb2fde9-8589-3f5b-a410-5fe14386c7af,
iops,KPI-adb2fde9-8589-3f5b-a410-5fe14386c7af,data/IOPS/KPI-adb2fde9-8589-3f5b-a410-5fe14386c7af.test.out,82041,82044,3,40,test,KPI-adb2fde9-8589-3f5b-a410-5fe14386c7af,
iops,KPI-adb2fde9-8589-3f5b-a410-5fe14386c7af,data/IOPS/KPI-adb2fde9-8589-3f5b-a410-5fe14386c7af.test.out,82117,82122,5,41,test,KPI-adb2fde9-8589-3f5b-a410-5fe14386c7af,
iops,KPI-adb2fde9-8589-3f5b-a410-5fe14386c7af,data/IOPS/KPI-adb2fde9-8589-3f5b-a410-5fe14386c7af.test.out,82220,82223,3,42,test,KPI-adb2fde9-8589-3f5b-a410-5fe14386c7af,
iops,KPI-adb2fde9-8589-3f5b-a410-5fe14386c7af,data/IOPS/KPI-adb2fde9-8589-3f5b-a410-5fe14386c7af.test.out,83002,83005,3,43,test,KPI-adb2fde9-8589-3f5b-a410-5fe14386c7af,
iops,KPI-adb2fde9-8589-3f5b-a410-5fe14386c7af,data/IOPS/KPI-adb2fde9-8589-3f5b-a410-5fe14386c7af.test.out,83180,83183,3,44,test,KPI-adb2fde9-8589-3f5b-a410-5fe14386c7af,
iops,KPI-adb2fde9-8589-3f5b-a410-5fe14386c7af,data/IOPS/KPI-adb2fde9-8589-3f5b-a410-5fe14386c7af.test.out,83361,83364,3,45,test,KPI-adb2fde9-8589-3f5b-a410-5fe14386c7af,
iops,KPI-adb2fde9-8589-3f5b-a410-5fe14386c7af,data/IOPS/KPI-adb2fde9-8589-3f5b-a410-5fe14386c7af.test.out,84230,84255,25,46,test,KPI-adb2fde9-8589-3f5b-a410-5fe14386c7af,
iops,KPI-adb2fde9-8589-3f5b-a410-5fe14386c7af,data/IOPS/KPI-adb2fde9-8589-3f5b-a410-5fe14386c7af.test.out,88572,88575,3,47,test,KPI-adb2fde9-8589-3f5b-a410-5fe14386c7af,
iops,KPI-adb2fde9-8589-3f5b-a410-5fe14386c7af,data/IOPS/KPI-adb2fde9-8589-3f5b-a410-5fe14386c7af.test.out,88992,88997,5,48,test,KPI-adb2fde9-8589-3f5b-a410-5fe14386c7af,
iops,KPI-adb2fde9-8589-3f5b-a410-5fe14386c7af,data/IOPS/KPI-adb2fde9-8589-3f5b-a410-5fe14386c7af.test.out,90674,90677,3,49,test,KPI-adb2fde9-8589-3f5b-a410-5fe14386c7af,
iops,KPI-adb2fde9-8589-3f5b-a410-5fe14386c7af,data/IOPS/KPI-adb2fde9-8589-3f5b-a410-5fe14386c7af.test.out,90855,90858,3,50,test,KPI-adb2fde9-8589-3f5b-a410-5fe14386c7af,
iops,KPI-adb2fde9-8589-3f5b-a410-5fe14386c7af,data/IOPS/KPI-adb2fde9-8589-3f5b-a410-5fe14386c7af.test.out,90870,90875,5,51,test,KPI-adb2fde9-8589-3f5b-a410-5fe14386c7af,
iops,KPI-adb2fde9-8589-3f5b-a410-5fe14386c7af,data/IOPS/KPI-adb2fde9-8589-3f5b-a410-5fe14386c7af.test.out,94376,94401,25,52,test,KPI-adb2fde9-8589-3f5b-a410-5fe14386c7af,
iops,KPI-adb2fde9-8589-3f5b-a410-5fe14386c7af,data/IOPS/KPI-adb2fde9-8589-3f5b-a410-5fe14386c7af.test.out,95175,95178,3,53,test,KPI-adb2fde9-8589-3f5b-a410-5fe14386c7af,
iops,KPI-adb2fde9-8589-3f5b-a410-5fe14386c7af,data/IOPS/KPI-adb2fde9-8589-3f5b-a410-5fe14386c7af.test.out,97993,97996,3,54,test,KPI-adb2fde9-8589-3f5b-a410-5fe14386c7af,
iops,KPI-adb2fde9-8589-3f5b-a410-5fe14386c7af,data/IOPS/KPI-adb2fde9-8589-3f5b-a410-5fe14386c7af.test.out,99328,99331,3,55,test,KPI-adb2fde9-8589-3f5b-a410-5fe14386c7af,
iops,KPI-adb2fde9-8589-3f5b-a410-5fe14386c7af,data/IOPS/KPI-adb2fde9-8589-3f5b-a410-5fe14386c7af.test.out,102073,102076,3,56,test,KPI-adb2fde9-8589-3f5b-a410-5fe14386c7af,
iops,KPI-adb2fde9-8589-3f5b-a410-5fe14386c7af,data/IOPS/KPI-adb2fde9-8589-3f5b-a410-5fe14386c7af.test.out,104448,104473,25,57,test,KPI-adb2fde9-8589-3f5b-a410-5fe14386c7af,
iops,KPI-adb2fde9-8589-3f5b-a410-5fe14386c7af,data/IOPS/KPI-adb2fde9-8589-3f5b-a410-5fe14386c7af.test.out,107514,107517,3,58,test,KPI-adb2fde9-8589-3f5b-a410-5fe14386c7af,
iops,KPI-adb2fde9-8589-3f5b-a410-5fe14386c7af,data/IOPS/KPI-adb2fde9-8589-3f5b-a410-5fe14386c7af.test.out,109722,110053,331,59,test,KPI-adb2fde9-8589-3f5b-a410-5fe14386c7af,
iops,KPI-adb2fde9-8589-3f5b-a410-5fe14386c7af,data/IOPS/KPI-adb2fde9-8589-3f5b-a410-5fe14386c7af.test.out,113809,113812,3,60,test,KPI-adb2fde9-8589-3f5b-a410-5fe14386c7af,
iops,KPI-adb2fde9-8589-3f5b-a410-5fe14386c7af,data/IOPS/KPI-adb2fde9-8589-3f5b-a410-5fe14386c7af.test.out,115363,115367,4,61,test,KPI-adb2fde9-8589-3f5b-a410-5fe14386c7af,
iops,KPI-adb2fde9-8589-3f5b-a410-5fe14386c7af,data/IOPS/KPI-adb2fde9-8589-3f5b-a410-5fe14386c7af.test.out,122146,122149,3,62,test,KPI-adb2fde9-8589-3f5b-a410-5fe14386c7af,
iops,KPI-adb2fde9-8589-3f5b-a410-5fe14386c7af,data/IOPS/KPI-adb2fde9-8589-3f5b-a410-5fe14386c7af.test.out,122327,122330,3,63,test,KPI-adb2fde9-8589-3f5b-a410-5fe14386c7af,
iops,KPI-adb2fde9-8589-3f5b-a410-5fe14386c7af,data/IOPS/KPI-adb2fde9-8589-3f5b-a410-5fe14386c7af.test.out,123747,123751,4,64,test,KPI-adb2fde9-8589-3f5b-a410-5fe14386c7af,
iops,KPI-adb2fde9-8589-3f5b-a410-5fe14386c7af,data/IOPS/KPI-adb2fde9-8589-3f5b-a410-5fe14386c7af.test.out,124605,124608,3,65,test,KPI-adb2fde9-8589-3f5b-a410-5fe14386c7af,
iops,KPI-adb2fde9-8589-3f5b-a410-5fe14386c7af,data/IOPS/KPI-adb2fde9-8589-3f5b-a410-5fe14386c7af.test.out,124843,124848,5,66,test,KPI-adb2fde9-8589-3f5b-a410-5fe14386c7af,
iops,KPI-adb2fde9-8589-3f5b-a410-5fe14386c7af,data/IOPS/KPI-adb2fde9-8589-3f5b-a410-5fe14386c7af.test.out,129464,129467,3,67,test,KPI-adb2fde9-8589-3f5b-a410-5fe14386c7af,
iops,KPI-adb2fde9-8589-3f5b-a410-5fe14386c7af,data/IOPS/KPI-adb2fde9-8589-3f5b-a410-5fe14386c7af.test.out,129644,129648,4,68,test,KPI-adb2fde9-8589-3f5b-a410-5fe14386c7af,
iops,KPI-adb2fde9-8589-3f5b-a410-5fe14386c7af,data/IOPS/KPI-adb2fde9-8589-3f5b-a410-5fe14386c7af.test.out,131022,131025,3,69,test,KPI-adb2fde9-8589-3f5b-a410-5fe14386c7af,
iops,KPI-adb2fde9-8589-3f5b-a410-5fe14386c7af,data/IOPS/KPI-adb2fde9-8589-3f5b-a410-5fe14386c7af.test.out,131770,131774,4,70,test,KPI-adb2fde9-8589-3f5b-a410-5fe14386c7af,
iops,KPI-adb2fde9-8589-3f5b-a410-5fe14386c7af,data/IOPS/KPI-adb2fde9-8589-3f5b-a410-5fe14386c7af.test.out,133662,133667,5,71,test,KPI-adb2fde9-8589-3f5b-a410-5fe14386c7af,
iops,KPI-adb2fde9-8589-3f5b-a410-5fe14386c7af,data/IOPS/KPI-adb2fde9-8589-3f5b-a410-5fe14386c7af.test.out,134707,134733,26,72,test,KPI-adb2fde9-8589-3f5b-a410-5fe14386c7af,
iops,KPI-adb2fde9-8589-3f5b-a410-5fe14386c7af,data/IOPS/KPI-adb2fde9-8589-3f5b-a410-5fe14386c7af.test.out,136721,136724,3,73,test,KPI-adb2fde9-8589-3f5b-a410-5fe14386c7af,
iops,KPI-adb2fde9-8589-3f5b-a410-5fe14386c7af,data/IOPS/KPI-adb2fde9-8589-3f5b-a410-5fe14386c7af.test.out,137802,137805,3,74,test,KPI-adb2fde9-8589-3f5b-a410-5fe14386c7af,
iops,KPI-adb2fde9-8589-3f5b-a410-5fe14386c7af,data/IOPS/KPI-adb2fde9-8589-3f5b-a410-5fe14386c7af.test.out,138102,138105,3,75,test,KPI-adb2fde9-8589-3f5b-a410-5fe14386c7af,
iops,KPI-adb2fde9-8589-3f5b-a410-5fe14386c7af,data/IOPS/KPI-adb2fde9-8589-3f5b-a410-5fe14386c7af.test.out,138284,138286,2,76,test,KPI-adb2fde9-8589-3f5b-a410-5fe14386c7af,
iops,KPI-adb2fde9-8589-3f5b-a410-5fe14386c7af,data/IOPS/KPI-adb2fde9-8589-3f5b-a410-5fe14386c7af.test.out,138740,138743,3,77,test,KPI-adb2fde9-8589-3f5b-a410-5fe14386c7af,
iops,KPI-adb2fde9-8589-3f5b-a410-5fe14386c7af,data/IOPS/KPI-adb2fde9-8589-3f5b-a410-5fe14386c7af.test.out,139362,139365,3,78,test,KPI-adb2fde9-8589-3f5b-a410-5fe14386c7af,
iops,KPI-adb2fde9-8589-3f5b-a410-5fe14386c7af,data/IOPS/KPI-adb2fde9-8589-3f5b-a410-5fe14386c7af.test.out,139603,139606,3,79,test,KPI-adb2fde9-8589-3f5b-a410-5fe14386c7af,
iops,KPI-adb2fde9-8589-3f5b-a410-5fe14386c7af,data/IOPS/KPI-adb2fde9-8589-3f5b-a410-5fe14386c7af.test.out,140839,140844,5,80,test,KPI-adb2fde9-8589-3f5b-a410-5fe14386c7af,
iops,KPI-adb2fde9-8589-3f5b-a410-5fe14386c7af,data/IOPS/KPI-adb2fde9-8589-3f5b-a410-5fe14386c7af.test.out,142839,143250,411,81,test,KPI-adb2fde9-8589-3f5b-a410-5fe14386c7af,
iops,KPI-adb2fde9-8589-3f5b-a410-5fe14386c7af,data/IOPS/KPI-adb2fde9-8589-3f5b-a410-5fe14386c7af.test.out,144272,144663,391,82,test,KPI-adb2fde9-8589-3f5b-a410-5fe14386c7af,
iops,KPI-adb2fde9-8589-3f5b-a410-5fe14386c7af,data/IOPS/KPI-adb2fde9-8589-3f5b-a410-5fe14386c7af.test.out,144729,144755,26,83,test,KPI-adb2fde9-8589-3f5b-a410-5fe14386c7af,
iops,KPI-adb2fde9-8589-3f5b-a410-5fe14386c7af,data/IOPS/KPI-adb2fde9-8589-3f5b-a410-5fe14386c7af.test.out,146382,146386,4,84,test,KPI-adb2fde9-8589-3f5b-a410-5fe14386c7af,
iops,KPI-adb2fde9-8589-3f5b-a410-5fe14386c7af,data/IOPS/KPI-adb2fde9-8589-3f5b-a410-5fe14386c7af.test.out,147901,147905,4,85,test,KPI-adb2fde9-8589-3f5b-a410-5fe14386c7af,
iops,KPI-ba5f3328-9f3f-3ff5-a683-84437d16d554,data/IOPS/KPI-ba5f3328-9f3f-3ff5-a683-84437d16d554.test.out,4691,5023,332,1,test,KPI-ba5f3328-9f3f-3ff5-a683-84437d16d554,
iops,KPI-ba5f3328-9f3f-3ff5-a683-84437d16d554,data/IOPS/KPI-ba5f3328-9f3f-3ff5-a683-84437d16d554.test.out,8499,8502,3,2,test,KPI-ba5f3328-9f3f-3ff5-a683-84437d16d554,
iops,KPI-ba5f3328-9f3f-3ff5-a683-84437d16d554,data/IOPS/KPI-ba5f3328-9f3f-3ff5-a683-84437d16d554.test.out,8594,8597,3,3,test,KPI-ba5f3328-9f3f-3ff5-a683-84437d16d554,
iops,KPI-ba5f3328-9f3f-3ff5-a683-84437d16d554,data/IOPS/KPI-ba5f3328-9f3f-3ff5-a683-84437d16d554.test.out,8632,8664,32,4,test,KPI-ba5f3328-9f3f-3ff5-a683-84437d16d554,
iops,KPI-ba5f3328-9f3f-3ff5-a683-84437d16d554,data/IOPS/KPI-ba5f3328-9f3f-3ff5-a683-84437d16d554.test.out,9745,9748,3,5,test,KPI-ba5f3328-9f3f-3ff5-a683-84437d16d554,
iops,KPI-ba5f3328-9f3f-3ff5-a683-84437d16d554,data/IOPS/KPI-ba5f3328-9f3f-3ff5-a683-84437d16d554.test.out,9880,9913,33,6,test,KPI-ba5f3328-9f3f-3ff5-a683-84437d16d554,
iops,KPI-ba5f3328-9f3f-3ff5-a683-84437d16d554,data/IOPS/KPI-ba5f3328-9f3f-3ff5-a683-84437d16d554.test.out,16150,16541,391,7,test,KPI-ba5f3328-9f3f-3ff5-a683-84437d16d554,
iops,KPI-ba5f3328-9f3f-3ff5-a683-84437d16d554,data/IOPS/KPI-ba5f3328-9f3f-3ff5-a683-84437d16d554.test.out,17176,17179,3,8,test,KPI-ba5f3328-9f3f-3ff5-a683-84437d16d554,
iops,KPI-ba5f3328-9f3f-3ff5-a683-84437d16d554,data/IOPS/KPI-ba5f3328-9f3f-3ff5-a683-84437d16d554.test.out,18252,18255,3,9,test,KPI-ba5f3328-9f3f-3ff5-a683-84437d16d554,
iops,KPI-ba5f3328-9f3f-3ff5-a683-84437d16d554,data/IOPS/KPI-ba5f3328-9f3f-3ff5-a683-84437d16d554.test.out,18559,18594,35,10,test,KPI-ba5f3328-9f3f-3ff5-a683-84437d16d554,
iops,KPI-ba5f3328-9f3f-3ff5-a683-84437d16d554,data/IOPS/KPI-ba5f3328-9f3f-3ff5-a683-84437d16d554.test.out,24788,25229,441,11,test,KPI-ba5f3328-9f3f-3ff5-a683-84437d16d554,
iops,KPI-ba5f3328-9f3f-3ff5-a683-84437d16d554,data/IOPS/KPI-ba5f3328-9f3f-3ff5-a683-84437d16d554.test.out,25575,25578,3,12,test,KPI-ba5f3328-9f3f-3ff5-a683-84437d16d554,
iops,KPI-ba5f3328-9f3f-3ff5-a683-84437d16d554,data/IOPS/KPI-ba5f3328-9f3f-3ff5-a683-84437d16d554.test.out,25723,25754,31,13,test,KPI-ba5f3328-9f3f-3ff5-a683-84437d16d554,
iops,KPI-ba5f3328-9f3f-3ff5-a683-84437d16d554,data/IOPS/KPI-ba5f3328-9f3f-3ff5-a683-84437d16d554.test.out,26846,26849,3,14,test,KPI-ba5f3328-9f3f-3ff5-a683-84437d16d554,
iops,KPI-ba5f3328-9f3f-3ff5-a683-84437d16d554,data/IOPS/KPI-ba5f3328-9f3f-3ff5-a683-84437d16d554.test.out,27806,27818,12,15,test,KPI-ba5f3328-9f3f-3ff5-a683-84437d16d554,
iops,KPI-ba5f3328-9f3f-3ff5-a683-84437d16d554,data/IOPS/KPI-ba5f3328-9f3f-3ff5-a683-84437d16d554.test.out,28603,28606,3,16,test,KPI-ba5f3328-9f3f-3ff5-a683-84437d16d554,
iops,KPI-ba5f3328-9f3f-3ff5-a683-84437d16d554,data/IOPS/KPI-ba5f3328-9f3f-3ff5-a683-84437d16d554.test.out,28946,28948,2,17,test,KPI-ba5f3328-9f3f-3ff5-a683-84437d16d554,
iops,KPI-ba5f3328-9f3f-3ff5-a683-84437d16d554,data/IOPS/KPI-ba5f3328-9f3f-3ff5-a683-84437d16d554.test.out,28956,28958,2,18,test,KPI-ba5f3328-9f3f-3ff5-a683-84437d16d554,
iops,KPI-ba5f3328-9f3f-3ff5-a683-84437d16d554,data/IOPS/KPI-ba5f3328-9f3f-3ff5-a683-84437d16d554.test.out,34417,34421,4,19,test,KPI-ba5f3328-9f3f-3ff5-a683-84437d16d554,
iops,KPI-ba5f3328-9f3f-3ff5-a683-84437d16d554,data/IOPS/KPI-ba5f3328-9f3f-3ff5-a683-84437d16d554.test.out,35553,35556,3,20,test,KPI-ba5f3328-9f3f-3ff5-a683-84437d16d554,
iops,KPI-ba5f3328-9f3f-3ff5-a683-84437d16d554,data/IOPS/KPI-ba5f3328-9f3f-3ff5-a683-84437d16d554.test.out,35773,35804,31,21,test,KPI-ba5f3328-9f3f-3ff5-a683-84437d16d554,
iops,KPI-ba5f3328-9f3f-3ff5-a683-84437d16d554,data/IOPS/KPI-ba5f3328-9f3f-3ff5-a683-84437d16d554.test.out,35854,35857,3,22,test,KPI-ba5f3328-9f3f-3ff5-a683-84437d16d554,
iops,KPI-ba5f3328-9f3f-3ff5-a683-84437d16d554,data/IOPS/KPI-ba5f3328-9f3f-3ff5-a683-84437d16d554.test.out,36297,36738,441,23,test,KPI-ba5f3328-9f3f-3ff5-a683-84437d16d554,
iops,KPI-ba5f3328-9f3f-3ff5-a683-84437d16d554,data/IOPS/KPI-ba5f3328-9f3f-3ff5-a683-84437d16d554.test.out,37269,37273,4,24,test,KPI-ba5f3328-9f3f-3ff5-a683-84437d16d554,
iops,KPI-ba5f3328-9f3f-3ff5-a683-84437d16d554,data/IOPS/KPI-ba5f3328-9f3f-3ff5-a683-84437d16d554.test.out,40239,40242,3,25,test,KPI-ba5f3328-9f3f-3ff5-a683-84437d16d554,
iops,KPI-ba5f3328-9f3f-3ff5-a683-84437d16d554,data/IOPS/KPI-ba5f3328-9f3f-3ff5-a683-84437d16d554.test.out,44623,44638,15,26,test,KPI-ba5f3328-9f3f-3ff5-a683-84437d16d554,
iops,KPI-ba5f3328-9f3f-3ff5-a683-84437d16d554,data/IOPS/KPI-ba5f3328-9f3f-3ff5-a683-84437d16d554.test.out,44679,44698,19,27,test,KPI-ba5f3328-9f3f-3ff5-a683-84437d16d554,
iops,KPI-ba5f3328-9f3f-3ff5-a683-84437d16d554,data/IOPS/KPI-ba5f3328-9f3f-3ff5-a683-84437d16d554.test.out,44743,44746,3,28,test,KPI-ba5f3328-9f3f-3ff5-a683-84437d16d554,
iops,KPI-ba5f3328-9f3f-3ff5-a683-84437d16d554,data/IOPS/KPI-ba5f3328-9f3f-3ff5-a683-84437d16d554.test.out,44936,45079,143,29,test,KPI-ba5f3328-9f3f-3ff5-a683-84437d16d554,
iops,KPI-ba5f3328-9f3f-3ff5-a683-84437d16d554,data/IOPS/KPI-ba5f3328-9f3f-3ff5-a683-84437d16d554.test.out,45689,45693,4,30,test,KPI-ba5f3328-9f3f-3ff5-a683-84437d16d554,
iops,KPI-ba5f3328-9f3f-3ff5-a683-84437d16d554,data/IOPS/KPI-ba5f3328-9f3f-3ff5-a683-84437d16d554.test.out,45842,45845,3,31,test,KPI-ba5f3328-9f3f-3ff5-a683-84437d16d554,
iops,KPI-ba5f3328-9f3f-3ff5-a683-84437d16d554,data/IOPS/KPI-ba5f3328-9f3f-3ff5-a683-84437d16d554.test.out,45871,45904,33,32,test,KPI-ba5f3328-9f3f-3ff5-a683-84437d16d554,
iops,KPI-ba5f3328-9f3f-3ff5-a683-84437d16d554,data/IOPS/KPI-ba5f3328-9f3f-3ff5-a683-84437d16d554.test.out,47369,47372,3,33,test,KPI-ba5f3328-9f3f-3ff5-a683-84437d16d554,
iops,KPI-ba5f3328-9f3f-3ff5-a683-84437d16d554,data/IOPS/KPI-ba5f3328-9f3f-3ff5-a683-84437d16d554.test.out,47602,47608,6,34,test,KPI-ba5f3328-9f3f-3ff5-a683-84437d16d554,
iops,KPI-ba5f3328-9f3f-3ff5-a683-84437d16d554,data/IOPS/KPI-ba5f3328-9f3f-3ff5-a683-84437d16d554.test.out,47672,47678,6,35,test,KPI-ba5f3328-9f3f-3ff5-a683-84437d16d554,
iops,KPI-ba5f3328-9f3f-3ff5-a683-84437d16d554,data/IOPS/KPI-ba5f3328-9f3f-3ff5-a683-84437d16d554.test.out,48827,48830,3,36,test,KPI-ba5f3328-9f3f-3ff5-a683-84437d16d554,
iops,KPI-ba5f3328-9f3f-3ff5-a683-84437d16d554,data/IOPS/KPI-ba5f3328-9f3f-3ff5-a683-84437d16d554.test.out,54084,54096,12,37,test,KPI-ba5f3328-9f3f-3ff5-a683-84437d16d554,
iops,KPI-ba5f3328-9f3f-3ff5-a683-84437d16d554,data/IOPS/KPI-ba5f3328-9f3f-3ff5-a683-84437d16d554.test.out,54142,54149,7,38,test,KPI-ba5f3328-9f3f-3ff5-a683-84437d16d554,
iops,KPI-ba5f3328-9f3f-3ff5-a683-84437d16d554,data/IOPS/KPI-ba5f3328-9f3f-3ff5-a683-84437d16d554.test.out,54178,54232,54,39,test,KPI-ba5f3328-9f3f-3ff5-a683-84437d16d554,
iops,KPI-ba5f3328-9f3f-3ff5-a683-84437d16d554,data/IOPS/KPI-ba5f3328-9f3f-3ff5-a683-84437d16d554.test.out,55016,55435,419,40,test,KPI-ba5f3328-9f3f-3ff5-a683-84437d16d554,
iops,KPI-ba5f3328-9f3f-3ff5-a683-84437d16d554,data/IOPS/KPI-ba5f3328-9f3f-3ff5-a683-84437d16d554.test.out,55906,55909,3,41,test,KPI-ba5f3328-9f3f-3ff5-a683-84437d16d554,
iops,KPI-ba5f3328-9f3f-3ff5-a683-84437d16d554,data/IOPS/KPI-ba5f3328-9f3f-3ff5-a683-84437d16d554.test.out,55997,56033,36,42,test,KPI-ba5f3328-9f3f-3ff5-a683-84437d16d554,
iops,KPI-ba5f3328-9f3f-3ff5-a683-84437d16d554,data/IOPS/KPI-ba5f3328-9f3f-3ff5-a683-84437d16d554.test.out,56170,56173,3,43,test,KPI-ba5f3328-9f3f-3ff5-a683-84437d16d554,
iops,KPI-ba5f3328-9f3f-3ff5-a683-84437d16d554,data/IOPS/KPI-ba5f3328-9f3f-3ff5-a683-84437d16d554.test.out,57270,57273,3,44,test,KPI-ba5f3328-9f3f-3ff5-a683-84437d16d554,
iops,KPI-ba5f3328-9f3f-3ff5-a683-84437d16d554,data/IOPS/KPI-ba5f3328-9f3f-3ff5-a683-84437d16d554.test.out,58695,58698,3,45,test,KPI-ba5f3328-9f3f-3ff5-a683-84437d16d554,
iops,KPI-ba5f3328-9f3f-3ff5-a683-84437d16d554,data/IOPS/KPI-ba5f3328-9f3f-3ff5-a683-84437d16d554.test.out,64645,64656,11,46,test,KPI-ba5f3328-9f3f-3ff5-a683-84437d16d554,
iops,KPI-ba5f3328-9f3f-3ff5-a683-84437d16d554,data/IOPS/KPI-ba5f3328-9f3f-3ff5-a683-84437d16d554.test.out,65094,65482,388,47,test,KPI-ba5f3328-9f3f-3ff5-a683-84437d16d554,
iops,KPI-ba5f3328-9f3f-3ff5-a683-84437d16d554,data/IOPS/KPI-ba5f3328-9f3f-3ff5-a683-84437d16d554.test.out,65890,65893,3,48,test,KPI-ba5f3328-9f3f-3ff5-a683-84437d16d554,
iops,KPI-ba5f3328-9f3f-3ff5-a683-84437d16d554,data/IOPS/KPI-ba5f3328-9f3f-3ff5-a683-84437d16d554.test.out,68833,68836,3,49,test,KPI-ba5f3328-9f3f-3ff5-a683-84437d16d554,
iops,KPI-ba5f3328-9f3f-3ff5-a683-84437d16d554,data/IOPS/KPI-ba5f3328-9f3f-3ff5-a683-84437d16d554.test.out,74730,74733,3,50,test,KPI-ba5f3328-9f3f-3ff5-a683-84437d16d554,
iops,KPI-ba5f3328-9f3f-3ff5-a683-84437d16d554,data/IOPS/KPI-ba5f3328-9f3f-3ff5-a683-84437d16d554.test.out,75996,76000,4,51,test,KPI-ba5f3328-9f3f-3ff5-a683-84437d16d554,
iops,KPI-ba5f3328-9f3f-3ff5-a683-84437d16d554,data/IOPS/KPI-ba5f3328-9f3f-3ff5-a683-84437d16d554.test.out,76202,76205,3,52,test,KPI-ba5f3328-9f3f-3ff5-a683-84437d16d554,
iops,KPI-ba5f3328-9f3f-3ff5-a683-84437d16d554,data/IOPS/KPI-ba5f3328-9f3f-3ff5-a683-84437d16d554.test.out,76232,76263,31,53,test,KPI-ba5f3328-9f3f-3ff5-a683-84437d16d554,
iops,KPI-ba5f3328-9f3f-3ff5-a683-84437d16d554,data/IOPS/KPI-ba5f3328-9f3f-3ff5-a683-84437d16d554.test.out,79027,79030,3,54,test,KPI-ba5f3328-9f3f-3ff5-a683-84437d16d554,
iops,KPI-ba5f3328-9f3f-3ff5-a683-84437d16d554,data/IOPS/KPI-ba5f3328-9f3f-3ff5-a683-84437d16d554.test.out,81326,81335,9,55,test,KPI-ba5f3328-9f3f-3ff5-a683-84437d16d554,
iops,KPI-ba5f3328-9f3f-3ff5-a683-84437d16d554,data/IOPS/KPI-ba5f3328-9f3f-3ff5-a683-84437d16d554.test.out,85916,85919,3,56,test,KPI-ba5f3328-9f3f-3ff5-a683-84437d16d554,
iops,KPI-ba5f3328-9f3f-3ff5-a683-84437d16d554,data/IOPS/KPI-ba5f3328-9f3f-3ff5-a683-84437d16d554.test.out,85926,85957,31,57,test,KPI-ba5f3328-9f3f-3ff5-a683-84437d16d554,
iops,KPI-ba5f3328-9f3f-3ff5-a683-84437d16d554,data/IOPS/KPI-ba5f3328-9f3f-3ff5-a683-84437d16d554.test.out,86215,86218,3,58,test,KPI-ba5f3328-9f3f-3ff5-a683-84437d16d554,
iops,KPI-ba5f3328-9f3f-3ff5-a683-84437d16d554,data/IOPS/KPI-ba5f3328-9f3f-3ff5-a683-84437d16d554.test.out,87607,87610,3,59,test,KPI-ba5f3328-9f3f-3ff5-a683-84437d16d554,
iops,KPI-ba5f3328-9f3f-3ff5-a683-84437d16d554,data/IOPS/KPI-ba5f3328-9f3f-3ff5-a683-84437d16d554.test.out,88111,88513,402,60,test,KPI-ba5f3328-9f3f-3ff5-a683-84437d16d554,
iops,KPI-ba5f3328-9f3f-3ff5-a683-84437d16d554,data/IOPS/KPI-ba5f3328-9f3f-3ff5-a683-84437d16d554.test.out,90502,90505,3,61,test,KPI-ba5f3328-9f3f-3ff5-a683-84437d16d554,
iops,KPI-ba5f3328-9f3f-3ff5-a683-84437d16d554,data/IOPS/KPI-ba5f3328-9f3f-3ff5-a683-84437d16d554.test.out,94037,94040,3,62,test,KPI-ba5f3328-9f3f-3ff5-a683-84437d16d554,
iops,KPI-ba5f3328-9f3f-3ff5-a683-84437d16d554,data/IOPS/KPI-ba5f3328-9f3f-3ff5-a683-84437d16d554.test.out,94783,94786,3,63,test,KPI-ba5f3328-9f3f-3ff5-a683-84437d16d554,
iops,KPI-ba5f3328-9f3f-3ff5-a683-84437d16d554,data/IOPS/KPI-ba5f3328-9f3f-3ff5-a683-84437d16d554.test.out,95310,95713,403,64,test,KPI-ba5f3328-9f3f-3ff5-a683-84437d16d554,
iops,KPI-ba5f3328-9f3f-3ff5-a683-84437d16d554,data/IOPS/KPI-ba5f3328-9f3f-3ff5-a683-84437d16d554.test.out,95977,95980,3,65,test,KPI-ba5f3328-9f3f-3ff5-a683-84437d16d554,
iops,KPI-ba5f3328-9f3f-3ff5-a683-84437d16d554,data/IOPS/KPI-ba5f3328-9f3f-3ff5-a683-84437d16d554.test.out,96182,96212,30,66,test,KPI-ba5f3328-9f3f-3ff5-a683-84437d16d554,
iops,KPI-ba5f3328-9f3f-3ff5-a683-84437d16d554,data/IOPS/KPI-ba5f3328-9f3f-3ff5-a683-84437d16d554.test.out,96346,96349,3,67,test,KPI-ba5f3328-9f3f-3ff5-a683-84437d16d554,
iops,KPI-ba5f3328-9f3f-3ff5-a683-84437d16d554,data/IOPS/KPI-ba5f3328-9f3f-3ff5-a683-84437d16d554.test.out,99142,99145,3,68,test,KPI-ba5f3328-9f3f-3ff5-a683-84437d16d554,
iops,KPI-ba5f3328-9f3f-3ff5-a683-84437d16d554,data/IOPS/KPI-ba5f3328-9f3f-3ff5-a683-84437d16d554.test.out,99369,99372,3,69,test,KPI-ba5f3328-9f3f-3ff5-a683-84437d16d554,
iops,KPI-ba5f3328-9f3f-3ff5-a683-84437d16d554,data/IOPS/KPI-ba5f3328-9f3f-3ff5-a683-84437d16d554.test.out,100440,100443,3,70,test,KPI-ba5f3328-9f3f-3ff5-a683-84437d16d554,
iops,KPI-ba5f3328-9f3f-3ff5-a683-84437d16d554,data/IOPS/KPI-ba5f3328-9f3f-3ff5-a683-84437d16d554.test.out,105072,105075,3,71,test,KPI-ba5f3328-9f3f-3ff5-a683-84437d16d554,
iops,KPI-ba5f3328-9f3f-3ff5-a683-84437d16d554,data/IOPS/KPI-ba5f3328-9f3f-3ff5-a683-84437d16d554.test.out,105386,105764,378,72,test,KPI-ba5f3328-9f3f-3ff5-a683-84437d16d554,
iops,KPI-ba5f3328-9f3f-3ff5-a683-84437d16d554,data/IOPS/KPI-ba5f3328-9f3f-3ff5-a683-84437d16d554.test.out,106180,106183,3,73,test,KPI-ba5f3328-9f3f-3ff5-a683-84437d16d554,
iops,KPI-ba5f3328-9f3f-3ff5-a683-84437d16d554,data/IOPS/KPI-ba5f3328-9f3f-3ff5-a683-84437d16d554.test.out,111117,111558,441,74,test,KPI-ba5f3328-9f3f-3ff5-a683-84437d16d554,
iops,KPI-ba5f3328-9f3f-3ff5-a683-84437d16d554,data/IOPS/KPI-ba5f3328-9f3f-3ff5-a683-84437d16d554.test.out,126316,126319,3,75,test,KPI-ba5f3328-9f3f-3ff5-a683-84437d16d554,
iops,KPI-ba5f3328-9f3f-3ff5-a683-84437d16d554,data/IOPS/KPI-ba5f3328-9f3f-3ff5-a683-84437d16d554.test.out,126953,127391,438,76,test,KPI-ba5f3328-9f3f-3ff5-a683-84437d16d554,
iops,KPI-ba5f3328-9f3f-3ff5-a683-84437d16d554,data/IOPS/KPI-ba5f3328-9f3f-3ff5-a683-84437d16d554.test.out,129265,129268,3,77,test,KPI-ba5f3328-9f3f-3ff5-a683-84437d16d554,
iops,KPI-ba5f3328-9f3f-3ff5-a683-84437d16d554,data/IOPS/KPI-ba5f3328-9f3f-3ff5-a683-84437d16d554.test.out,130746,130749,3,78,test,KPI-ba5f3328-9f3f-3ff5-a683-84437d16d554,
iops,KPI-ba5f3328-9f3f-3ff5-a683-84437d16d554,data/IOPS/KPI-ba5f3328-9f3f-3ff5-a683-84437d16d554.test.out,135014,135155,141,79,test,KPI-ba5f3328-9f3f-3ff5-a683-84437d16d554,
iops,KPI-ba5f3328-9f3f-3ff5-a683-84437d16d554,data/IOPS/KPI-ba5f3328-9f3f-3ff5-a683-84437d16d554.test.out,135992,136042,50,80,test,KPI-ba5f3328-9f3f-3ff5-a683-84437d16d554,
iops,KPI-ba5f3328-9f3f-3ff5-a683-84437d16d554,data/IOPS/KPI-ba5f3328-9f3f-3ff5-a683-84437d16d554.test.out,138099,138102,3,81,test,KPI-ba5f3328-9f3f-3ff5-a683-84437d16d554,
iops,KPI-ba5f3328-9f3f-3ff5-a683-84437d16d554,data/IOPS/KPI-ba5f3328-9f3f-3ff5-a683-84437d16d554.test.out,141351,141794,443,82,test,KPI-ba5f3328-9f3f-3ff5-a683-84437d16d554,
iops,KPI-ba5f3328-9f3f-3ff5-a683-84437d16d554,data/IOPS/KPI-ba5f3328-9f3f-3ff5-a683-84437d16d554.test.out,145671,146113,442,83,test,KPI-ba5f3328-9f3f-3ff5-a683-84437d16d554,
iops,KPI-ba5f3328-9f3f-3ff5-a683-84437d16d554,data/IOPS/KPI-ba5f3328-9f3f-3ff5-a683-84437d16d554.test.out,146507,146528,21,84,test,KPI-ba5f3328-9f3f-3ff5-a683-84437d16d554,
iops,KPI-ba5f3328-9f3f-3ff5-a683-84437d16d554,data/IOPS/KPI-ba5f3328-9f3f-3ff5-a683-84437d16d554.test.out,147925,147929,4,85,test,KPI-ba5f3328-9f3f-3ff5-a683-84437d16d554,
iops,KPI-ba5f3328-9f3f-3ff5-a683-84437d16d554,data/IOPS/KPI-ba5f3328-9f3f-3ff5-a683-84437d16d554.test.out,148551,148993,442,86,test,KPI-ba5f3328-9f3f-3ff5-a683-84437d16d554,
iops,KPI-c02607e8-7399-3dde-9d28-8a8da5e5d251,data/IOPS/KPI-c02607e8-7399-3dde-9d28-8a8da5e5d251.test.out,1596,1644,48,1,test,KPI-c02607e8-7399-3dde-9d28-8a8da5e5d251,
iops,KPI-c02607e8-7399-3dde-9d28-8a8da5e5d251,data/IOPS/KPI-c02607e8-7399-3dde-9d28-8a8da5e5d251.test.out,1778,1781,3,2,test,KPI-c02607e8-7399-3dde-9d28-8a8da5e5d251,
iops,KPI-c02607e8-7399-3dde-9d28-8a8da5e5d251,data/IOPS/KPI-c02607e8-7399-3dde-9d28-8a8da5e5d251.test.out,5587,5590,3,3,test,KPI-c02607e8-7399-3dde-9d28-8a8da5e5d251,
iops,KPI-c02607e8-7399-3dde-9d28-8a8da5e5d251,data/IOPS/KPI-c02607e8-7399-3dde-9d28-8a8da5e5d251.test.out,6768,6772,4,4,test,KPI-c02607e8-7399-3dde-9d28-8a8da5e5d251,
iops,KPI-c02607e8-7399-3dde-9d28-8a8da5e5d251,data/IOPS/KPI-c02607e8-7399-3dde-9d28-8a8da5e5d251.test.out,7019,7022,3,5,test,KPI-c02607e8-7399-3dde-9d28-8a8da5e5d251,
iops,KPI-c69a50cf-ee03-3bd7-831e-407d36c7ee91,data/IOPS/KPI-c69a50cf-ee03-3bd7-831e-407d36c7ee91.test.out,1771,1774,3,1,test,KPI-c69a50cf-ee03-3bd7-831e-407d36c7ee91,
iops,KPI-c69a50cf-ee03-3bd7-831e-407d36c7ee91,data/IOPS/KPI-c69a50cf-ee03-3bd7-831e-407d36c7ee91.test.out,3543,3551,8,2,test,KPI-c69a50cf-ee03-3bd7-831e-407d36c7ee91,
iops,KPI-c69a50cf-ee03-3bd7-831e-407d36c7ee91,data/IOPS/KPI-c69a50cf-ee03-3bd7-831e-407d36c7ee91.test.out,3674,3695,21,3,test,KPI-c69a50cf-ee03-3bd7-831e-407d36c7ee91,
iops,KPI-c69a50cf-ee03-3bd7-831e-407d36c7ee91,data/IOPS/KPI-c69a50cf-ee03-3bd7-831e-407d36c7ee91.test.out,7084,7087,3,4,test,KPI-c69a50cf-ee03-3bd7-831e-407d36c7ee91,
iops,KPI-c69a50cf-ee03-3bd7-831e-407d36c7ee91,data/IOPS/KPI-c69a50cf-ee03-3bd7-831e-407d36c7ee91.test.out,12579,12582,3,5,test,KPI-c69a50cf-ee03-3bd7-831e-407d36c7ee91,
iops,KPI-c69a50cf-ee03-3bd7-831e-407d36c7ee91,data/IOPS/KPI-c69a50cf-ee03-3bd7-831e-407d36c7ee91.test.out,13536,13555,19,6,test,KPI-c69a50cf-ee03-3bd7-831e-407d36c7ee91,
iops,KPI-c69a50cf-ee03-3bd7-831e-407d36c7ee91,data/IOPS/KPI-c69a50cf-ee03-3bd7-831e-407d36c7ee91.test.out,13641,13663,22,7,test,KPI-c69a50cf-ee03-3bd7-831e-407d36c7ee91,
iops,KPI-c69a50cf-ee03-3bd7-831e-407d36c7ee91,data/IOPS/KPI-c69a50cf-ee03-3bd7-831e-407d36c7ee91.test.out,17587,17591,4,8,test,KPI-c69a50cf-ee03-3bd7-831e-407d36c7ee91,
iops,KPI-c69a50cf-ee03-3bd7-831e-407d36c7ee91,data/IOPS/KPI-c69a50cf-ee03-3bd7-831e-407d36c7ee91.test.out,22896,22900,4,9,test,KPI-c69a50cf-ee03-3bd7-831e-407d36c7ee91,
iops,KPI-c69a50cf-ee03-3bd7-831e-407d36c7ee91,data/IOPS/KPI-c69a50cf-ee03-3bd7-831e-407d36c7ee91.test.out,23594,23615,21,10,test,KPI-c69a50cf-ee03-3bd7-831e-407d36c7ee91,
iops,KPI-c69a50cf-ee03-3bd7-831e-407d36c7ee91,data/IOPS/KPI-c69a50cf-ee03-3bd7-831e-407d36c7ee91.test.out,23723,23743,20,11,test,KPI-c69a50cf-ee03-3bd7-831e-407d36c7ee91,
iops,KPI-c69a50cf-ee03-3bd7-831e-407d36c7ee91,data/IOPS/KPI-c69a50cf-ee03-3bd7-831e-407d36c7ee91.test.out,27120,27124,4,12,test,KPI-c69a50cf-ee03-3bd7-831e-407d36c7ee91,
iops,KPI-c69a50cf-ee03-3bd7-831e-407d36c7ee91,data/IOPS/KPI-c69a50cf-ee03-3bd7-831e-407d36c7ee91.test.out,28306,28309,3,13,test,KPI-c69a50cf-ee03-3bd7-831e-407d36c7ee91,
iops,KPI-c69a50cf-ee03-3bd7-831e-407d36c7ee91,data/IOPS/KPI-c69a50cf-ee03-3bd7-831e-407d36c7ee91.test.out,33676,33690,14,14,test,KPI-c69a50cf-ee03-3bd7-831e-407d36c7ee91,
iops,KPI-c69a50cf-ee03-3bd7-831e-407d36c7ee91,data/IOPS/KPI-c69a50cf-ee03-3bd7-831e-407d36c7ee91.test.out,33762,33783,21,15,test,KPI-c69a50cf-ee03-3bd7-831e-407d36c7ee91,
iops,KPI-c69a50cf-ee03-3bd7-831e-407d36c7ee91,data/IOPS/KPI-c69a50cf-ee03-3bd7-831e-407d36c7ee91.test.out,35704,35707,3,16,test,KPI-c69a50cf-ee03-3bd7-831e-407d36c7ee91,
iops,KPI-c69a50cf-ee03-3bd7-831e-407d36c7ee91,data/IOPS/KPI-c69a50cf-ee03-3bd7-831e-407d36c7ee91.test.out,40064,40078,14,17,test,KPI-c69a50cf-ee03-3bd7-831e-407d36c7ee91,
iops,KPI-c69a50cf-ee03-3bd7-831e-407d36c7ee91,data/IOPS/KPI-c69a50cf-ee03-3bd7-831e-407d36c7ee91.test.out,43626,43632,6,18,test,KPI-c69a50cf-ee03-3bd7-831e-407d36c7ee91,
iops,KPI-c69a50cf-ee03-3bd7-831e-407d36c7ee91,data/IOPS/KPI-c69a50cf-ee03-3bd7-831e-407d36c7ee91.test.out,43766,43779,13,19,test,KPI-c69a50cf-ee03-3bd7-831e-407d36c7ee91,
iops,KPI-c69a50cf-ee03-3bd7-831e-407d36c7ee91,data/IOPS/KPI-c69a50cf-ee03-3bd7-831e-407d36c7ee91.test.out,43896,43918,22,20,test,KPI-c69a50cf-ee03-3bd7-831e-407d36c7ee91,
iops,KPI-c69a50cf-ee03-3bd7-831e-407d36c7ee91,data/IOPS/KPI-c69a50cf-ee03-3bd7-831e-407d36c7ee91.test.out,51717,51722,5,21,test,KPI-c69a50cf-ee03-3bd7-831e-407d36c7ee91,
iops,KPI-c69a50cf-ee03-3bd7-831e-407d36c7ee91,data/IOPS/KPI-c69a50cf-ee03-3bd7-831e-407d36c7ee91.test.out,53860,53884,24,22,test,KPI-c69a50cf-ee03-3bd7-831e-407d36c7ee91,
iops,KPI-c69a50cf-ee03-3bd7-831e-407d36c7ee91,data/IOPS/KPI-c69a50cf-ee03-3bd7-831e-407d36c7ee91.test.out,53974,53995,21,23,test,KPI-c69a50cf-ee03-3bd7-831e-407d36c7ee91,
iops,KPI-c69a50cf-ee03-3bd7-831e-407d36c7ee91,data/IOPS/KPI-c69a50cf-ee03-3bd7-831e-407d36c7ee91.test.out,59893,59900,7,24,test,KPI-c69a50cf-ee03-3bd7-831e-407d36c7ee91,
iops,KPI-c69a50cf-ee03-3bd7-831e-407d36c7ee91,data/IOPS/KPI-c69a50cf-ee03-3bd7-831e-407d36c7ee91.test.out,62197,62200,3,25,test,KPI-c69a50cf-ee03-3bd7-831e-407d36c7ee91,
iops,KPI-c69a50cf-ee03-3bd7-831e-407d36c7ee91,data/IOPS/KPI-c69a50cf-ee03-3bd7-831e-407d36c7ee91.test.out,63938,63946,8,26,test,KPI-c69a50cf-ee03-3bd7-831e-407d36c7ee91,
iops,KPI-c69a50cf-ee03-3bd7-831e-407d36c7ee91,data/IOPS/KPI-c69a50cf-ee03-3bd7-831e-407d36c7ee91.test.out,64071,64095,24,27,test,KPI-c69a50cf-ee03-3bd7-831e-407d36c7ee91,
iops,KPI-c69a50cf-ee03-3bd7-831e-407d36c7ee91,data/IOPS/KPI-c69a50cf-ee03-3bd7-831e-407d36c7ee91.test.out,67878,67881,3,28,test,KPI-c69a50cf-ee03-3bd7-831e-407d36c7ee91,
iops,KPI-c69a50cf-ee03-3bd7-831e-407d36c7ee91,data/IOPS/KPI-c69a50cf-ee03-3bd7-831e-407d36c7ee91.test.out,74061,74072,11,29,test,KPI-c69a50cf-ee03-3bd7-831e-407d36c7ee91,
iops,KPI-c69a50cf-ee03-3bd7-831e-407d36c7ee91,data/IOPS/KPI-c69a50cf-ee03-3bd7-831e-407d36c7ee91.test.out,74193,74213,20,30,test,KPI-c69a50cf-ee03-3bd7-831e-407d36c7ee91,
iops,KPI-c69a50cf-ee03-3bd7-831e-407d36c7ee91,data/IOPS/KPI-c69a50cf-ee03-3bd7-831e-407d36c7ee91.test.out,76531,76535,4,31,test,KPI-c69a50cf-ee03-3bd7-831e-407d36c7ee91,
iops,KPI-c69a50cf-ee03-3bd7-831e-407d36c7ee91,data/IOPS/KPI-c69a50cf-ee03-3bd7-831e-407d36c7ee91.test.out,80880,80883,3,32,test,KPI-c69a50cf-ee03-3bd7-831e-407d36c7ee91,
iops,KPI-c69a50cf-ee03-3bd7-831e-407d36c7ee91,data/IOPS/KPI-c69a50cf-ee03-3bd7-831e-407d36c7ee91.test.out,84070,84081,11,33,test,KPI-c69a50cf-ee03-3bd7-831e-407d36c7ee91,
iops,KPI-c69a50cf-ee03-3bd7-831e-407d36c7ee91,data/IOPS/KPI-c69a50cf-ee03-3bd7-831e-407d36c7ee91.test.out,84200,84220,20,34,test,KPI-c69a50cf-ee03-3bd7-831e-407d36c7ee91,
iops,KPI-c69a50cf-ee03-3bd7-831e-407d36c7ee91,data/IOPS/KPI-c69a50cf-ee03-3bd7-831e-407d36c7ee91.test.out,84236,84239,3,35,test,KPI-c69a50cf-ee03-3bd7-831e-407d36c7ee91,
iops,KPI-c69a50cf-ee03-3bd7-831e-407d36c7ee91,data/IOPS/KPI-c69a50cf-ee03-3bd7-831e-407d36c7ee91.test.out,91569,91586,17,36,test,KPI-c69a50cf-ee03-3bd7-831e-407d36c7ee91,
iops,KPI-c69a50cf-ee03-3bd7-831e-407d36c7ee91,data/IOPS/KPI-c69a50cf-ee03-3bd7-831e-407d36c7ee91.test.out,92359,92362,3,37,test,KPI-c69a50cf-ee03-3bd7-831e-407d36c7ee91,
iops,KPI-c69a50cf-ee03-3bd7-831e-407d36c7ee91,data/IOPS/KPI-c69a50cf-ee03-3bd7-831e-407d36c7ee91.test.out,93463,93482,19,38,test,KPI-c69a50cf-ee03-3bd7-831e-407d36c7ee91,
iops,KPI-c69a50cf-ee03-3bd7-831e-407d36c7ee91,data/IOPS/KPI-c69a50cf-ee03-3bd7-831e-407d36c7ee91.test.out,94172,94215,43,39,test,KPI-c69a50cf-ee03-3bd7-831e-407d36c7ee91,
iops,KPI-c69a50cf-ee03-3bd7-831e-407d36c7ee91,data/IOPS/KPI-c69a50cf-ee03-3bd7-831e-407d36c7ee91.test.out,94337,94357,20,40,test,KPI-c69a50cf-ee03-3bd7-831e-407d36c7ee91,
iops,KPI-c69a50cf-ee03-3bd7-831e-407d36c7ee91,data/IOPS/KPI-c69a50cf-ee03-3bd7-831e-407d36c7ee91.test.out,94427,94444,17,41,test,KPI-c69a50cf-ee03-3bd7-831e-407d36c7ee91,
iops,KPI-c69a50cf-ee03-3bd7-831e-407d36c7ee91,data/IOPS/KPI-c69a50cf-ee03-3bd7-831e-407d36c7ee91.test.out,100667,100670,3,42,test,KPI-c69a50cf-ee03-3bd7-831e-407d36c7ee91,
iops,KPI-c69a50cf-ee03-3bd7-831e-407d36c7ee91,data/IOPS/KPI-c69a50cf-ee03-3bd7-831e-407d36c7ee91.test.out,104294,104305,11,43,test,KPI-c69a50cf-ee03-3bd7-831e-407d36c7ee91,
iops,KPI-c69a50cf-ee03-3bd7-831e-407d36c7ee91,data/IOPS/KPI-c69a50cf-ee03-3bd7-831e-407d36c7ee91.test.out,104409,104429,20,44,test,KPI-c69a50cf-ee03-3bd7-831e-407d36c7ee91,
iops,KPI-c69a50cf-ee03-3bd7-831e-407d36c7ee91,data/IOPS/KPI-c69a50cf-ee03-3bd7-831e-407d36c7ee91.test.out,108984,108987,3,45,test,KPI-c69a50cf-ee03-3bd7-831e-407d36c7ee91,
iops,KPI-c69a50cf-ee03-3bd7-831e-407d36c7ee91,data/IOPS/KPI-c69a50cf-ee03-3bd7-831e-407d36c7ee91.test.out,117087,117091,4,46,test,KPI-c69a50cf-ee03-3bd7-831e-407d36c7ee91,
iops,KPI-c69a50cf-ee03-3bd7-831e-407d36c7ee91,data/IOPS/KPI-c69a50cf-ee03-3bd7-831e-407d36c7ee91.test.out,125163,125166,3,47,test,KPI-c69a50cf-ee03-3bd7-831e-407d36c7ee91,
iops,KPI-c69a50cf-ee03-3bd7-831e-407d36c7ee91,data/IOPS/KPI-c69a50cf-ee03-3bd7-831e-407d36c7ee91.test.out,126671,126674,3,48,test,KPI-c69a50cf-ee03-3bd7-831e-407d36c7ee91,
iops,KPI-c69a50cf-ee03-3bd7-831e-407d36c7ee91,data/IOPS/KPI-c69a50cf-ee03-3bd7-831e-407d36c7ee91.test.out,126697,126700,3,49,test,KPI-c69a50cf-ee03-3bd7-831e-407d36c7ee91,
iops,KPI-c69a50cf-ee03-3bd7-831e-407d36c7ee91,data/IOPS/KPI-c69a50cf-ee03-3bd7-831e-407d36c7ee91.test.out,126714,126717,3,50,test,KPI-c69a50cf-ee03-3bd7-831e-407d36c7ee91,
iops,KPI-c69a50cf-ee03-3bd7-831e-407d36c7ee91,data/IOPS/KPI-c69a50cf-ee03-3bd7-831e-407d36c7ee91.test.out,130945,130963,18,51,test,KPI-c69a50cf-ee03-3bd7-831e-407d36c7ee91,
iops,KPI-c69a50cf-ee03-3bd7-831e-407d36c7ee91,data/IOPS/KPI-c69a50cf-ee03-3bd7-831e-407d36c7ee91.test.out,133264,133268,4,52,test,KPI-c69a50cf-ee03-3bd7-831e-407d36c7ee91,
iops,KPI-c69a50cf-ee03-3bd7-831e-407d36c7ee91,data/IOPS/KPI-c69a50cf-ee03-3bd7-831e-407d36c7ee91.test.out,134507,134518,11,53,test,KPI-c69a50cf-ee03-3bd7-831e-407d36c7ee91,
iops,KPI-c69a50cf-ee03-3bd7-831e-407d36c7ee91,data/IOPS/KPI-c69a50cf-ee03-3bd7-831e-407d36c7ee91.test.out,134673,134693,20,54,test,KPI-c69a50cf-ee03-3bd7-831e-407d36c7ee91,
iops,KPI-c69a50cf-ee03-3bd7-831e-407d36c7ee91,data/IOPS/KPI-c69a50cf-ee03-3bd7-831e-407d36c7ee91.test.out,134765,134804,39,55,test,KPI-c69a50cf-ee03-3bd7-831e-407d36c7ee91,
iops,KPI-c69a50cf-ee03-3bd7-831e-407d36c7ee91,data/IOPS/KPI-c69a50cf-ee03-3bd7-831e-407d36c7ee91.test.out,139936,139941,5,56,test,KPI-c69a50cf-ee03-3bd7-831e-407d36c7ee91,
iops,KPI-c69a50cf-ee03-3bd7-831e-407d36c7ee91,data/IOPS/KPI-c69a50cf-ee03-3bd7-831e-407d36c7ee91.test.out,144562,144574,12,57,test,KPI-c69a50cf-ee03-3bd7-831e-407d36c7ee91,
iops,KPI-c69a50cf-ee03-3bd7-831e-407d36c7ee91,data/IOPS/KPI-c69a50cf-ee03-3bd7-831e-407d36c7ee91.test.out,144696,144718,22,58,test,KPI-c69a50cf-ee03-3bd7-831e-407d36c7ee91,
iops,KPI-c69a50cf-ee03-3bd7-831e-407d36c7ee91,data/IOPS/KPI-c69a50cf-ee03-3bd7-831e-407d36c7ee91.test.out,147842,147846,4,59,test,KPI-c69a50cf-ee03-3bd7-831e-407d36c7ee91,
iops,KPI-da10a69f-d836-3baa-ad40-3e548ecf1fbd,data/IOPS/KPI-da10a69f-d836-3baa-ad40-3e548ecf1fbd.test.out,645,649,4,1,test,KPI-da10a69f-d836-3baa-ad40-3e548ecf1fbd,
iops,KPI-da10a69f-d836-3baa-ad40-3e548ecf1fbd,data/IOPS/KPI-da10a69f-d836-3baa-ad40-3e548ecf1fbd.test.out,819,824,5,2,test,KPI-da10a69f-d836-3baa-ad40-3e548ecf1fbd,
iops,KPI-da10a69f-d836-3baa-ad40-3e548ecf1fbd,data/IOPS/KPI-da10a69f-d836-3baa-ad40-3e548ecf1fbd.test.out,1239,1244,5,3,test,KPI-da10a69f-d836-3baa-ad40-3e548ecf1fbd,
iops,KPI-da10a69f-d836-3baa-ad40-3e548ecf1fbd,data/IOPS/KPI-da10a69f-d836-3baa-ad40-3e548ecf1fbd.test.out,1298,1302,4,4,test,KPI-da10a69f-d836-3baa-ad40-3e548ecf1fbd,
iops,KPI-da10a69f-d836-3baa-ad40-3e548ecf1fbd,data/IOPS/KPI-da10a69f-d836-3baa-ad40-3e548ecf1fbd.test.out,1968,1973,5,5,test,KPI-da10a69f-d836-3baa-ad40-3e548ecf1fbd,
iops,KPI-da10a69f-d836-3baa-ad40-3e548ecf1fbd,data/IOPS/KPI-da10a69f-d836-3baa-ad40-3e548ecf1fbd.test.out,2590,2602,12,6,test,KPI-da10a69f-d836-3baa-ad40-3e548ecf1fbd,
iops,KPI-da10a69f-d836-3baa-ad40-3e548ecf1fbd,data/IOPS/KPI-da10a69f-d836-3baa-ad40-3e548ecf1fbd.test.out,2620,2625,5,7,test,KPI-da10a69f-d836-3baa-ad40-3e548ecf1fbd,
iops,KPI-da10a69f-d836-3baa-ad40-3e548ecf1fbd,data/IOPS/KPI-da10a69f-d836-3baa-ad40-3e548ecf1fbd.test.out,3352,3356,4,8,test,KPI-da10a69f-d836-3baa-ad40-3e548ecf1fbd,
iops,KPI-da10a69f-d836-3baa-ad40-3e548ecf1fbd,data/IOPS/KPI-da10a69f-d836-3baa-ad40-3e548ecf1fbd.test.out,3417,3435,18,9,test,KPI-da10a69f-d836-3baa-ad40-3e548ecf1fbd,
iops,KPI-da10a69f-d836-3baa-ad40-3e548ecf1fbd,data/IOPS/KPI-da10a69f-d836-3baa-ad40-3e548ecf1fbd.test.out,4142,4146,4,10,test,KPI-da10a69f-d836-3baa-ad40-3e548ecf1fbd,
iops,KPI-da10a69f-d836-3baa-ad40-3e548ecf1fbd,data/IOPS/KPI-da10a69f-d836-3baa-ad40-3e548ecf1fbd.test.out,4791,4795,4,11,test,KPI-da10a69f-d836-3baa-ad40-3e548ecf1fbd,
iops,KPI-da10a69f-d836-3baa-ad40-3e548ecf1fbd,data/IOPS/KPI-da10a69f-d836-3baa-ad40-3e548ecf1fbd.test.out,5579,5583,4,12,test,KPI-da10a69f-d836-3baa-ad40-3e548ecf1fbd,
iops,KPI-da10a69f-d836-3baa-ad40-3e548ecf1fbd,data/IOPS/KPI-da10a69f-d836-3baa-ad40-3e548ecf1fbd.test.out,7888,7922,34,13,test,KPI-da10a69f-d836-3baa-ad40-3e548ecf1fbd,
iops,KPI-da10a69f-d836-3baa-ad40-3e548ecf1fbd,data/IOPS/KPI-da10a69f-d836-3baa-ad40-3e548ecf1fbd.test.out,9134,9139,5,14,test,KPI-da10a69f-d836-3baa-ad40-3e548ecf1fbd,
iops,KPI-da10a69f-d836-3baa-ad40-3e548ecf1fbd,data/IOPS/KPI-da10a69f-d836-3baa-ad40-3e548ecf1fbd.test.out,9679,9683,4,15,test,KPI-da10a69f-d836-3baa-ad40-3e548ecf1fbd,
iops,KPI-da10a69f-d836-3baa-ad40-3e548ecf1fbd,data/IOPS/KPI-da10a69f-d836-3baa-ad40-3e548ecf1fbd.test.out,9689,9700,11,16,test,KPI-da10a69f-d836-3baa-ad40-3e548ecf1fbd,
iops,KPI-da10a69f-d836-3baa-ad40-3e548ecf1fbd,data/IOPS/KPI-da10a69f-d836-3baa-ad40-3e548ecf1fbd.test.out,9744,9756,12,17,test,KPI-da10a69f-d836-3baa-ad40-3e548ecf1fbd,
iops,KPI-da10a69f-d836-3baa-ad40-3e548ecf1fbd,data/IOPS/KPI-da10a69f-d836-3baa-ad40-3e548ecf1fbd.test.out,10820,10823,3,18,test,KPI-da10a69f-d836-3baa-ad40-3e548ecf1fbd,
iops,KPI-da10a69f-d836-3baa-ad40-3e548ecf1fbd,data/IOPS/KPI-da10a69f-d836-3baa-ad40-3e548ecf1fbd.test.out,11171,11174,3,19,test,KPI-da10a69f-d836-3baa-ad40-3e548ecf1fbd,
iops,KPI-da10a69f-d836-3baa-ad40-3e548ecf1fbd,data/IOPS/KPI-da10a69f-d836-3baa-ad40-3e548ecf1fbd.test.out,11225,11237,12,20,test,KPI-da10a69f-d836-3baa-ad40-3e548ecf1fbd,
iops,KPI-da10a69f-d836-3baa-ad40-3e548ecf1fbd,data/IOPS/KPI-da10a69f-d836-3baa-ad40-3e548ecf1fbd.test.out,11265,11273,8,21,test,KPI-da10a69f-d836-3baa-ad40-3e548ecf1fbd,
iops,KPI-da10a69f-d836-3baa-ad40-3e548ecf1fbd,data/IOPS/KPI-da10a69f-d836-3baa-ad40-3e548ecf1fbd.test.out,12306,12309,3,22,test,KPI-da10a69f-d836-3baa-ad40-3e548ecf1fbd,
iops,KPI-da10a69f-d836-3baa-ad40-3e548ecf1fbd,data/IOPS/KPI-da10a69f-d836-3baa-ad40-3e548ecf1fbd.test.out,12564,12567,3,23,test,KPI-da10a69f-d836-3baa-ad40-3e548ecf1fbd,
iops,KPI-da10a69f-d836-3baa-ad40-3e548ecf1fbd,data/IOPS/KPI-da10a69f-d836-3baa-ad40-3e548ecf1fbd.test.out,13642,13645,3,24,test,KPI-da10a69f-d836-3baa-ad40-3e548ecf1fbd,
iops,KPI-da10a69f-d836-3baa-ad40-3e548ecf1fbd,data/IOPS/KPI-da10a69f-d836-3baa-ad40-3e548ecf1fbd.test.out,14565,14576,11,25,test,KPI-da10a69f-d836-3baa-ad40-3e548ecf1fbd,
iops,KPI-da10a69f-d836-3baa-ad40-3e548ecf1fbd,data/IOPS/KPI-da10a69f-d836-3baa-ad40-3e548ecf1fbd.test.out,16602,16606,4,26,test,KPI-da10a69f-d836-3baa-ad40-3e548ecf1fbd,
iops,KPI-da10a69f-d836-3baa-ad40-3e548ecf1fbd,data/IOPS/KPI-da10a69f-d836-3baa-ad40-3e548ecf1fbd.test.out,16829,16832,3,27,test,KPI-da10a69f-d836-3baa-ad40-3e548ecf1fbd,
iops,KPI-da10a69f-d836-3baa-ad40-3e548ecf1fbd,data/IOPS/KPI-da10a69f-d836-3baa-ad40-3e548ecf1fbd.test.out,21274,21823,549,28,test,KPI-da10a69f-d836-3baa-ad40-3e548ecf1fbd,
iops,KPI-da10a69f-d836-3baa-ad40-3e548ecf1fbd,data/IOPS/KPI-da10a69f-d836-3baa-ad40-3e548ecf1fbd.test.out,23527,23530,3,29,test,KPI-da10a69f-d836-3baa-ad40-3e548ecf1fbd,
iops,KPI-da10a69f-d836-3baa-ad40-3e548ecf1fbd,data/IOPS/KPI-da10a69f-d836-3baa-ad40-3e548ecf1fbd.test.out,25014,25018,4,30,test,KPI-da10a69f-d836-3baa-ad40-3e548ecf1fbd,
iops,KPI-da10a69f-d836-3baa-ad40-3e548ecf1fbd,data/IOPS/KPI-da10a69f-d836-3baa-ad40-3e548ecf1fbd.test.out,27925,27936,11,31,test,KPI-da10a69f-d836-3baa-ad40-3e548ecf1fbd,
iops,KPI-da10a69f-d836-3baa-ad40-3e548ecf1fbd,data/IOPS/KPI-da10a69f-d836-3baa-ad40-3e548ecf1fbd.test.out,30202,30225,23,32,test,KPI-da10a69f-d836-3baa-ad40-3e548ecf1fbd,
iops,KPI-da10a69f-d836-3baa-ad40-3e548ecf1fbd,data/IOPS/KPI-da10a69f-d836-3baa-ad40-3e548ecf1fbd.test.out,30238,30333,95,33,test,KPI-da10a69f-d836-3baa-ad40-3e548ecf1fbd,
iops,KPI-da10a69f-d836-3baa-ad40-3e548ecf1fbd,data/IOPS/KPI-da10a69f-d836-3baa-ad40-3e548ecf1fbd.test.out,30355,30382,27,34,test,KPI-da10a69f-d836-3baa-ad40-3e548ecf1fbd,
iops,KPI-da10a69f-d836-3baa-ad40-3e548ecf1fbd,data/IOPS/KPI-da10a69f-d836-3baa-ad40-3e548ecf1fbd.test.out,31265,31291,26,35,test,KPI-da10a69f-d836-3baa-ad40-3e548ecf1fbd,
iops,KPI-da10a69f-d836-3baa-ad40-3e548ecf1fbd,data/IOPS/KPI-da10a69f-d836-3baa-ad40-3e548ecf1fbd.test.out,32184,32190,6,36,test,KPI-da10a69f-d836-3baa-ad40-3e548ecf1fbd,
iops,KPI-da10a69f-d836-3baa-ad40-3e548ecf1fbd,data/IOPS/KPI-da10a69f-d836-3baa-ad40-3e548ecf1fbd.test.out,34409,34474,65,37,test,KPI-da10a69f-d836-3baa-ad40-3e548ecf1fbd,
iops,KPI-da10a69f-d836-3baa-ad40-3e548ecf1fbd,data/IOPS/KPI-da10a69f-d836-3baa-ad40-3e548ecf1fbd.test.out,34976,34990,14,38,test,KPI-da10a69f-d836-3baa-ad40-3e548ecf1fbd,
iops,KPI-da10a69f-d836-3baa-ad40-3e548ecf1fbd,data/IOPS/KPI-da10a69f-d836-3baa-ad40-3e548ecf1fbd.test.out,35137,35140,3,39,test,KPI-da10a69f-d836-3baa-ad40-3e548ecf1fbd,
iops,KPI-da10a69f-d836-3baa-ad40-3e548ecf1fbd,data/IOPS/KPI-da10a69f-d836-3baa-ad40-3e548ecf1fbd.test.out,35294,35297,3,40,test,KPI-da10a69f-d836-3baa-ad40-3e548ecf1fbd,
iops,KPI-da10a69f-d836-3baa-ad40-3e548ecf1fbd,data/IOPS/KPI-da10a69f-d836-3baa-ad40-3e548ecf1fbd.test.out,35385,35391,6,41,test,KPI-da10a69f-d836-3baa-ad40-3e548ecf1fbd,
iops,KPI-da10a69f-d836-3baa-ad40-3e548ecf1fbd,data/IOPS/KPI-da10a69f-d836-3baa-ad40-3e548ecf1fbd.test.out,35427,35436,9,42,test,KPI-da10a69f-d836-3baa-ad40-3e548ecf1fbd,
iops,KPI-da10a69f-d836-3baa-ad40-3e548ecf1fbd,data/IOPS/KPI-da10a69f-d836-3baa-ad40-3e548ecf1fbd.test.out,35487,35497,10,43,test,KPI-da10a69f-d836-3baa-ad40-3e548ecf1fbd,
iops,KPI-da10a69f-d836-3baa-ad40-3e548ecf1fbd,data/IOPS/KPI-da10a69f-d836-3baa-ad40-3e548ecf1fbd.test.out,35718,35721,3,44,test,KPI-da10a69f-d836-3baa-ad40-3e548ecf1fbd,
iops,KPI-da10a69f-d836-3baa-ad40-3e548ecf1fbd,data/IOPS/KPI-da10a69f-d836-3baa-ad40-3e548ecf1fbd.test.out,35724,35732,8,45,test,KPI-da10a69f-d836-3baa-ad40-3e548ecf1fbd,
iops,KPI-da10a69f-d836-3baa-ad40-3e548ecf1fbd,data/IOPS/KPI-da10a69f-d836-3baa-ad40-3e548ecf1fbd.test.out,39618,39653,35,46,test,KPI-da10a69f-d836-3baa-ad40-3e548ecf1fbd,
iops,KPI-da10a69f-d836-3baa-ad40-3e548ecf1fbd,data/IOPS/KPI-da10a69f-d836-3baa-ad40-3e548ecf1fbd.test.out,41314,41865,551,47,test,KPI-da10a69f-d836-3baa-ad40-3e548ecf1fbd,
iops,KPI-da10a69f-d836-3baa-ad40-3e548ecf1fbd,data/IOPS/KPI-da10a69f-d836-3baa-ad40-3e548ecf1fbd.test.out,42247,43368,1121,48,test,KPI-da10a69f-d836-3baa-ad40-3e548ecf1fbd,
iops,KPI-da10a69f-d836-3baa-ad40-3e548ecf1fbd,data/IOPS/KPI-da10a69f-d836-3baa-ad40-3e548ecf1fbd.test.out,44529,45206,677,49,test,KPI-da10a69f-d836-3baa-ad40-3e548ecf1fbd,
iops,KPI-da10a69f-d836-3baa-ad40-3e548ecf1fbd,data/IOPS/KPI-da10a69f-d836-3baa-ad40-3e548ecf1fbd.test.out,46323,46877,554,50,test,KPI-da10a69f-d836-3baa-ad40-3e548ecf1fbd,
iops,KPI-da10a69f-d836-3baa-ad40-3e548ecf1fbd,data/IOPS/KPI-da10a69f-d836-3baa-ad40-3e548ecf1fbd.test.out,47965,47991,26,51,test,KPI-da10a69f-d836-3baa-ad40-3e548ecf1fbd,
iops,KPI-da10a69f-d836-3baa-ad40-3e548ecf1fbd,data/IOPS/KPI-da10a69f-d836-3baa-ad40-3e548ecf1fbd.test.out,49634,49662,28,52,test,KPI-da10a69f-d836-3baa-ad40-3e548ecf1fbd,
iops,KPI-da10a69f-d836-3baa-ad40-3e548ecf1fbd,data/IOPS/KPI-da10a69f-d836-3baa-ad40-3e548ecf1fbd.test.out,58007,58651,644,53,test,KPI-da10a69f-d836-3baa-ad40-3e548ecf1fbd,
iops,KPI-da10a69f-d836-3baa-ad40-3e548ecf1fbd,data/IOPS/KPI-da10a69f-d836-3baa-ad40-3e548ecf1fbd.test.out,66365,66916,551,54,test,KPI-da10a69f-d836-3baa-ad40-3e548ecf1fbd,
iops,KPI-da10a69f-d836-3baa-ad40-3e548ecf1fbd,data/IOPS/KPI-da10a69f-d836-3baa-ad40-3e548ecf1fbd.test.out,66943,66953,10,55,test,KPI-da10a69f-d836-3baa-ad40-3e548ecf1fbd,
iops,KPI-da10a69f-d836-3baa-ad40-3e548ecf1fbd,data/IOPS/KPI-da10a69f-d836-3baa-ad40-3e548ecf1fbd.test.out,67185,67307,122,56,test,KPI-da10a69f-d836-3baa-ad40-3e548ecf1fbd,
iops,KPI-da10a69f-d836-3baa-ad40-3e548ecf1fbd,data/IOPS/KPI-da10a69f-d836-3baa-ad40-3e548ecf1fbd.test.out,67316,67367,51,57,test,KPI-da10a69f-d836-3baa-ad40-3e548ecf1fbd,
iops,KPI-da10a69f-d836-3baa-ad40-3e548ecf1fbd,data/IOPS/KPI-da10a69f-d836-3baa-ad40-3e548ecf1fbd.test.out,67564,67571,7,58,test,KPI-da10a69f-d836-3baa-ad40-3e548ecf1fbd,
iops,KPI-da10a69f-d836-3baa-ad40-3e548ecf1fbd,data/IOPS/KPI-da10a69f-d836-3baa-ad40-3e548ecf1fbd.test.out,67625,67633,8,59,test,KPI-da10a69f-d836-3baa-ad40-3e548ecf1fbd,
iops,KPI-da10a69f-d836-3baa-ad40-3e548ecf1fbd,data/IOPS/KPI-da10a69f-d836-3baa-ad40-3e548ecf1fbd.test.out,67651,67660,9,60,test,KPI-da10a69f-d836-3baa-ad40-3e548ecf1fbd,
iops,KPI-da10a69f-d836-3baa-ad40-3e548ecf1fbd,data/IOPS/KPI-da10a69f-d836-3baa-ad40-3e548ecf1fbd.test.out,68035,68751,716,61,test,KPI-da10a69f-d836-3baa-ad40-3e548ecf1fbd,
iops,KPI-da10a69f-d836-3baa-ad40-3e548ecf1fbd,data/IOPS/KPI-da10a69f-d836-3baa-ad40-3e548ecf1fbd.test.out,69678,69715,37,62,test,KPI-da10a69f-d836-3baa-ad40-3e548ecf1fbd,
iops,KPI-da10a69f-d836-3baa-ad40-3e548ecf1fbd,data/IOPS/KPI-da10a69f-d836-3baa-ad40-3e548ecf1fbd.test.out,71476,71545,69,63,test,KPI-da10a69f-d836-3baa-ad40-3e548ecf1fbd,
iops,KPI-da10a69f-d836-3baa-ad40-3e548ecf1fbd,data/IOPS/KPI-da10a69f-d836-3baa-ad40-3e548ecf1fbd.test.out,73780,73800,20,64,test,KPI-da10a69f-d836-3baa-ad40-3e548ecf1fbd,
iops,KPI-da10a69f-d836-3baa-ad40-3e548ecf1fbd,data/IOPS/KPI-da10a69f-d836-3baa-ad40-3e548ecf1fbd.test.out,76383,76937,554,65,test,KPI-da10a69f-d836-3baa-ad40-3e548ecf1fbd,
iops,KPI-da10a69f-d836-3baa-ad40-3e548ecf1fbd,data/IOPS/KPI-da10a69f-d836-3baa-ad40-3e548ecf1fbd.test.out,78034,78048,14,66,test,KPI-da10a69f-d836-3baa-ad40-3e548ecf1fbd,
iops,KPI-da10a69f-d836-3baa-ad40-3e548ecf1fbd,data/IOPS/KPI-da10a69f-d836-3baa-ad40-3e548ecf1fbd.test.out,86368,86415,47,67,test,KPI-da10a69f-d836-3baa-ad40-3e548ecf1fbd,
iops,KPI-da10a69f-d836-3baa-ad40-3e548ecf1fbd,data/IOPS/KPI-da10a69f-d836-3baa-ad40-3e548ecf1fbd.test.out,89744,90295,551,68,test,KPI-da10a69f-d836-3baa-ad40-3e548ecf1fbd,
iops,KPI-da10a69f-d836-3baa-ad40-3e548ecf1fbd,data/IOPS/KPI-da10a69f-d836-3baa-ad40-3e548ecf1fbd.test.out,91059,91062,3,69,test,KPI-da10a69f-d836-3baa-ad40-3e548ecf1fbd,
iops,KPI-da10a69f-d836-3baa-ad40-3e548ecf1fbd,data/IOPS/KPI-da10a69f-d836-3baa-ad40-3e548ecf1fbd.test.out,94866,95306,440,70,test,KPI-da10a69f-d836-3baa-ad40-3e548ecf1fbd,
iops,KPI-da10a69f-d836-3baa-ad40-3e548ecf1fbd,data/IOPS/KPI-da10a69f-d836-3baa-ad40-3e548ecf1fbd.test.out,95409,95413,4,71,test,KPI-da10a69f-d836-3baa-ad40-3e548ecf1fbd,
iops,KPI-da10a69f-d836-3baa-ad40-3e548ecf1fbd,data/IOPS/KPI-da10a69f-d836-3baa-ad40-3e548ecf1fbd.test.out,96753,96976,223,72,test,KPI-da10a69f-d836-3baa-ad40-3e548ecf1fbd,
iops,KPI-da10a69f-d836-3baa-ad40-3e548ecf1fbd,data/IOPS/KPI-da10a69f-d836-3baa-ad40-3e548ecf1fbd.test.out,99735,99747,12,73,test,KPI-da10a69f-d836-3baa-ad40-3e548ecf1fbd,
iops,KPI-da10a69f-d836-3baa-ad40-3e548ecf1fbd,data/IOPS/KPI-da10a69f-d836-3baa-ad40-3e548ecf1fbd.test.out,103065,103656,591,74,test,KPI-da10a69f-d836-3baa-ad40-3e548ecf1fbd,
iops,KPI-da10a69f-d836-3baa-ad40-3e548ecf1fbd,data/IOPS/KPI-da10a69f-d836-3baa-ad40-3e548ecf1fbd.test.out,106319,106322,3,75,test,KPI-da10a69f-d836-3baa-ad40-3e548ecf1fbd,
iops,KPI-da10a69f-d836-3baa-ad40-3e548ecf1fbd,data/IOPS/KPI-da10a69f-d836-3baa-ad40-3e548ecf1fbd.test.out,106415,106426,11,76,test,KPI-da10a69f-d836-3baa-ad40-3e548ecf1fbd,
iops,KPI-da10a69f-d836-3baa-ad40-3e548ecf1fbd,data/IOPS/KPI-da10a69f-d836-3baa-ad40-3e548ecf1fbd.test.out,106534,106537,3,77,test,KPI-da10a69f-d836-3baa-ad40-3e548ecf1fbd,
iops,KPI-e0747cad-8dc8-38a9-a9ab-855b61f5551d,data/IOPS/KPI-e0747cad-8dc8-38a9-a9ab-855b61f5551d.test.out,341,344,3,1,test,KPI-e0747cad-8dc8-38a9-a9ab-855b61f5551d,
iops,KPI-e0747cad-8dc8-38a9-a9ab-855b61f5551d,data/IOPS/KPI-e0747cad-8dc8-38a9-a9ab-855b61f5551d.test.out,1597,1644,47,2,test,KPI-e0747cad-8dc8-38a9-a9ab-855b61f5551d,
iops,KPI-e0747cad-8dc8-38a9-a9ab-855b61f5551d,data/IOPS/KPI-e0747cad-8dc8-38a9-a9ab-855b61f5551d.test.out,1671,1687,16,3,test,KPI-e0747cad-8dc8-38a9-a9ab-855b61f5551d,
iops,KPI-e0747cad-8dc8-38a9-a9ab-855b61f5551d,data/IOPS/KPI-e0747cad-8dc8-38a9-a9ab-855b61f5551d.test.out,2037,2063,26,4,test,KPI-e0747cad-8dc8-38a9-a9ab-855b61f5551d,
iops,KPI-e0747cad-8dc8-38a9-a9ab-855b61f5551d,data/IOPS/KPI-e0747cad-8dc8-38a9-a9ab-855b61f5551d.test.out,2985,2990,5,5,test,KPI-e0747cad-8dc8-38a9-a9ab-855b61f5551d,
iops,KPI-e0747cad-8dc8-38a9-a9ab-855b61f5551d,data/IOPS/KPI-e0747cad-8dc8-38a9-a9ab-855b61f5551d.test.out,3493,3498,5,6,test,KPI-e0747cad-8dc8-38a9-a9ab-855b61f5551d,
iops,KPI-e0747cad-8dc8-38a9-a9ab-855b61f5551d,data/IOPS/KPI-e0747cad-8dc8-38a9-a9ab-855b61f5551d.test.out,4116,4120,4,7,test,KPI-e0747cad-8dc8-38a9-a9ab-855b61f5551d,
iops,KPI-e0747cad-8dc8-38a9-a9ab-855b61f5551d,data/IOPS/KPI-e0747cad-8dc8-38a9-a9ab-855b61f5551d.test.out,4969,4972,3,8,test,KPI-e0747cad-8dc8-38a9-a9ab-855b61f5551d,
iops,KPI-e0747cad-8dc8-38a9-a9ab-855b61f5551d,data/IOPS/KPI-e0747cad-8dc8-38a9-a9ab-855b61f5551d.test.out,6166,6170,4,9,test,KPI-e0747cad-8dc8-38a9-a9ab-855b61f5551d,
iops,KPI-e0747cad-8dc8-38a9-a9ab-855b61f5551d,data/IOPS/KPI-e0747cad-8dc8-38a9-a9ab-855b61f5551d.test.out,7411,7414,3,10,test,KPI-e0747cad-8dc8-38a9-a9ab-855b61f5551d,
iops,KPI-f0932edd-6400-3e63-9559-0a9860a1baa9,data/IOPS/KPI-f0932edd-6400-3e63-9559-0a9860a1baa9.test.out,3264,3282,18,1,test,KPI-f0932edd-6400-3e63-9559-0a9860a1baa9,
iops,KPI-f0932edd-6400-3e63-9559-0a9860a1baa9,data/IOPS/KPI-f0932edd-6400-3e63-9559-0a9860a1baa9.test.out,11060,11063,3,2,test,KPI-f0932edd-6400-3e63-9559-0a9860a1baa9,
iops,KPI-f0932edd-6400-3e63-9559-0a9860a1baa9,data/IOPS/KPI-f0932edd-6400-3e63-9559-0a9860a1baa9.test.out,11514,11534,20,3,test,KPI-f0932edd-6400-3e63-9559-0a9860a1baa9,
iops,KPI-f0932edd-6400-3e63-9559-0a9860a1baa9,data/IOPS/KPI-f0932edd-6400-3e63-9559-0a9860a1baa9.test.out,12985,12996,11,4,test,KPI-f0932edd-6400-3e63-9559-0a9860a1baa9,
iops,KPI-f0932edd-6400-3e63-9559-0a9860a1baa9,data/IOPS/KPI-f0932edd-6400-3e63-9559-0a9860a1baa9.test.out,15054,15070,16,5,test,KPI-f0932edd-6400-3e63-9559-0a9860a1baa9,
iops,KPI-f0932edd-6400-3e63-9559-0a9860a1baa9,data/IOPS/KPI-f0932edd-6400-3e63-9559-0a9860a1baa9.test.out,30284,30308,24,6,test,KPI-f0932edd-6400-3e63-9559-0a9860a1baa9,
iops,KPI-f0932edd-6400-3e63-9559-0a9860a1baa9,data/IOPS/KPI-f0932edd-6400-3e63-9559-0a9860a1baa9.test.out,34541,34557,16,7,test,KPI-f0932edd-6400-3e63-9559-0a9860a1baa9,
iops,KPI-f0932edd-6400-3e63-9559-0a9860a1baa9,data/IOPS/KPI-f0932edd-6400-3e63-9559-0a9860a1baa9.test.out,39534,40377,843,8,test,KPI-f0932edd-6400-3e63-9559-0a9860a1baa9,
iops,KPI-f0932edd-6400-3e63-9559-0a9860a1baa9,data/IOPS/KPI-f0932edd-6400-3e63-9559-0a9860a1baa9.test.out,42785,42973,188,9,test,KPI-f0932edd-6400-3e63-9559-0a9860a1baa9,
iops,KPI-f0932edd-6400-3e63-9559-0a9860a1baa9,data/IOPS/KPI-f0932edd-6400-3e63-9559-0a9860a1baa9.test.out,44379,44382,3,10,test,KPI-f0932edd-6400-3e63-9559-0a9860a1baa9,
iops,KPI-f0932edd-6400-3e63-9559-0a9860a1baa9,data/IOPS/KPI-f0932edd-6400-3e63-9559-0a9860a1baa9.test.out,49761,49772,11,11,test,KPI-f0932edd-6400-3e63-9559-0a9860a1baa9,
iops,KPI-f0932edd-6400-3e63-9559-0a9860a1baa9,data/IOPS/KPI-f0932edd-6400-3e63-9559-0a9860a1baa9.test.out,49854,49883,29,12,test,KPI-f0932edd-6400-3e63-9559-0a9860a1baa9,
iops,KPI-f0932edd-6400-3e63-9559-0a9860a1baa9,data/IOPS/KPI-f0932edd-6400-3e63-9559-0a9860a1baa9.test.out,51634,51637,3,13,test,KPI-f0932edd-6400-3e63-9559-0a9860a1baa9,
iops,KPI-f0932edd-6400-3e63-9559-0a9860a1baa9,data/IOPS/KPI-f0932edd-6400-3e63-9559-0a9860a1baa9.test.out,51703,51706,3,14,test,KPI-f0932edd-6400-3e63-9559-0a9860a1baa9,
iops,KPI-f0932edd-6400-3e63-9559-0a9860a1baa9,data/IOPS/KPI-f0932edd-6400-3e63-9559-0a9860a1baa9.test.out,62445,62463,18,15,test,KPI-f0932edd-6400-3e63-9559-0a9860a1baa9,
iops,KPI-f0932edd-6400-3e63-9559-0a9860a1baa9,data/IOPS/KPI-f0932edd-6400-3e63-9559-0a9860a1baa9.test.out,62692,62725,33,16,test,KPI-f0932edd-6400-3e63-9559-0a9860a1baa9,
iops,KPI-f0932edd-6400-3e63-9559-0a9860a1baa9,data/IOPS/KPI-f0932edd-6400-3e63-9559-0a9860a1baa9.test.out,62962,62975,13,17,test,KPI-f0932edd-6400-3e63-9559-0a9860a1baa9,
iops,KPI-f0932edd-6400-3e63-9559-0a9860a1baa9,data/IOPS/KPI-f0932edd-6400-3e63-9559-0a9860a1baa9.test.out,63771,63777,6,18,test,KPI-f0932edd-6400-3e63-9559-0a9860a1baa9,
iops,KPI-f0932edd-6400-3e63-9559-0a9860a1baa9,data/IOPS/KPI-f0932edd-6400-3e63-9559-0a9860a1baa9.test.out,68889,68893,4,19,test,KPI-f0932edd-6400-3e63-9559-0a9860a1baa9,
iops,KPI-f0932edd-6400-3e63-9559-0a9860a1baa9,data/IOPS/KPI-f0932edd-6400-3e63-9559-0a9860a1baa9.test.out,69254,69272,18,20,test,KPI-f0932edd-6400-3e63-9559-0a9860a1baa9,
iops,KPI-f0932edd-6400-3e63-9559-0a9860a1baa9,data/IOPS/KPI-f0932edd-6400-3e63-9559-0a9860a1baa9.test.out,69273,69298,25,21,test,KPI-f0932edd-6400-3e63-9559-0a9860a1baa9,
iops,KPI-f0932edd-6400-3e63-9559-0a9860a1baa9,data/IOPS/KPI-f0932edd-6400-3e63-9559-0a9860a1baa9.test.out,69300,69315,15,22,test,KPI-f0932edd-6400-3e63-9559-0a9860a1baa9,
iops,KPI-f0932edd-6400-3e63-9559-0a9860a1baa9,data/IOPS/KPI-f0932edd-6400-3e63-9559-0a9860a1baa9.test.out,69330,69334,4,23,test,KPI-f0932edd-6400-3e63-9559-0a9860a1baa9,
iops,KPI-f0932edd-6400-3e63-9559-0a9860a1baa9,data/IOPS/KPI-f0932edd-6400-3e63-9559-0a9860a1baa9.test.out,69360,69363,3,24,test,KPI-f0932edd-6400-3e63-9559-0a9860a1baa9,
iops,KPI-f0932edd-6400-3e63-9559-0a9860a1baa9,data/IOPS/KPI-f0932edd-6400-3e63-9559-0a9860a1baa9.test.out,69434,69437,3,25,test,KPI-f0932edd-6400-3e63-9559-0a9860a1baa9,
iops,KPI-f0932edd-6400-3e63-9559-0a9860a1baa9,data/IOPS/KPI-f0932edd-6400-3e63-9559-0a9860a1baa9.test.out,69460,69464,4,26,test,KPI-f0932edd-6400-3e63-9559-0a9860a1baa9,
iops,KPI-f0932edd-6400-3e63-9559-0a9860a1baa9,data/IOPS/KPI-f0932edd-6400-3e63-9559-0a9860a1baa9.test.out,70073,70077,4,27,test,KPI-f0932edd-6400-3e63-9559-0a9860a1baa9,
iops,KPI-f0932edd-6400-3e63-9559-0a9860a1baa9,data/IOPS/KPI-f0932edd-6400-3e63-9559-0a9860a1baa9.test.out,70456,70462,6,28,test,KPI-f0932edd-6400-3e63-9559-0a9860a1baa9,
iops,KPI-f0932edd-6400-3e63-9559-0a9860a1baa9,data/IOPS/KPI-f0932edd-6400-3e63-9559-0a9860a1baa9.test.out,70559,70567,8,29,test,KPI-f0932edd-6400-3e63-9559-0a9860a1baa9,
iops,KPI-f0932edd-6400-3e63-9559-0a9860a1baa9,data/IOPS/KPI-f0932edd-6400-3e63-9559-0a9860a1baa9.test.out,71437,71440,3,30,test,KPI-f0932edd-6400-3e63-9559-0a9860a1baa9,
iops,KPI-f0932edd-6400-3e63-9559-0a9860a1baa9,data/IOPS/KPI-f0932edd-6400-3e63-9559-0a9860a1baa9.test.out,72235,72253,18,31,test,KPI-f0932edd-6400-3e63-9559-0a9860a1baa9,
iops,KPI-f0932edd-6400-3e63-9559-0a9860a1baa9,data/IOPS/KPI-f0932edd-6400-3e63-9559-0a9860a1baa9.test.out,75079,75224,145,32,test,KPI-f0932edd-6400-3e63-9559-0a9860a1baa9,
iops,KPI-f0932edd-6400-3e63-9559-0a9860a1baa9,data/IOPS/KPI-f0932edd-6400-3e63-9559-0a9860a1baa9.test.out,77593,77626,33,33,test,KPI-f0932edd-6400-3e63-9559-0a9860a1baa9,
iops,KPI-f0932edd-6400-3e63-9559-0a9860a1baa9,data/IOPS/KPI-f0932edd-6400-3e63-9559-0a9860a1baa9.test.out,78933,78936,3,34,test,KPI-f0932edd-6400-3e63-9559-0a9860a1baa9,
iops,KPI-f0932edd-6400-3e63-9559-0a9860a1baa9,data/IOPS/KPI-f0932edd-6400-3e63-9559-0a9860a1baa9.test.out,79286,79290,4,35,test,KPI-f0932edd-6400-3e63-9559-0a9860a1baa9,
iops,KPI-f0932edd-6400-3e63-9559-0a9860a1baa9,data/IOPS/KPI-f0932edd-6400-3e63-9559-0a9860a1baa9.test.out,84490,84495,5,36,test,KPI-f0932edd-6400-3e63-9559-0a9860a1baa9,
iops,KPI-f0932edd-6400-3e63-9559-0a9860a1baa9,data/IOPS/KPI-f0932edd-6400-3e63-9559-0a9860a1baa9.test.out,84662,84665,3,37,test,KPI-f0932edd-6400-3e63-9559-0a9860a1baa9,
iops,KPI-f0932edd-6400-3e63-9559-0a9860a1baa9,data/IOPS/KPI-f0932edd-6400-3e63-9559-0a9860a1baa9.test.out,84668,84672,4,38,test,KPI-f0932edd-6400-3e63-9559-0a9860a1baa9,
iops,KPI-f0932edd-6400-3e63-9559-0a9860a1baa9,data/IOPS/KPI-f0932edd-6400-3e63-9559-0a9860a1baa9.test.out,84809,84824,15,39,test,KPI-f0932edd-6400-3e63-9559-0a9860a1baa9,
iops,KPI-f0932edd-6400-3e63-9559-0a9860a1baa9,data/IOPS/KPI-f0932edd-6400-3e63-9559-0a9860a1baa9.test.out,84974,84993,19,40,test,KPI-f0932edd-6400-3e63-9559-0a9860a1baa9,
iops,KPI-f0932edd-6400-3e63-9559-0a9860a1baa9,data/IOPS/KPI-f0932edd-6400-3e63-9559-0a9860a1baa9.test.out,85752,85758,6,41,test,KPI-f0932edd-6400-3e63-9559-0a9860a1baa9,
iops,KPI-f0932edd-6400-3e63-9559-0a9860a1baa9,data/IOPS/KPI-f0932edd-6400-3e63-9559-0a9860a1baa9.test.out,87642,87663,21,42,test,KPI-f0932edd-6400-3e63-9559-0a9860a1baa9,
iops,KPI-f0932edd-6400-3e63-9559-0a9860a1baa9,data/IOPS/KPI-f0932edd-6400-3e63-9559-0a9860a1baa9.test.out,88076,88080,4,43,test,KPI-f0932edd-6400-3e63-9559-0a9860a1baa9,
iops,KPI-f0932edd-6400-3e63-9559-0a9860a1baa9,data/IOPS/KPI-f0932edd-6400-3e63-9559-0a9860a1baa9.test.out,88087,88090,3,44,test,KPI-f0932edd-6400-3e63-9559-0a9860a1baa9,
iops,KPI-f0932edd-6400-3e63-9559-0a9860a1baa9,data/IOPS/KPI-f0932edd-6400-3e63-9559-0a9860a1baa9.test.out,88222,88228,6,45,test,KPI-f0932edd-6400-3e63-9559-0a9860a1baa9,
iops,KPI-f0932edd-6400-3e63-9559-0a9860a1baa9,data/IOPS/KPI-f0932edd-6400-3e63-9559-0a9860a1baa9.test.out,94211,94221,10,46,test,KPI-f0932edd-6400-3e63-9559-0a9860a1baa9,
iops,KPI-f0932edd-6400-3e63-9559-0a9860a1baa9,data/IOPS/KPI-f0932edd-6400-3e63-9559-0a9860a1baa9.test.out,96244,96256,12,47,test,KPI-f0932edd-6400-3e63-9559-0a9860a1baa9,
iops,KPI-f0932edd-6400-3e63-9559-0a9860a1baa9,data/IOPS/KPI-f0932edd-6400-3e63-9559-0a9860a1baa9.test.out,97027,97030,3,48,test,KPI-f0932edd-6400-3e63-9559-0a9860a1baa9,
iops,KPI-f0932edd-6400-3e63-9559-0a9860a1baa9,data/IOPS/KPI-f0932edd-6400-3e63-9559-0a9860a1baa9.test.out,97097,97100,3,49,test,KPI-f0932edd-6400-3e63-9559-0a9860a1baa9,
iops,KPI-f0932edd-6400-3e63-9559-0a9860a1baa9,data/IOPS/KPI-f0932edd-6400-3e63-9559-0a9860a1baa9.test.out,97104,97107,3,50,test,KPI-f0932edd-6400-3e63-9559-0a9860a1baa9,
iops,KPI-f0932edd-6400-3e63-9559-0a9860a1baa9,data/IOPS/KPI-f0932edd-6400-3e63-9559-0a9860a1baa9.test.out,97195,97198,3,51,test,KPI-f0932edd-6400-3e63-9559-0a9860a1baa9,
iops,KPI-f0932edd-6400-3e63-9559-0a9860a1baa9,data/IOPS/KPI-f0932edd-6400-3e63-9559-0a9860a1baa9.test.out,97224,97228,4,52,test,KPI-f0932edd-6400-3e63-9559-0a9860a1baa9,
iops,KPI-f0932edd-6400-3e63-9559-0a9860a1baa9,data/IOPS/KPI-f0932edd-6400-3e63-9559-0a9860a1baa9.test.out,97243,97246,3,53,test,KPI-f0932edd-6400-3e63-9559-0a9860a1baa9,
iops,KPI-f0932edd-6400-3e63-9559-0a9860a1baa9,data/IOPS/KPI-f0932edd-6400-3e63-9559-0a9860a1baa9.test.out,103232,103235,3,54,test,KPI-f0932edd-6400-3e63-9559-0a9860a1baa9,
iops,KPI-f0932edd-6400-3e63-9559-0a9860a1baa9,data/IOPS/KPI-f0932edd-6400-3e63-9559-0a9860a1baa9.test.out,103261,103264,3,55,test,KPI-f0932edd-6400-3e63-9559-0a9860a1baa9,
iops,KPI-f0932edd-6400-3e63-9559-0a9860a1baa9,data/IOPS/KPI-f0932edd-6400-3e63-9559-0a9860a1baa9.test.out,103287,103293,6,56,test,KPI-f0932edd-6400-3e63-9559-0a9860a1baa9,
iops,KPI-f0932edd-6400-3e63-9559-0a9860a1baa9,data/IOPS/KPI-f0932edd-6400-3e63-9559-0a9860a1baa9.test.out,103737,103868,131,57,test,KPI-f0932edd-6400-3e63-9559-0a9860a1baa9,
iops,KPI-f0932edd-6400-3e63-9559-0a9860a1baa9,data/IOPS/KPI-f0932edd-6400-3e63-9559-0a9860a1baa9.test.out,104555,104559,4,58,test,KPI-f0932edd-6400-3e63-9559-0a9860a1baa9,
iops,KPI-f0932edd-6400-3e63-9559-0a9860a1baa9,data/IOPS/KPI-f0932edd-6400-3e63-9559-0a9860a1baa9.test.out,105703,105706,3,59,test,KPI-f0932edd-6400-3e63-9559-0a9860a1baa9,
iops,KPI-f0932edd-6400-3e63-9559-0a9860a1baa9,data/IOPS/KPI-f0932edd-6400-3e63-9559-0a9860a1baa9.test.out,107216,107298,82,60,test,KPI-f0932edd-6400-3e63-9559-0a9860a1baa9,
iops,KPI-f0932edd-6400-3e63-9559-0a9860a1baa9,data/IOPS/KPI-f0932edd-6400-3e63-9559-0a9860a1baa9.test.out,108088,109013,925,61,test,KPI-f0932edd-6400-3e63-9559-0a9860a1baa9,
iops,KPI-ffb82d38-5f00-37db-abc0-5d2e4e4cb6aa,data/IOPS/KPI-ffb82d38-5f00-37db-abc0-5d2e4e4cb6aa.test.out,11804,11818,14,1,test,KPI-ffb82d38-5f00-37db-abc0-5d2e4e4cb6aa,
iops,KPI-ffb82d38-5f00-37db-abc0-5d2e4e4cb6aa,data/IOPS/KPI-ffb82d38-5f00-37db-abc0-5d2e4e4cb6aa.test.out,39450,40297,847,2,test,KPI-ffb82d38-5f00-37db-abc0-5d2e4e4cb6aa,
iops,KPI-ffb82d38-5f00-37db-abc0-5d2e4e4cb6aa,data/IOPS/KPI-ffb82d38-5f00-37db-abc0-5d2e4e4cb6aa.test.out,42723,42745,22,3,test,KPI-ffb82d38-5f00-37db-abc0-5d2e4e4cb6aa,
iops,KPI-ffb82d38-5f00-37db-abc0-5d2e4e4cb6aa,data/IOPS/KPI-ffb82d38-5f00-37db-abc0-5d2e4e4cb6aa.test.out,42774,42785,11,4,test,KPI-ffb82d38-5f00-37db-abc0-5d2e4e4cb6aa,
iops,KPI-ffb82d38-5f00-37db-abc0-5d2e4e4cb6aa,data/IOPS/KPI-ffb82d38-5f00-37db-abc0-5d2e4e4cb6aa.test.out,44295,44300,5,5,test,KPI-ffb82d38-5f00-37db-abc0-5d2e4e4cb6aa,
iops,KPI-ffb82d38-5f00-37db-abc0-5d2e4e4cb6aa,data/IOPS/KPI-ffb82d38-5f00-37db-abc0-5d2e4e4cb6aa.test.out,45106,45109,3,6,test,KPI-ffb82d38-5f00-37db-abc0-5d2e4e4cb6aa,
iops,KPI-ffb82d38-5f00-37db-abc0-5d2e4e4cb6aa,data/IOPS/KPI-ffb82d38-5f00-37db-abc0-5d2e4e4cb6aa.test.out,52211,52255,44,7,test,KPI-ffb82d38-5f00-37db-abc0-5d2e4e4cb6aa,
iops,KPI-ffb82d38-5f00-37db-abc0-5d2e4e4cb6aa,data/IOPS/KPI-ffb82d38-5f00-37db-abc0-5d2e4e4cb6aa.test.out,62716,62719,3,8,test,KPI-ffb82d38-5f00-37db-abc0-5d2e4e4cb6aa,
iops,KPI-ffb82d38-5f00-37db-abc0-5d2e4e4cb6aa,data/IOPS/KPI-ffb82d38-5f00-37db-abc0-5d2e4e4cb6aa.test.out,62801,63325,524,9,test,KPI-ffb82d38-5f00-37db-abc0-5d2e4e4cb6aa,
iops,KPI-ffb82d38-5f00-37db-abc0-5d2e4e4cb6aa,data/IOPS/KPI-ffb82d38-5f00-37db-abc0-5d2e4e4cb6aa.test.out,68153,68157,4,10,test,KPI-ffb82d38-5f00-37db-abc0-5d2e4e4cb6aa,
iops,KPI-ffb82d38-5f00-37db-abc0-5d2e4e4cb6aa,data/IOPS/KPI-ffb82d38-5f00-37db-abc0-5d2e4e4cb6aa.test.out,68890,69051,161,11,test,KPI-ffb82d38-5f00-37db-abc0-5d2e4e4cb6aa,
iops,KPI-ffb82d38-5f00-37db-abc0-5d2e4e4cb6aa,data/IOPS/KPI-ffb82d38-5f00-37db-abc0-5d2e4e4cb6aa.test.out,84166,84179,13,12,test,KPI-ffb82d38-5f00-37db-abc0-5d2e4e4cb6aa,
iops,KPI-ffb82d38-5f00-37db-abc0-5d2e4e4cb6aa,data/IOPS/KPI-ffb82d38-5f00-37db-abc0-5d2e4e4cb6aa.test.out,84489,84509,20,13,test,KPI-ffb82d38-5f00-37db-abc0-5d2e4e4cb6aa,
iops,KPI-ffb82d38-5f00-37db-abc0-5d2e4e4cb6aa,data/IOPS/KPI-ffb82d38-5f00-37db-abc0-5d2e4e4cb6aa.test.out,85223,85228,5,14,test,KPI-ffb82d38-5f00-37db-abc0-5d2e4e4cb6aa,
iops,KPI-ffb82d38-5f00-37db-abc0-5d2e4e4cb6aa,data/IOPS/KPI-ffb82d38-5f00-37db-abc0-5d2e4e4cb6aa.test.out,85754,85768,14,15,test,KPI-ffb82d38-5f00-37db-abc0-5d2e4e4cb6aa,
iops,KPI-ffb82d38-5f00-37db-abc0-5d2e4e4cb6aa,data/IOPS/KPI-ffb82d38-5f00-37db-abc0-5d2e4e4cb6aa.test.out,87093,87104,11,16,test,KPI-ffb82d38-5f00-37db-abc0-5d2e4e4cb6aa,
iops,KPI-ffb82d38-5f00-37db-abc0-5d2e4e4cb6aa,data/IOPS/KPI-ffb82d38-5f00-37db-abc0-5d2e4e4cb6aa.test.out,87653,87662,9,17,test,KPI-ffb82d38-5f00-37db-abc0-5d2e4e4cb6aa,
iops,KPI-ffb82d38-5f00-37db-abc0-5d2e4e4cb6aa,data/IOPS/KPI-ffb82d38-5f00-37db-abc0-5d2e4e4cb6aa.test.out,97260,97263,3,18,test,KPI-ffb82d38-5f00-37db-abc0-5d2e4e4cb6aa,
iops,KPI-ffb82d38-5f00-37db-abc0-5d2e4e4cb6aa,data/IOPS/KPI-ffb82d38-5f00-37db-abc0-5d2e4e4cb6aa.test.out,99075,99113,38,19,test,KPI-ffb82d38-5f00-37db-abc0-5d2e4e4cb6aa,
iops,KPI-ffb82d38-5f00-37db-abc0-5d2e4e4cb6aa,data/IOPS/KPI-ffb82d38-5f00-37db-abc0-5d2e4e4cb6aa.test.out,106303,106395,92,20,test,KPI-ffb82d38-5f00-37db-abc0-5d2e4e4cb6aa,
iops,KPI-ffb82d38-5f00-37db-abc0-5d2e4e4cb6aa,data/IOPS/KPI-ffb82d38-5f00-37db-abc0-5d2e4e4cb6aa.test.out,107174,108186,1012,21,test,KPI-ffb82d38-5f00-37db-abc0-5d2e4e4cb6aa,
swat,merged.csv,data/SWaT/merged.csv,1387098,1441719,54621,1,test,merged.csv,
